276,9780143039433,The Grapes of Wrath,John Steinbeck,1939,Penguin Classics,1,12,9,"John Steinbeck’s Pulitzer Prize-winning epic of the Great Depression tracks the Joad family’s grueling journey from the dust-choked plains of Oklahoma to the promised land of California. It is a searing portrait of the conflict between the powerful and the powerless, capturing the resilience of the human spirit and the dignity of the oppressed. Through the struggles of Tom Joad, Steinbeck explores the profound social injustices of an era and the necessity of collective strength in the face of relentless economic hardship."
281,9780684801223,The Old Man and the Sea,Ernest Hemingway,1952,Scribner,1,20,18,"Ernest Hemingway’s Nobel Prize-winning novella is a masterclass in narrative economy and symbolic depth. It tells the story of Santiago, an aging Cuban fisherman who has gone eighty-four days without a catch. When he finally hooks a giant marlin far out in the Gulf Stream, a titanic three-day struggle ensues. The book is a profound meditation on courage, endurance, and the nobility of the struggle itself, culminating in the iconic line: ""A man can be destroyed but not defeated."""
300,9780393038910,The Blind Watchmaker,Richard Dawkins,1986,W. W. Norton,3,9,6,"Richard Dawkins provides a powerful defense of the theory of evolution by natural selection. He addresses the famous ""argument from design"" (the watchmaker analogy) by showing how complex biological structures can emerge through a series of small, cumulative, and unguided steps. Using computer simulations and biological evidence, Dawkins explains how the ""blind"" forces of nature can create the illusion of design, making it a foundational text for understanding the mechanistic beauty of life on Earth."
278,9780345339706,The Fellowship of the Ring,J.R.R. Tolkien,1954,Del Rey,1,18,14,"The first part of J.R.R. Tolkien's epic trilogy introduces us to the peaceful Shire and the unassuming hobbit Frodo Baggins. Upon inheriting a mysterious ring from his uncle Bilbo, Frodo learns of its dark origin and the absolute necessity of its destruction. The journey leads him to Rivendell, where the Fellowship is formed—a diverse group of hobbits, men, an elf, a dwarf, and the wizard Gandalf. It is a timeless story of courage in the face of overwhelming shadow, exploring the bonds of friendship and the high price of resisting ancient evil."
275,9780679720201,The Stranger,Albert Camus,1942,Vintage,1,15,12,"Albert Camus's existentialist classic tells the story of Meursault, a detached and emotionally indifferent French Algerian who, after attending his mother's funeral, senselessly kills an Arab man on a beach. The novel follows his trial and imprisonment, focusing not on the crime itself, but on Meursault's refusal to conform to societal expectations of grief and morality. It is a profound exploration of the ""absurd""—the conflict between the human search for meaning and the silent, meaningless universe."
266,9780345539434,Cosmos,Carl Sagan,1980,Ballantine Books,3,12,10,"Carl Sagan's ""Cosmos"" is one of the most successful science books of all time, utilizing poetic prose to explore 15 billion years of cosmic evolution. Sagan weaves together the stories of great scientists, the origins of life, and the vast scales of space and time. He advocates for the scientific method as a ""candle in the dark"" and emphasizes our responsibility as ""a way for the cosmos to know itself,"" encouraging humanity to look toward the stars with both curiosity and humility."
264,9780521243339,The Cambridge History of China,Denis C. Twitchett,1986,Cambridge University Press,2,5,3,"Edited by Denis Twitchett and John K. Fairbank, this monumental series is the most prestigious and comprehensive English-language history of China. This specific volume provides a deep analysis of the political, social, and economic structures of the era, drawing on the latest archaeological and archival research. It is an indispensable resource for scholars and students alike, offering a rigorous, multi-faceted perspective on the evolution of Chinese civilization across millennia."
262,9780099590088,Sapiens: A Brief History of Humankind,Yuval Noah Harari,2011,Vintage,2,25,20,"In ""Sapiens: A Brief History of Humankind,"" Yuval Noah Harari takes us on a breathtaking journey through the entire span of human history. He challenges everything we thought we knew about being human: our thoughts, our actions, our power... and our future. Harari explores how the Cognitive Revolution, the Agricultural Revolution, and the Scientific Revolution shaped us and the societies around us. He argues that Homo Sapiens dominates the world because we are the only animal that can cooperate flexibly in large numbers, thanks to our unique ability to believe in things that exist only in our imagination, such as gods, nations, and money."
270,9780132350884,Clean Code,Robert C. Martin,2008,Prentice Hall,5,30,25,"""Clean Code: A Handbook of Agile Software Craftsmanship"" is a must-read for any software engineer, developer, or student who wants to elevate their craft. Robert C. Martin (Uncle Bob) breaks down the principles of writing code that is not just functional, but elegant and maintainable. The book is divided into three parts: the first describes principles, patterns, and practices of writing clean code; the second consists of several case studies of increasing complexity where code is transformed and cleaned; and the third is a list of heuristics and ""smells"" gathered while creating the case studies. It is the ultimate guide to thinking like a professional developer."
243,9780812513738,"The Shadow Rising (The Wheel of Time, Book 4)",Robert Jordan,1992,Tor Books,1,7,5,"The Shadow Rising is often considered the turning point of the series. Rand al'Thor leads the Aiel across the Waste, uncovering the true, hidden history of their people and cementing his role as the Car'a'carn. Simultaneously, the White Tower is fractured by a violent coup, Perrin Aybara returns to the Two Rivers to lead a desperate defense against the Shadowspawn, and the Black Ajah's schemes are finally brought to light. It is an expansive masterpiece that explores themes of cultural heritage, leadership, and the heavy price of duty."
255,9780618640195,The Lord of the Rings,J.R.R. Tolkien,1954,Houghton Mifflin Harcourt,1,15,11,"J.R.R. Tolkien's definitive masterpiece of high fantasy is a sprawling tale of the eternal struggle between good and evil. The story follows the journey of the One Ring, forged by the Dark Lord Sauron, as it falls into the hands of the unlikely hero Frodo Baggins. Accompanied by a diverse fellowship of men, elves, dwarves, and a wizard, Frodo must travel across the perilous landscapes of Middle-earth to the fires of Mount Doom. It is a profound exploration of friendship, sacrifice, and the corrupting nature of power, setting the gold standard for all modern fantasy literature."
258,9780141439518,Pride and Prejudice,Jane Austen,1813,Penguin Classics,1,13,10,"Jane Austen's beloved ""comedy of manners"" remains one of the most popular novels in English literature. Set in the rural society of Regency England, it follows the spirited Elizabeth Bennet as she navigates the complex social hierarchies of her time. The heart of the story lies in her evolving relationship with the wealthy but aloof Fitzwilliam Darcy. Austen uses sharp wit and keen social observation to critique the marriage markets of the 19th century, while telling a timeless story about the dangers of hasty judgments and the triumph of self-awareness over social prejudice."
274,9780142437230,Don Quixote,Miguel de Cervantes,1605,Penguin Classics,1,10,8,"Often cited as the first modern novel, Miguel de Cervantes' masterpiece tells the tragicomic story of Alonso Quijano, a Spanish noble who loses his mind from reading too many chivalric romances. Rebranding himself as ""Don Quixote de la Mancha,"" he sets out on a rusted horse with his faithful squire, Sancho Panza, to revive knighthood in a world that no longer values it. Through the iconic imagery of tilting at windmills, Cervantes explores the delicate boundary between reality and imagination, and the enduring human need for idealism in a cynical world."
265,9780553380163,A Brief History of Time,Stephen Hawking,1988,Bantam,3,18,14,"In this landmark work of popular science, Professor Stephen Hawking attempts to explain the most complex questions of the universe to the layperson. From the nature of space and time to the role of God in creation, Hawking explores the history of cosmological thought, the Big Bang theory, and the mysterious nature of black holes. His ability to synthesize complex mathematical concepts into accessible prose made this book a global phenomenon, bridging the gap between theoretical physics and the curious minds of millions of readers around the world."
268,9780714832470,The Story of Art,E.H. Gombrich,1950,Phaidon Press,4,6,4,"E.H. Gombrich's ""The Story of Art"" has been a worldwide bestseller for over half a century. It serves as a lucid and engaging introduction to the history of visual arts, from the earliest cave paintings to the experimental works of the modern era. Gombrich avoids overly technical jargon, focusing instead on the ""story""—the continuous evolution of human expression and the changing goals of artists across different cultures and centuries. It remains an essential foundation for anyone wishing to understand the heritage of Western art."
271,9780201633610,Design Patterns,Erich Gamma et al.,1994,Addison-Wesley,5,12,9,"Authored by the ""Gang of Four,"" this seminal work is the cornerstone of object-oriented software engineering. It catalogs 23 fundamental design patterns that provide solutions to common software design problems. By categorizing these patterns into Creational, Structural, and Behavioral types, the authors provided a common vocabulary for developers to communicate complex architectural ideas. Decades after its publication, the principles found in this book remain vital for creating flexible, elegant, and reusable software systems in any object-oriented language."
272,9780131103627,The C Programming Language,Brian W. Kernighan,1978,Prentice Hall,5,20,18,"Known affectionately by programmers as ""K&R,"" this book is the definitive guide to the C programming language. Co-authored by the language's creator, Dennis Ritchie, and Brian Kernighan, it is celebrated for its conciseness, clarity, and the ""Hello World"" example that became a global standard. Beyond teaching syntax, the book provides a deep look into the philosophy of low-level programming and system architecture. It is not just a manual; it is a piece of computer science history that shaped the development of Unix and almost all modern operating systems."
248,9780812575583,"Winter's Heart (The Wheel of Time, Book 9)",Robert Jordan,2000,Tor Books,1,2,0,"The ninth installment centers on one of the most significant events in the history of the Wheel of Time: the cleansing of Saidin. Rand al'Thor and Nynaeve al'Meara travel to the ancient city of Shadar Logoth to attempt the impossible—removing the Dark One's taint from the male half of the One Power. Parallel to this, Perrin Aybara begins his grueling quest to rescue his wife Faile from the Shaido Aiel, while Mat Cauthon attempts to escape Ebou Dar with the Daughter of the Nine Moons."
253,9780765325969,"A Memory of Light (The Wheel of Time, Book 14)",Robert Jordan & Brandon Sanderson,2013,Tor Books,1,9,8,"The monumental conclusion to the greatest fantasy epic of our time. Tarmon Gai'don, the Last Battle, has finally arrived. Across a massive, book-length battle sequence, every character and nation must contribute to the survival of existence. As Rand al'Thor enters the Pit of Doom to face the Dark One in a battle of wills and philosophies, the rest of the cast fights a desperate holding action against the endless tides of Shadowspawn. It is a stunning achievement in narrative scale, bringing closure to a journey decades in the making."
257,9780061120084,To Kill a Mockingbird,Harper Lee,1960,Harper Perennial,1,11,8,"Harper Lee's Pulitzer Prize-winning masterpiece is a profound exploration of human nature, racial injustice, and the loss of innocence in the American South. Seen through the eyes of young Scout Finch, the story centers on her father, Atticus Finch, a principled lawyer who defends a Black man falsely accused of a crime. Through Atticus's unwavering moral compass, the novel challenges readers to ""climb into someone else's skin and walk around in it,"" making it one of the most cherished and impactful books in modern literature."
277,9780451526342,Animal Farm,George Orwell,1945,Signet Classics,1,25,20,"A chilling allegory of the Russian Revolution and the rise of Stalinism, Orwell's ""Animal Farm"" depicts a group of farm animals who rebel against their human farmer in hopes of creating a society where all animals are equal. However, as the pigs seize control, the idealistic slogans are slowly subverted into the haunting final commandment: ""All animals are equal, but some animals are more equal than others."" It remains a timeless warning about the corrupting nature of power and the fragility of democracy."
280,9780140449266,Crime and Punishment,Fyodor Dostoevsky,1866,Penguin Classics,1,14,11,"Fyodor Dostoevsky's psychological masterpiece delves into the tormented mind of Rodion Raskolnikov, a destitute student in St. Petersburg who formulates a theory that ""extraordinary"" men are above the moral laws of society. To prove his point, he commits a cold-blooded murder, only to find himself consumed by a mounting sense of guilt and paranoia. The novel is a gripping philosophical thriller that explores themes of redemption, suffering, and the possibility of spiritual rebirth in the face of absolute despair."
273,9781449355730,Learning Python,Mark Lutz,2013,O'Reilly Media,5,25,22,"A landmark in computer science literature, Learning Python provides a comprehensive, in-depth introduction to the core Python language. Mark Lutz emphasizes the foundational concepts that apply to any version of Python, covering everything from basic syntax and data types to advanced topics like decorators, metaclasses, and Unicode handling. With its clear explanations and practical exercises, it is the essential resource for developers who want to move beyond ""hacking"" and truly master the language's internal mechanics."
283,9780141439600,Jane Eyre,Charlotte Bronte,1847,Penguin Classics,1,12,10,"Charlotte Brontë’s masterpiece revolutionized the art of fiction by focusing on the inner consciousness of its protagonist. Jane Eyre, an orphaned girl who rises from a harsh childhood to become a governess at Thornfield Hall, finds herself falling for the brooding Mr. Rochester. However, the discovery of a dark secret hidden in the attic forces her to choose between love and her own moral integrity. It remains a foundational feminist text, exploring themes of social class, religion, and the female struggle for autonomy."
267,9780199291151,The Selfish Gene,Richard Dawkins,1976,Oxford University Press,3,10,7,"Richard Dawkins’ influential work reshaped our understanding of evolution by proposing that the gene, not the individual or the species, is the fundamental unit of selection. Written with exceptional clarity, Dawkins argues that organisms are ""survival machines"" built by genes to ensure their own replication. The book also famously introduced the concept of the ""meme""—the cultural equivalent of a gene—explaining how ideas and behaviors spread through human society. It remains a cornerstone of modern biological and evolutionary thought."
302,9780465036615,The Feynman Lectures on Physics,Richard Feynman,1964,Basic Books,3,8,4,"Based on a series of lectures given by Nobel laureate Richard Feynman at Caltech, this three-volume set is considered the ultimate resource for physics students and enthusiasts. Feynman’s unique approach emphasizes physical intuition over rote mathematical derivation, making even the most complex concepts in quantum mechanics and electromagnetism feel accessible. His infectious enthusiasm and profound insight into the laws of nature have made these lectures a legendary piece of scientific literature that continues to inspire generations of physicists."
299,9780143111351,"Thinking, Fast and Slow",Daniel Kahneman,2011,"Farrar, Straus and Giroux",3,40,35,"Daniel Kahneman, a pioneer in behavioral economics, explores the dual systems of the human mind: System 1, which is fast, intuitive, and emotional; and System 2, which is slower, more deliberative, and logical. He reveals the systematic biases and heuristics that distort our judgment, from the ""anchoring effect"" to ""prospect theory."" This book fundamentally changed how we understand human decision-making, showing that we are far less rational than we like to believe, and offering tools to improve our thinking processes."
305,9780500200162,The Cinema Book,Pam Cook,1985,British Film Institute,4,10,8,"As the definitive guide to cinema studies, this comprehensive volume covers film history, theory, and industry practice. It explores various movements from German Expressionism to the French New Wave, while also examining the technological shifts that have transformed the medium. With deep dives into film noir, stardom, and genre theory, it serves as an essential academic and professional resource for anyone seeking to understand the aesthetic and cultural significance of the moving image throughout the 20th and 21st centuries."
309,9780500203712,Surrealism,David Hopkins,2004,Thames & Hudson,4,11,9,"David Hopkins provides a detailed exploration of Surrealism, the 20th-century avant-garde movement that sought to release the creative potential of the unconscious mind. From the dream-like landscapes of Salvador Dalí to the provocative writings of André Breton, the book examines how the movement challenged rationalism and bourgeois values. It situates Surrealism within its political and psychological contexts, showing how it continues to influence contemporary art, literature, and our understanding of the human psyche."
279,9780141439587,Great Expectations,Charles Dickens,1861,Penguin Classics,1,10,7,"One of Charles Dickens’ most beloved works, ""Great Expectations"" follows the education and personal development of an orphan nicknamed Pip. The narrative explores themes of social class, ambition, and moral improvement through Pip’s interactions with the eccentric Miss Havisham, the beautiful but cold Estella, and a mysterious benefactor. As Pip navigates the transition from a humble blacksmith’s apprentice to a gentleman in London, he discovers that true wealth is found in loyalty and conscience rather than money and social status."
240,9780812511819,"The Eye of the World (The Wheel of Time, Book 1)",Robert Jordan,1990,Tor Books,1,10,7,"The Wheel of Time turns, and Ages come and pass, leaving memories that become legend. In ""The Eye of the World,"" the first installment of this monumental saga, the Dark One stirs in his prison. Five young villagers from the secluded Two Rivers find themselves at the center of a terrifying pursuit by Halfmen and Trollocs. Led by the Aes Sedai Moiraine, they must embark on a perilous journey across a world where myths are real and the fate of existence hangs on a young man named Rand al'Thor, who may be the Dragon Reborn—the prophesied savior who is destined to save the world and break it in the process."
241,9780812517729,"The Great Hunt (The Wheel of Time, Book 2)",Robert Jordan,1990,Tor Books,1,8,6,"The Second Age has ended, and the world is in turmoil. In ""The Great Hunt,"" the legendary Horn of Valere—a mystical artifact capable of summoning the spirits of deceased heroes to fight for the Light—is stolen from Fal Dara. Rand al'Thor, struggling with the terrifying realization that he can channel the One Power, must lead a desperate chase across the wilderness to reclaim the Horn. Along the way, he must confront the invading Seanchan armies and the seductive whispers of the Forsaken, all while trying to outrun a destiny that threatens to drive him into madness before the Last Battle even begins."
254,9780345339683,The Hobbit,J.R.R. Tolkien,1937,Ballantine Books,1,12,10,"J.R.R. Tolkien's ""The Hobbit"" is a timeless classic that serves as the perfect gateway to Middle-earth. It tells the story of Bilbo Baggins, a quiet and respectable hobbit who is whisked away from his comfortable hole at Bag End by the wizard Gandalf and a company of thirteen dwarves. Their mission: to reclaim the lost Dwarf Kingdom of Erebor and its vast treasure from the fearsome dragon Smaug. Along the way, Bilbo encounters trolls, goblins, and the mysterious creature Gollum, ultimately discovering a ""precious"" ring that will change the course of history for all of Middle-earth."
295,9780060531058,A Short History of Nearly Everything,Bill Bryson,2003,Broadway Books,3,30,26,"Bill Bryson takes on the ultimate challenge: explaining the history of science from the Big Bang to the rise of civilization in a way that is both entertaining and deeply informative. He explores the eccentric personalities behind great discoveries, the lucky accidents that led to scientific breakthroughs, and the mind-boggling scales of the universe. Bryson’s witty and accessible prose makes complex topics like particle physics, paleontology, and plate tectonics feel like a grand adventure, reminding us of how much we have learned and how much remains a mystery."
303,9780316232227,Astrophysics for People in a Hurry,Neil deGrasse Tyson,2017,W. W. Norton,3,50,45,"Neil deGrasse Tyson brings the universe down to Earth in this concise and engaging guide. For those with busy schedules, Tyson distills the most mind-expanding concepts of astrophysics—from the nature of space and time to black holes and the search for extraterrestrial life—into bite-sized chapters. With his signature wit and clarity, he explains our place in the cosmos and encourages a ""cosmic perspective"" that reminds us of the interconnectedness of all things in the star-studded void."
318,9780321125217,Domain-Driven Design,Eric Evans,2003,Addison-Wesley,5,15,12,"Eric Evans’ ""Domain-Driven Design"" (DDD) introduced a revolutionary approach to software development that prioritizes the core business logic. By emphasizing the ""ubiquitous language"" shared by developers and domain experts, Evans provides a framework for managing complexity in large-scale systems. The book details strategic and tactical patterns, such as Bounded Contexts and Entities, that help teams build software that truly reflects the business domain it serves. It is the foundational text for modern architectural styles like Microservices."
660,9780007448036,A Game of Thrones,George R. R. Martin,1996,Bantam Books,1,5,5,"A Game of Thrones, first published in 1996 by George R. R. Martin, opens the A Song of Ice and Fire series. The novel introduces readers to a politically fragmented Westeros, filled with noble families vying for power. Themes of loyalty, betrayal, and survival are explored as multiple characters navigate intrigue and war. Martin's immersive storytelling and attention to detail establish a richly textured fantasy world."
414,9780135957059,The Pragmatic Programmer (2nd Ed),David Thomas,2019,Addison-Wesley,5,50,42,"For the 20th Anniversary Edition, David Thomas and Andrew Hunt have extensively updated their classic to reflect the modern software landscape. This book transcends specific languages and frameworks, offering timeless advice on everything from personal responsibility and career development to architectural techniques for keeping your code flexible and easy to adapt. It introduces the industry-standard ""DRY"" principle (Don't Repeat Yourself) and emphasizes the importance of constant learning, automation, and the craft of writing software that is not just functional, but maintainable and elegant. It is the essential ""career guide"" for any serious developer."
422,9781492094791,Natural Language Processing with Transformers,Lewis Tunstall,2022,O'Reilly Media,5,15,13,"Since the introduction of the Transformer architecture, NLP has undergone a radical transformation. This practical guide by Lewis Tunstall and colleagues from Hugging Face shows developers how to build, train, and scale state-of-the-art models using the Transformers library. It covers key tasks such as text classification, named entity recognition, and question answering, while diving into the mechanics of BERT, GPT, and DistilBERT. This is the definitive manual for anyone looking to leverage Large Language Models (LLMs) and transfer learning to solve real-world language problems in the modern AI era."
423,9780262046305,Probabilistic Machine Learning,Kevin Murphy,2022,MIT Press,5,10,8,"Kevin Murphy’s monumental work provides a comprehensive introduction to machine learning through the lens of probabilistic modeling. Moving beyond simple point estimates, this book emphasizes the importance of uncertainty in model predictions. It covers foundational topics like Bayesian inference, graphical models, and deep learning, all unified under a coherent mathematical framework. With its rigorous approach and focus on modern computational techniques, it is an essential text for researchers and practitioners who want to understand the ""why"" behind the algorithms and build more robust, reliable AI systems."
413,9781786270887,History of Illustration,Susan Doyle,2018,Bloomsbury,4,10,8,"This comprehensive survey is the first of its kind to trace the global history of illustration from ancient cave paintings to contemporary digital media. Susan Doyle and her collaborators explore how illustration has served as a powerful tool for storytelling, scientific documentation, and social persuasion. Covering diverse forms such as botanical drawings, political cartoons, fashion plates, and concept art for film, the book highlights the evolving technologies and cultural contexts that have shaped this vital visual language."
245,9780812550290,"Lord of Chaos (The Wheel of Time, Book 6)",Robert Jordan,1994,Tor Books,1,5,0,"The sixth book marks a dark turning point. As Rand al'Thor attempts to bring order to the fractured nations, he is kidnapped and tortured by Aes Sedai loyal to the White Tower. This leads to the climactic Battle of Dumai's Wells—one of the most famous and brutal encounters in fantasy literature. The novel explores themes of power, trauma, and the terrifying consequences of the Dragon's Asha'man joining the fray, culminating in the haunting command: ""Asha'man, kill."""
319,9780134494166,Clean Architecture,Robert C. Martin,2017,Prentice Hall,5,40,32,"Robert C. Martin (Uncle Bob) applies his ""Clean"" principles to the broader scope of system architecture. He argues that a good architecture should allow a system to remain easy to change throughout its lifetime. By focusing on the ""Independence of Policy from Detail,"" Martin explains how to decouple business rules from external frameworks, databases, and UI. This book provides a practical guide to building ""Screaming Architectures"" that are testable, maintainable, and resilient to the inevitable shifts in technology and requirements."
320,9781491950296,Building Microservices,Sam Newman,2015,O'Reilly Media,5,18,14,"Sam Newman provides a comprehensive guide to the distributed system architecture that has taken the industry by storm. This book explores the challenges and benefits of breaking down monolithic applications into small, independent services. It covers essential topics such as service modeling, integration patterns, deployment strategies, and the cultural shifts required for success. Newman offers a balanced perspective, warning of the complexities of distributed systems while providing the tools to manage them effectively in a modern DevOps environment."
323,9780262033848,Introduction to Algorithms,Thomas H. Cormen,1990,MIT Press,5,30,24,"Commonly known as ""CLRS"" after its authors, this book is the most comprehensive and widely used algorithms textbook in the world. It provides a rigorous and deep exploration of a vast range of algorithms and data structures, from basic sorting to advanced topics like multithreaded algorithms and string matching. Each chapter is relatively self-contained and presents an algorithm, a design technique, or an application area, making it an essential reference for both computer science students and professional software engineers who need a rigorous foundation in computational problem-solving."
322,9781118008188,Algorithm Design Manual,Steven Skiena,1997,Springer,5,12,9,"Steven Skiena’s ""Algorithm Design Manual"" is one of the most practical guides to algorithms ever written. It is famous for its ""War Stories,"" which provide real-world accounts of how the author applied algorithmic techniques to solve actual industry problems. The second half of the book serves as a unique ""Hitchhiker's Guide to Algorithms,"" functioning as a catalog of algorithmic resources and implementations. It bridges the gap between the theoretical rigors of academia and the practical demands of software development, making it a favorite among developers preparing for technical interviews."
321,9780134190563,The Go Programming Language,Alan Donovan,2015,Addison-Wesley,5,20,17,"Authored by Alan Donovan and Brian Kernighan (the co-author of the legendary ""K&R"" C book), this is the authoritative guide to the Go language. It provides a deep dive into Go's philosophy of simplicity, safety, and concurrency. The book covers everything from basic syntax and data structures to advanced topics like the reflect package and low-level programming with unsafe. It is praised for its clear explanations and elegant examples, making it the definitive resource for programmers who want to master Go and understand how to build efficient, scalable, and concurrent systems."
330,9780451528810,Les Miserables,Victor Hugo,1862,Signet Classics,1,10,6,"Victor Hugo’s masterpiece is one of the greatest novels of the 19th century—a sweeping epic of law and grace, love and sacrifice. Set against the backdrop of the 1832 June Rebellion in Paris, it tells the story of ex-convict Jean Valjean and his quest for redemption while being relentlessly pursued by the uncompromising police inspector Javert. Beyond its central plot, the novel is a profound social commentary that examines the nature of justice, the struggle for human rights, and the redemptive power of the human heart in the face of absolute poverty and societal decay."
331,9780553210101,The Count of Monte Cristo,Alexandre Dumas,1844,Bantam Classics,1,14,12,"Alexandre Dumas tells a legendary tale of betrayal and ultimate revenge. Edmond Dantès, a young sailor on the verge of a brilliant future, is falsely accused of treason and imprisoned in the grim Château d'If. After years of isolation, he escapes, finds a vast hidden treasure, and re-emerges in Parisian society as the mysterious and wealthy Count of Monte Cristo. It is a masterful exploration of justice, mercy, and the psychological toll of vengeance, packed with intricate plotting and unforgettable characters that have captivated readers for nearly two centuries."
324,9780307277671,The Road,Cormac McCarthy,2006,Knopf,1,12,10,"Cormac McCarthy’s Pulitzer Prize-winning novel is a haunting, post-apocalyptic journey of a father and son walking through a burned America. Nothing moves in the ravaged landscape save the ash on the wind. They are heading toward the coast, although they don’t know what, if anything, awaits them there. It is a stark, beautifully written meditation on the ultimate fragility of civilization and the enduring power of paternal love in a world where hope has almost entirely vanished. The novel is both a terrifying thriller and a deeply moving spiritual inquiry."
297,9780393310726,Pale Blue Dot,Carl Sagan,1994,Ballantine Books,3,12,9,"Inspired by a famous photograph of Earth taken by Voyager 1 from 6 billion kilometers away, Carl Sagan explores the future of humanity in the cosmos. He argues that our survival depends on our ability to venture into space and inhabit other worlds. Sagan’s poetic prose challenges our self-importance and anthropocentrism, reminding us that in the vastness of the universe, our ""pale blue dot"" is a fragile home that we must cherish and preserve. It is a visionary call for exploration and a profound reflection on our place in the cosmic dark."
298,9780307278821,The Sixth Extinction,Elizabeth Kolbert,2014,Henry Holt and Co.,3,10,8,"Elizabeth Kolbert provides a gripping and deeply researched account of the mass extinction event currently unfolding on Earth—one caused not by an asteroid or a volcano, but by human activity. By traveling to remote corners of the globe to observe disappearing species and interview scientists, Kolbert documents the devastating impact of climate change, ocean acidification, and habitat destruction. It is a powerful warning that we are not only witnesses to this catastrophe but its primary architects, and that our own future is inextricably linked to the biodiversity we are destroying."
269,9780140135152,Ways of Seeing,John Berger,1972,Penguin Books,4,15,11,"Based on the BBC television series, John Berger’s ""Ways of Seeing"" revolutionized art criticism by challenging the traditional, academic approach to viewing Western art. Berger argues that our perception of art is shaped by social, political, and historical contexts, and that the ""mystification"" of art by experts often serves to uphold existing power structures. He explores how the invention of the camera changed the unique status of the artwork and analyzes the relationship between oil painting and property, and publicity and glamour in modern consumer culture."
284,9780679760801,"Guns, Germs, and Steel",Jared Diamond,1997,W. W. Norton,2,22,19,"Jared Diamond provides a fascinating multi-disciplinary explanation for why Eurasian civilizations survived and conquered others, while rejecting ideas of racial superiority. He argues that the gaps in power and technology between human societies originate primarily in environmental differences. By examining the impact of geography, the availability of domesticable plants and animals, and the spread of diseases, Diamond reveals the ""fates of human societies"" as a product of their biological and physical environments."
285,9780140444254,The Peloponnesian War,Thucydides,-411,Penguin Classics,2,6,4,"Thucydides, an Athenian general and historian, provides a contemporary account of the devastating conflict between the Peloponnesian League (led by Sparta) and the Delian League (led by Athens). Often called the first work of ""scientific history,"" it moves away from divine intervention to analyze the war through human nature, political power, and grand strategy. His insights into the ""Thucydides Trap""—the inevitable friction when a rising power threatens an established one—remain vital to international relations today."
290,9780140275230,The Silk Roads,Peter Frankopan,2015,Vintage,2,18,15,"Peter Frankopan re-centers world history on the ""Silk Roads"" of the East. Moving away from a Western-centric perspective, he demonstrates how the rise and fall of empires, the spread of religions, and the flow of global trade have always been anchored in the lands stretching from the Mediterranean to China. It is a sweeping narrative that connects the ancient world to current geopolitical shifts, showing that the center of the world is returning to the crossroads where civilization began."
288,9780618056865,The Battle Cry of Freedom,James M. McPherson,1988,Oxford University Press,2,9,6,"James M. McPherson’s Pulitzer Prize-winning history is widely regarded as the definitive single-volume account of the American Civil War. It masterfully weaves together the political, social, and military events of the era, beginning with the Mexican-American War and ending with the surrender at Appomattox. McPherson provides deep insight into the abolitionist movement, the secession crisis, and the strategic decisions of leaders like Abraham Lincoln and Robert E. Lee, capturing the epic struggle that redefined the American nation."
296,9780316036146,The Gene: An Intimate History,Siddhartha Mukherjee,2016,Scribner,3,14,10,"Siddhartha Mukherjee, a physician and biologist, provides a ""biography"" of the gene—the fundamental unit of heredity. He traces the history of genetic research from Aristotle and Mendel to the modern mapping of the human genome. Beyond the science, Mukherjee grapples with the ethical, philosophical, and personal implications of our ability to read and write our own genetic code, questioning what it means to be human when we can finally manipulate the blueprints of life itself."
287,9780812973013,The Rise and Fall of the Third Reich,William L. Shirer,1960,Simon & Schuster,2,12,7,"William L. Shirer, a foreign correspondent who lived and worked in Germany during the Nazi era, provides one of the most comprehensive accounts of Hitler’s regime ever written. Drawing on captured secret German archives and his own firsthand observations, Shirer chronicles the terrifying speed with which a modern nation descended into barbarism. It is a definitive historical record of the political maneuvering, the psychological manipulation, and the industrial-scale atrocities that defined the most dark chapter of the 20th century."
291,9781594200090,Alexander Hamilton,Ron Chernow,2004,Penguin Press,2,14,11,"Ron Chernow’s magisterial biography (which inspired the hit Broadway musical) rescues the most misunderstood of the American Founding Fathers from historical obscurity. Chernow portrays Hamilton as a brilliant, combative, and often contradictory figure who laid the foundations of the American financial system and central government. It is both a sweeping historical narrative of the American Revolution and an intimate psychological portrait of a man whose immigrant journey and tragic end shaped the destiny of a nation."
293,9780374528317,King Leopolds Ghost,Adam Hochschild,1998,Mariner Books,2,11,8,"Adam Hochschild uncovers the forgotten history of King Leopold II of Belgium and his brutal exploitation of the Congo Free State. Under the guise of humanitarianism, Leopold established a private colony that systematically plundered the region’s rubber and ivory, resulting in the deaths of millions of Africans. This work is a chilling examination of greed, colonial cruelty, and the heroic efforts of early human rights activists who fought to expose one of the first modern international crimes against humanity."
294,9780375727498,The Emperor of All Maladies,Siddhartha Mukherjee,2010,Scribner,3,15,13,"Siddhartha Mukherjee, a physician and oncologist, provides a ""biography"" of cancer—a disease that has haunted humanity for millennia. From the first recorded mentions in ancient Egyptian scrolls to the modern molecular breakthroughs in targeted therapy, the book explores the resilience of the disease and the persistent brilliance of the scientists and patients who fight it. It is a profoundly human story that combines history, biology, and personal memoir to explain why cancer remains the ""Emperor"" of all diseases and how we are finally beginning to understand its weaknesses."
292,9780713995923,Postwar: A History of Europe Since 1945,Tony Judt,2005,Penguin Press,2,7,5,"Tony Judt’s ""Postwar"" is a magisterial account of Europe’s recovery and transformation from the ruins of 1945 to the beginning of the 21st century. Judt avoids a simple country-by-country narrative, instead weaving together the social, cultural, and political threads that define the European experience. He explores the trauma of the Holocaust, the division of the Cold War, and the complex process of European integration. It is an essential work for understanding the contemporary European identity and the historical forces that continue to shape the continent’s future."
380,9780451524997,Frankenstein,Mary Shelley,1818,Signet Classics,1,12,9,"Mary Shelley’s masterpiece is widely considered the first true work of science fiction. It tells the harrowing story of Victor Frankenstein, a brilliant scientist who discovers the secret of imparting life to inanimate matter. The resulting ""Monster,"" rejected by its creator and society alike, embarks on a tragic quest for revenge and companionship. Beyond the horror, the novel is a profound philosophical inquiry into the limits of human ambition, the nature of consciousness, and the moral responsibility of the creator toward the created. It remains a haunting warning about the dangers of playing God with technology."
251,9780765302304,"The Gathering Storm (The Wheel of Time, Book 12)",Robert Jordan & Brandon Sanderson,2009,Tor Books,1,7,0,"Co-authored by Brandon Sanderson using Jordan's extensive notes, this volume depicts Rand al'Thor at his darkest point—the ""Veins of Gold."" As the Dragon Reborn nears a complete psychological collapse under the weight of his responsibilities, he must find a way to reconcile his humanity with his destiny. The novel features the long-awaited reunification of the White Tower under Egwene al'Vere and culminates in a profound spiritual transformation atop Dragonmount that changes the course of the world's hope."
378,9780307476463,The Girl with the Dragon Tattoo,Stieg Larsson,2005,Vintage,1,25,20,"Stieg Larsson’s international sensation introduces one of the most compelling characters in modern crime fiction: Lisbeth Salander, a brilliant but socially alienated hacker with a photographic memory. Teaming up with journalist Mikael Blomkvist, Salander untangles a dark web of family secrets, corporate corruption, and systemic violence against women that spans decades. The novel is a gripping psychological thriller that combines intricate investigative procedural with a blistering critique of societal hypocrisy, setting the stage for the global success of the Millennium series."
329,9780525563440,Where the Crawdads Sing,Delia Owens,2018,G.P. Putnam's Sons,1,35,30,"Delia Owens’ atmospheric novel is both a coming-of-age story and a haunting murder mystery set in the marshes of the North Carolina coast. Kya Clark, known to locals as the ""Marsh Girl,"" grows up in isolation, surviving on her own and becoming an expert naturalist. When a local golden boy is found dead, the suspicious community immediately points to her. The novel is a lushly written meditation on the resilience of the human spirit, the beauty of the natural world, and the deep, lasting impact of abandonment and social rejection."
343,9780312427719,The Hemingses of Monticello,Annette Gordon-Reed,2008,W. W. Norton,2,5,2,"Annette Gordon-Reed’s Pulitzer Prize-winning work is a landmark in American historical scholarship. It traces the multi-generational history of the Hemings family, whose lives were inextricably linked to Thomas Jefferson. By meticulously scouring legal records, letters, and oral histories, Gordon-Reed brings to life a family that lived in the shadows of one of America’s founding fathers. The book explores the profound complexities of slavery, kinship, and power, forcing a re-examination of the personal and moral contradictions at the heart of the American experiment."
314,9780201835953,The Mythical Man-Month,Frederick Brooks,1975,Addison-Wesley,5,20,15,"Frederick Brooks’ collection of essays is perhaps the most influential book in the history of software engineering. Drawing from his experience managing the development of the IBM OS/360, Brooks identifies the fundamental challenges of large-scale software projects. He famously proposes ""Brooks’s Law"": that adding manpower to a late software project makes it later. Decades after its initial publication, his insights into team communication, the ""second-system effect,"" and the inherent complexity of software remain essential reading for every project manager and developer."
317,9781593279509,Eloquent JavaScript,Marijn Haverbeke,2011,No Starch Press,5,22,18,"Marijn Haverbeke’s ""Eloquent JavaScript"" is a modern classic that goes far beyond basic syntax. It provides a deep dive into the language’s internal mechanics, covering functional and object-oriented programming, asynchronous execution, and the intricacies of the Document Object Model (DOM). The book is famous for its challenging exercises and its ability to teach programmers how to write clean, efficient, and expressive code. It is an essential resource for anyone looking to transition from a casual scripter to a professional JavaScript developer who truly understands the ""why"" behind the code."
313,9781856695848,Graphic Design: A New History,Stephen J. Eskilson,2007,Laurence King,4,12,10,"Stephen Eskilson provides a comprehensive and brilliantly illustrated survey of graphic design from the mid-nineteenth century to the digital age. He explores how the industrial revolution, the rise of modernism, and the digital explosion shaped the visual language of our world. The book tracks the evolution of typography, poster design, and corporate branding, situating these artistic shifts within their social and political contexts. It is an essential resource for understanding how designers have historically used image and text to communicate, persuade, and revolutionize the way we see information."
354,9780500293713,The Art of Color,Johannes Itten,1961,Wiley,4,8,5,"Johannes Itten, a key figure in the early Bauhaus, presents his revolutionary theories on color in this seminal work. Itten goes beyond simple optics to explore the subjective experience of color, defining the seven contrasts of color that have since become the foundation of modern design education. By examining how colors interact emotionally and psychologically, he provides artists with a systematic yet spiritual framework for mastering harmony and discord. This book remains an indispensable resource for understanding the structural and expressive potential of the palette."
369,9780137314942,The Pragmatic Programmer (20th Anniv),Andrew Hunt,2019,Addison-Wesley,5,40,35,"Andrew Hunt and David Thomas’s masterpiece is less about syntax and more about the philosophy of craftsmanship. This 20th Anniversary edition updates the classic advice for the modern era, covering topics from career development to architectural techniques. It introduces famous concepts like ""Don’t Repeat Yourself"" (DRY), ""Orthogonality,"" and the ""Broken Window Theory"" of code quality. It is a book that transforms coders into software engineers, emphasizing that the best tools are a curious mind and a disciplined approach to solving problems."
361,9780486244631,Concerning the Spiritual in Art,Wassily Kandinsky,1911,Dover,4,10,9,"Wassily Kandinsky’s foundational text for abstract art is a profound meditation on the inner necessity of the artist. Kandinsky argues that art should move away from the representation of the physical world and instead focus on the ""psychological effects"" of color and form. He famously compares the artist to a prophet and explores the spiritual relationship between music and painting. This short but dense work is essential for understanding the intellectual shift toward abstraction in the early 20th century."
371,9781491903995,Effective Java (3rd Ed),Joshua Bloch,2017,Addison-Wesley,5,30,26,"Joshua Bloch, a key architect of the Java platform, provides a collection of 90 items that describe the best practices for the Java language. This third edition covers Java 7, 8, and 9, including the introduction of lambdas and streams. It goes deep into the nuances of object orientation, generics, enums, and concurrency, teaching developers how to write code that is clear, correct, robust, and reusable. It is widely considered one of the most influential books for professional Java developers, moving beyond basic syntax to the heart of idiomatic Java programming."
246,9780812550283,"A Crown of Swords (The Wheel of Time, Book 7)",Robert Jordan,1996,Tor Books,1,4,0,"Rand al'Thor seeks the Crown of Swords to solidify his rule over Illian while battling the insidious influence of the Forsaken Sammael. Meanwhile, Egwene al'Vere struggles to consolidate her power as the Amyrlin Seat in exile, and Mat Cauthon finds himself trapped in the city of Ebou Dar under the shadow of the Seanchan invasion. The novel masterfully balances large-scale military strategy with the intricate, often deadly ""Game of Houses"" played by the nobility."
381,9780679720218,The Plague,Albert Camus,1947,Vintage,1,11,7,"Albert Camus’s seminal existentialist novel chronicles a sudden outbreak of the bubonic plague in the Algerian city of Oran. Through the eyes of Dr. Bernard Rieux and other diverse characters, Camus explores how different individuals respond to an absurd and inescapable catastrophe. Whether through stoic duty, religious faith, or self-interest, the characters’ struggles serve as an allegory for human resilience and the necessity of solidarity in a world without inherent meaning. It is a timeless meditation on the human condition and the ethical obligation to alleviate suffering, even when the battle seems lost."
391,9780525434252,The British Are Coming,Rick Atkinson,2019,Henry Holt and Co.,2,12,9,"Pulitzer Prize winner Rick Atkinson begins his monumental ""Revolution Trilogy"" with this detailed account of the first twenty-one months of the American Revolutionary War. Atkinson brings the conflict to life through the perspectives of both the Continental Army and the British forces. From the legendary ride of Paul Revere to the pivotal battles of Trenton and Princeton, the book captures the harrowing reality of 18th-century warfare and the immense strategic challenges faced by George Washington as he struggled to forge a professional army out of a ragtag group of volunteers."
259,9780451524935,1984,George Orwell,1949,Signet Classics,1,20,15,"George Orwell's masterpiece, ""1984,"" is perhaps the most definitive dystopian novel ever written. It introduces us to Winston Smith, a low-ranking member of the Ruling Party in London, Oceania. In a world of perpetual war, omnipresent government surveillance, and historical negationism, Winston dares to rebel by falling in love and maintaining a secret diary. Through the terrifying figure of Big Brother and the brutal Thought Police, Orwell explores the chilling possibilities of total state control, the erasure of individual thought, and the terrifying power of ""newspeak""—a language designed to limit the very range of human expression and rebellion."
242,9780812513714,"The Dragon Reborn (The Wheel of Time, Book 3)",Robert Jordan,1991,Tor Books,1,9,8,"In the third volume of the Wheel of Time, the prophecies of the Dragon begin to manifest with terrifying clarity. Rand al'Thor, the shepherd turned reluctant savior, flees his companions to fulfill a dangerous destiny alone. He journeys toward the legendary Stone of Tear, aiming to claim the sword Callandor—the weapon that can only be wielded by the Dragon Reborn. As the Forsaken weave their traps and the nations of the world tremble at the news of a new Dragon, the fate of the Light rests on a single, desperate act of faith within the Heart of the Stone."
244,9780812550306,"The Fires of Heaven (The Wheel of Time, Book 5)",Robert Jordan,1993,Tor Books,1,6,4,"In the fifth volume, the fires of war ravage the continent as Rand al'Thor seeks to secure the throne of Andor and destroy the Forsaken Rahvin. Stripped of the guidance of Moiraine after a tragic confrontation at the docks of Caemlyn, Rand must navigate the lethal politics of the Aiel and the nobility alike. It is a tale of immense loss and fiery retribution, featuring some of the most spectacular magical battles in the entire series, as the Dragon Reborn realizes that victory often demands a heartbreaking price."
256,9780743273565,The Great Gatsby,F. Scott Fitzgerald,1925,Scribner,1,10,9,"Set in the Roaring Twenties on Long Island, F. Scott Fitzgerald's masterpiece is a brilliant social satire and a poignant tale of unrequited love. It follows Jay Gatsby, a self-made millionaire, and his relentless pursuit of Daisy Buchanan, a woman from his past who represents the unattainable American Dream. Through the eyes of narrator Nick Carraway, the novel explores themes of social stratification, moral corruption, and the tragic illusion that one can repeat the past, all set against a backdrop of jazz, prohibition, and reckless excess."
282,9780553213003,The Brothers Karamazov,Fyodor Dostoevsky,1880,Bantam Classics,1,8,5,"A towering achievement in Russian literature, Dostoevsky's final novel is a complex philosophical drama that explores deep questions of God, free will, and morality. Centered on the parricide of the sensualist Fyodor Karamazov, the story follows his three sons: the impulsive Dmitri, the intellectual Ivan, and the spiritual Alyosha. Through their conflicting worldviews, Dostoevsky examines the struggle between faith and skepticism, the nature of suffering, and the possibility of redemption in a world plagued by human depravity."
263,9780345386236,The Guns of August,Barbara W. Tuchman,1962,Presidio Press,2,8,5,"Barbara Tuchman's Pulitzer Prize-winning account of the opening month of World War I is a masterpiece of historical narrative. She meticulously reconstructs the diplomatic failures, the rigid military plans, and the monumental egos that led Europe into a catastrophic conflict. The book focuses on the ""Guns of August""—the initial battles that determined the war would not be the short, decisive campaign many expected, but a brutal, years-long struggle that would reshape the modern world forever."
364,9781492045120,Designing Data-Intensive Applications,Martin Kleppmann,2017,O'Reilly Media,5,30,24,"Martin Kleppmann’s ""DDIA"" has quickly become the definitive guide for modern software architecture. In an era where data is the core of most applications, this book provides a rigorous deep dive into the internal workings of databases, message brokers, and distributed systems. Kleppmann brilliantly explains the trade-offs between different storage engines, indexing strategies, and replication models. Whether you are dealing with scalability, consistency (CAP theorem), or fault tolerance, this book provides the theoretical clarity and practical wisdom needed to navigate the complex landscape of big data systems."
325,9780307743657,The Shining,Stephen King,1977,Doubleday,1,18,15,"Stephen King’s ""The Shining"" is a masterpiece of psychological horror. Jack Torrance, an aspiring writer and recovering alcoholic, takes a job as the winter caretaker of the isolated Overlook Hotel, bringing his wife Wendy and gifted son Danny along. As the hotel’s malevolent supernatural forces begin to influence Jack’s fragile psyche, the story descends into a terrifying exploration of isolation, family trauma, and the thin line between sanity and madness. It remains one of the most chilling and iconic works in modern American fiction."
332,9780743247542,The Da Vinci Code,Dan Brown,2003,Doubleday,1,50,45,"Dan Brown’s global phenomenon is a high-octane thriller that weaves together art history, cryptography, and religious conspiracy. When a curator is murdered inside the Louvre, Harvard symbologist Robert Langdon and cryptologist Sophie Neveu embark on a frantic race through Paris and London to solve a trail of clues hidden in the works of Leonardo da Vinci. The novel explores themes of the sacred feminine and secret societies, challenging established historical narratives in a narrative that is as controversial as it is addictive."
336,9780143111313,The Wright Brothers,David McCullough,2015,Simon & Schuster,2,20,17,"Two-time Pulitzer Prize winner David McCullough tells the dramatic story of the two brothers who taught the world how to fly. Drawing on the extensive Wright family papers, McCullough captures the immense technical challenges, the persistent skepticism, and the sheer mechanical genius of Wilbur and Orville Wright. Far from being simple bicycle mechanics, the brothers were sophisticated self-taught engineers who risked their lives in the pursuit of a dream, changing the course of human history in the sand dunes of Kitty Hawk."
338,9780393322279,The Ghost Map,Steven Johnson,2006,Riverhead Books,2,15,13,"Steven Johnson’s ""The Ghost Map"" is a brilliant historical thriller about the 1854 London cholera outbreak. It chronicles the efforts of Dr. John Snow and Reverend Henry Whitehead as they race to identify the source of the deadly disease. By mapping the outbreak, they provided the first empirical proof of germ theory, debunking the prevailing ""miasma"" theory and revolutionizing public health and urban design. It is a fascinating look at how data visualization and scientific inquiry saved a city and changed the modern world."
301,9781416594796,Physics of the Future,Michio Kaku,2011,Doubleday,3,16,12,"Theoretical physicist Michio Kaku interviews over 300 of the world’s top scientists to provide a visionary look at the next 100 years of human innovation. Kaku explores how breakthroughs in artificial intelligence, nanotechnology, biotechnology, and space travel will transform our daily lives, our economy, and our place in the universe. Based on the laws of physics known today, he offers a scientifically grounded yet breathtakingly imaginative preview of a world where we can manipulate matter and harness the power of the stars."
311,9780810994126,The Art of Walt Disney,Christopher Finch,1973,Abrams,4,6,4,"This definitive volume by Christopher Finch explores the history and aesthetic evolution of the Disney studio. From the early experimental days of Mickey Mouse and the technical breakthroughs of ""Snow White"" to the modern era of Pixar and computer-generated animation, the book provides behind-the-scenes insights into the storytelling and artistic craftsmanship that built an entertainment empire. It features rare concept art and storyboards, celebrating Disney’s unique ability to blend high art with mass appeal and the relentless pursuit of technological innovation in animation."
326,9780062315007,The Alchemist,Paulo Coelho,1988,HarperCollins,1,40,38,"Paulo Coelho’s enchanting novel tells the story of Santiago, an Andalusian shepherd boy who travels to Egypt in search of a treasure buried near the pyramids. Along the way, he encounters a series of mentors, including the titular alchemist, who teach him the importance of listening to his heart and reading the omens strewn along his life's path. This allegorical tale is a global phenomenon that explores the concept of the ""Personal Legend,"" reminding readers that when you truly want something, the entire universe conspires in helping you to achieve it."
327,9780316769174,The Catcher in the Rye,J.D. Salinger,1951,"Little, Brown",1,22,18,"J.D. Salinger’s quintessential novel of teenage rebellion and angst follows Holden Caulfield after his expulsion from an elite prep school. Wandering through New York City, Holden grapples with the ""phoniness"" of the adult world and the painful transition from childhood innocence to the complexities of maturity. Through his distinctive and cynical voice, the novel captures the universal feeling of alienation and the desperate search for authenticity, cementing its place as one of the most significant and controversial works in American literature."
342,9780224098205,Chernobyl: History of a Tragedy,Serhii Plokhy,2018,Allen Lane,2,14,11,"Serhii Plokhy provides the definitive account of the 1986 nuclear disaster, drawing on recently opened archives to reconstruct the events in terrifying detail. He explores the systemic failures of the Soviet state, the hubris of the engineers, and the heroic (and often fatal) efforts of the firefighters and liquidators who worked to contain the fallout. The book is not only a gripping technical post-mortem but also a powerful political history, arguing that the disaster was a primary catalyst for the eventual collapse of the Soviet Union."
337,9780804136785,The Romanovs,Simon Sebag Montefiore,2016,Vintage,2,12,9,"Simon Sebag Montefiore chronicles the rise and spectacular fall of the Romanov dynasty, which ruled Russia for three centuries. From the ruthless consolidation of power by Peter the Great and Catherine the Great to the tragic and bloody end of Nicholas II and his family, the book is a sprawling narrative of absolute power, palace intrigue, and imperial ambition. It is a dazzling psychological portrait of the monarchs who transformed Russia into a world power, only to be consumed by the fires of revolution."
339,9780307476432,Empire of the Summer Moon,S. C. Gwynne,2010,Scribner,2,11,8,"S.C. Gwynne tells the epic story of the Comanches, the ""Lords of the Plains"" who were perhaps the most powerful and feared indigenous group in American history. The narrative focuses on the forty-year war between the Comanches and white settlers, centered on the compelling figure of Quanah Parker, the last and greatest chief of the tribe. It is a dual biography of a people and a man, exploring the brutal realities of the American frontier and the inevitable clash of two vastly different civilizations."
344,9780393348125,The Hidden Life of Trees,Peter Wohlleben,2015,Greystone Books,3,25,22,"Peter Wohlleben, a German forester, shares his deep observations of the forest to reveal that trees are far more social than we ever imagined. Drawing on groundbreaking scientific research, he explains how trees communicate through underground fungal networks (the ""wood wide web""), support their sick neighbors, and learn from their environment. This book invites readers into a world where trees are social beings with memories and emotions, fundamentally changing the way we perceive and interact with the natural world."
348,9780393330120,Gut: The Inside Story,Giulia Enders,2014,Greystone Books,3,18,14,"Giulia Enders takes us on a fascinating and humorous journey through the human digestive system. Often overlooked, the gut is our ""second brain,"" home to a complex ecosystem of bacteria that influences everything from our immune system to our mental health. Enders explains the science of digestion with wit and clarity, showing how a healthy gut is essential for overall well-being. This book turns a taboo subject into an engaging exploration of the incredible biological machinery that sustains us every day."
345,9781501144165,Seven Brief Lessons on Physics,Carlo Rovelli,2014,Riverhead Books,3,30,28,"Carlo Rovelli, a theoretical physicist, distills the most complex revolutions in modern physics—such as general relativity, quantum mechanics, and black holes—into seven brief, poetic, and accessible lessons. He explores the beauty of the universe and the mysteries of time and space, arguing that science is an ongoing quest for understanding that is as much about imagination as it is about mathematics. It is a perfect introduction for anyone who wants to feel the awe of the cosmos without getting lost in technical jargon."
356,9780300105971,Interaction of Color,Josef Albers,1963,Yale University Press,4,12,10,"Josef Albers’ ""Interaction of Color"" is a masterclass in visual perception. Rather than focusing on scientific color theory, Albers demonstrates that color is almost never seen as it physically is—it is constantly shifting depending on its surroundings. Through a series of brilliant exercises and observations, he proves that the human eye is easily deceived by the relativity of color. This handbook is essential for anyone in the visual arts, teaching that the mastery of color comes not from memorization, but from an acute awareness of how colors influence each other."
360,9780823005230,Bridgman's Complete Guide to Drawing from Life,George Bridgman,1952,Sterling,4,14,11,"George Bridgman, a legendary instructor at the Art Students League of New York, presents a unique and structural approach to figure drawing. Unlike traditional anatomy books, Bridgman focuses on ""blocky"" forms and the rhythmic connections between body segments. He treats the human frame as a series of interlocking geometric masses, emphasizing the way muscles and bones create movement and ""twist."" This guide is a gold standard for artists looking to move beyond flat representation and achieve a three-dimensional sense of power and vitality in their sketches."
353,9780143111436,Behave,Robert Sapolsky,2017,Penguin Press,3,11,8,"Robert Sapolsky, a neurobiologist and primatologist, provides a monumental exploration of why humans do the things they do—both the best and the worst. He analyzes human behavior across a vast timescale: from the activity of the brain in the seconds before an act, to the hormones that influenced it hours prior, all the way back to the evolutionary forces that shaped our species over millions of years. It is a profound inquiry into the nature of aggression, empathy, and social hierarchy, challenging our notions of free will while revealing the intricate biological machinery behind our moral choices."
351,9780345536976,The Drunkard's Walk,Leonard Mlodinow,2008,Pantheon,3,13,10,"Leonard Mlodinow reveals the psychological and mathematical forces of randomness that govern our lives. From the stock market to the success of a Hollywood blockbuster, Mlodinow demonstrates how we consistently underestimate the role of chance and misinterpret patterns where none exist. By exploring the history of probability and the cognitive biases that lead us astray, he provides a new way of looking at the world—one that helps us understand why ""luck"" is often just a statistical inevitability and how we can make better decisions in an inherently unpredictable universe."
334,9780375750489,The Rise of Theodore Roosevelt,Edmund Morris,1979,Modern Library,2,7,4,"Edmund Morris’s Pulitzer Prize-winning biography chronicles the extraordinary early life of the 26th U.S. President. From his sickly childhood and his obsession with ""the strenuous life"" to his adventures in the Dakotas and his legendary leadership of the Rough Riders, Morris paints a vivid portrait of a man with boundless energy and intellect. The narrative captures Roosevelt’s transformation from a young naturalist and intellectual into a political powerhouse, setting the stage for his accidental ascension to the presidency and his role in modernizing the American executive branch."
340,9780061316807,The Age of Revolution,Eric Hobsbawm,1962,Vintage,2,9,6,"Eric Hobsbawm explores the transformative period between 1789 and 1848, characterized by the ""dual revolution"": the French Revolution in politics and the British Industrial Revolution in economics. Hobsbawm analyzes how these two seismic shifts fundamentally altered the social structures of the Western world, leading to the rise of the bourgeoisie, the birth of modern nationalism, and the expansion of global capitalism. It is a masterclass in social history, showing how the foundations of the modern world were laid amidst the smoke of factories and the fire of political upheaval."
328,9780143127741,The Sympathizer,Viet Thanh Nguyen,2015,Grove Press,1,9,7,"Viet Thanh Nguyen’s Pulitzer Prize-winning debut is a profound, darkly comedic exploration of identity, loyalty, and the legacy of the Vietnam War. The story follows a double agent—a half-French, half-Vietnamese communist sleeper cell leader—who flees to Los Angeles after the Fall of Saigon. As he navigates the complexities of the Vietnamese refugee community and the hollow glamor of Hollywood, he finds his allegiances increasingly torn. The novel is a blistering critique of American exceptionalism and a haunting meditation on what it means to be a ""man of two faces."""
333,9780312424442,Gilead,Marilynne Robinson,2004,"Farrar, Straus and Giroux",1,8,5,"Marilynne Robinson’s lyrical and meditative novel takes the form of a long letter written by an aging congregationalist minister, John Ames, to his young son. Set in the fictional town of Gilead, Iowa, in 1956, Ames reflects on his life, his family’s history of abolitionist struggle, and his deep, abiding faith. The novel is a quiet but powerful exploration of the relationship between fathers and sons, the nature of grace, and the sacredness of everyday life, written in prose that is as luminous as it is precise."
366,9780321127426,Patterns of Enterprise Application Architecture,Martin Fowler,2002,Addison-Wesley,5,15,11,"Martin Fowler, a pioneer in software design, provides a catalog of patterns for building complex enterprise systems. The book is divided into two parts: a narrative section that explains the challenges of layering, data source distribution, and concurrency, and a detailed reference section describing specific patterns like Data Mapper, Unit of Work, and Domain Model. Even as frameworks change, Fowler’s insights into how to structure the logic and data of an application remain fundamental for any developer working on large-scale business software."
365,9781491929124,Site Reliability Engineering,Betsy Beyer,2016,O'Reilly Media,5,20,16,"Edited by Betsy Beyer and members of Google’s SRE team, this book explains how Google manages some of the largest software systems in the world. It introduces the concept of SRE—a discipline that incorporates aspects of software engineering and applies them to infrastructure and operations problems. Covering service level objectives (SLOs), error budgets, and automation, this ""Google Book"" has redefined how industry leaders think about reliability, scalability, and the lifecycle of production systems."
355,9780811867221,The Wes Anderson Collection,Matt Zoller Seitz,2013,Abrams,4,15,13,"Matt Zoller Seitz provides the first in-depth overview of the filmography of director Wes Anderson. Through a series of interviews, the book explores Anderson’s meticulous visual style, his use of symmetrical compositions, and his unique color palettes. It features unpublished photos, storyboards, and artwork that reveal the hand-crafted detail behind films like ""The Grand Budapest Hotel"" and ""The Royal Tenenbaums."" It is a stunning visual tribute to a filmmaker who has redefined contemporary cinema through a highly stylized, whimsical, and melancholic lens."
362,9781856694254,Graphic Design: The New Basics,Ellen Lupton,2008,Princeton Architectural Press,4,18,15,"Ellen Lupton and Jennifer Cole Phillips provide a contemporary framework for graphic design in the digital age. Moving beyond the ""how-to"" of software, this book focuses on the fundamental visual principles: rhythm, scale, hierarchy, layers, and transparency. Through clear explanations and innovative visual examples, it shows how to create complex and engaging designs from simple elements. It is the perfect bridge between traditional design education and the fast-paced demands of modern screen-based media."
352,9780465030248,The God Equation,Michio Kaku,2021,Doubleday,3,15,12,"Michio Kaku, a world-renowned theoretical physicist, tells the story of the quest for the ""Theory of Everything""—the ultimate equation that would unify the four fundamental forces of nature: gravity, electromagnetism, and the strong and weak nuclear forces. Kaku traces the history of physics from Newton and Einstein to the modern frontiers of String Theory. With his characteristic clarity and enthusiasm, he explains the high stakes of this scientific journey, which could ultimately unlock the secrets of the Big Bang and the very fabric of existence."
349,9781594200793,The Omnivore's Dilemma,Michael Pollan,2006,Penguin Press,3,22,19,"Michael Pollan’s groundbreaking work investigates the complex social and biological history of the food we eat. By following four different food chains—industrial, organic, sustainable, and hunter-gatherer—Pollan reveals the profound disconnect between the natural world and our modern supermarkets. He asks a deceptively simple question: ""What should we have for dinner?"" The answer leads to a startling critique of American agribusiness and a call for a more conscious, ethical relationship with the plants and animals that sustain us."
370,9781491962299,Hands-On Machine Learning,Aurélien Géron,2017,O'Reilly Media,5,22,17,"Aurélien Géron provides a practical, project-based guide to building intelligent systems. Starting with simple linear regression and progressing to deep neural networks, this book bridges the gap between theory and implementation. It covers essential techniques like feature engineering, model selection, and hyperparameter tuning using the most popular Python libraries. With a focus on the intuition behind the algorithms and hands-on coding, it has become the gold standard for engineers and data scientists looking to master the complexities of modern Artificial Intelligence."
373,9780321573513,Algorithms (4th Edition),Robert Sedgewick,2011,Addison-Wesley,5,20,14,"Robert Sedgewick and Kevin Wayne’s ""Algorithms"" is a leading textbook that provides an accessible introduction to the most important computer algorithms in use today. Covering sorting, searching, graph processing, and string processing, the book emphasizes implementation in Java. It is famous for its visual approach to explaining how data structures work and its integration with a wealth of online resources. It remains a foundational text for students and a vital reference for any programmer looking to optimize their code’s performance and efficiency."
372,9781593275990,Automate the Boring Stuff with Python,Al Sweigart,2015,No Starch Press,5,35,31,"Al Sweigart’s book is a fan favorite because it bypasses the dry computer science theory to show readers how to solve practical, real-world problems. It teaches Python programming by showing how to create scripts that scrape data from the web, fill out forms, rename thousands of files, and automate spreadsheets. It is the ultimate guide for non-programmers and beginners who want to use code as a tool to increase their productivity and eliminate the drudgery of repetitive office tasks."
377,9780618640157,The Silmarillion,J.R.R. Tolkien,1977,Houghton Mifflin,1,9,6,"J.R.R. Tolkien’s ""The Silmarillion"" is the foundational mythos of Middle-earth, a collection of stories that range from the creation of the universe to the fall of the legendary kingdom of Gondolin. Unlike the more intimate journey of ""The Hobbit,"" this is a sprawling, tragic epic covering thousands of years of history. It details the origins of the Elves, the Men, and the Dwarves, and the ancient struggle against the first Dark Lord, Morgoth. It is an essential read for anyone seeking to understand the deep lore and linguistic complexity behind Tolkien’s legendarium."
374,9780143105428,On the Road,Jack Kerouac,1957,Penguin Classics,1,15,12,"Jack Kerouac’s defining novel of the Beat Generation is a wild, jazz-fueled journey across the American landscape. Based on Kerouac’s own travels with his friend Neal Cassady, the story follows Sal Paradise and the charismatic Dean Moriarty as they seek out ""the IT""—a fleeting sense of transcendent experience. Through its ""spontaneous prose"" style, the novel captures a spirit of restless rebellion, social non-conformity, and a desperate search for meaning in the post-WWII era, cementing its place as an American counter-culture classic."
346,9781101904220,Dark Matter and the Dinosaurs,Lisa Randall,2015,Ecco,3,12,9,"Theoretical physicist Lisa Randall proposes a startling new theory that connects the farthest reaches of the universe to the history of life on Earth. She argues that a disk of dark matter in our galaxy may have triggered the comet impact that led to the extinction of the dinosaurs. By weaving together cosmology, particle physics, and geology, Randall demonstrates how seemingly invisible cosmic forces have shaped the biological evolution of our planet. It is a brilliant example of how modern science connects the very small to the very large."
363,9780500233580,The Photographer's Eye,Michael Freeman,2007,Focal Press,4,25,20,"Michael Freeman explores the art of digital photography through the lens of composition and design. Unlike technical manuals that focus only on camera settings, this book analyzes how a photographer can organize visual elements within the frame to tell a story or evoke an emotion. It covers the use of color, light, and geometry, providing a comprehensive guide to seeing and thinking like a professional photographer. It is a vital resource for anyone looking to transition from taking ""snapshots"" to creating purposeful, artistic images."
310,9780714844008,The Photo Book,Editors of Phaidon,1997,Phaidon,4,15,12,"This iconic Phaidon publication is an A-to-Z survey of 500 great photographers from the mid-19th century to the present day. Each page features a single significant image accompanied by a brief text that situates the artist and the work within the history of the medium. From the documentary grit of Dorothea Lange to the fashion elegance of Richard Avedon, ""The Photo Book"" provides a massive, diverse, and inspiring overview of how the camera has been used to document, interpret, and transform our world."
386,9780307386212,The Pillars of the Earth,Ken Follett,1989,NAL,2,18,14,"Ken Follett’s epic historical novel is a masterpiece of storytelling set in 12th-century England during ""The Anarchy."" The narrative centers on the building of a magnificent Gothic cathedral in the fictional town of Kingsbridge. Through the lives of Tom Builder, the noblewoman Aliena, and the clever Prior Philip, Follett weaves a rich tapestry of medieval life, involving feudal politics, religious devotion, and the architectural revolution of the transition from Romanesque to Gothic style. It is a staggering achievement that captures the struggle for power and the enduring human desire to create something eternal."
387,9780374103170,The Annals of Imperial Rome,Tacitus,117,Penguin Classics,2,6,3,"Tacitus, arguably the greatest historian of the Roman world, provides a searing and cynical account of the Roman Empire from the death of Augustus to the reign of Nero. His narrative is famous for its psychological depth and its unflinching portrayal of power, paranoia, and the decay of republican virtues. Tacitus examines the rise of tyranny and the moral compromises of the Roman elite with a sharp, epigrammatic style. This work remains a foundational text for understanding the political machinery of the early Empire and the darker side of imperial glory."
286,9780307274946,The Post-American World,Fareed Zakaria,2008,W. W. Norton,2,10,8,"Fareed Zakaria provides a lucid and provocative analysis of the ""rise of the rest."" He argues that the world is transitioning from a period of American hegemony to a truly global era where nations like China, India, and Brazil are becoming major players in the global economy and politics. Zakaria clarifies that this is not necessarily a story of American decline, but rather a story of others growing. He explores how the United States must adapt its foreign policy to lead in a multipolar world characterized by a diffusion of power and a new global middle class."
367,9781593276034,Python Crash Course,Eric Matthes,2015,No Starch Press,5,45,40,"Eric Matthes’ ""Python Crash Course"" is the world’s best-selling guide to the Python programming language. It is a fast-paced, thorough introduction that gets beginners writing code quickly. The first half of the book covers fundamental concepts like variables, lists, loops, and classes, while the second half moves into three major projects: a 2D space invaders-style game, data visualizations using Python’s powerful libraries, and a simple web application. It is the perfect balance of theory and practice for anyone who wants to gain a functional mastery of Python in a short amount of time."
368,9781119293491,AWS Certified Solutions Architect Study Guide,Ben Piper,2019,Sybex,5,25,20,"This comprehensive study guide is an essential resource for IT professionals aiming to master the Amazon Web Services (AWS) ecosystem. It provides a deep dive into the core services required to design and deploy scalable, highly available, and fault-tolerant systems on AWS. From Virtual Private Clouds (VPC) and EC2 instances to S3 storage and Identity and Access Management (IAM), the book covers the architectural best practices of the Well-Architected Framework. It is a practical roadmap for anyone looking to validate their expertise in cloud computing and modern infrastructure design."
359,9780714847139,The Art of Looking Sideways,Alan Fletcher,2001,Phaidon,4,5,2,"Alan Fletcher’s ""The Art of Looking Sideways"" is an unclassifiable masterpiece—a massive, visually stunning collection of anecdotes, quotations, images, and oddities. Fletcher, one of the most influential designers of his generation, explores the interplay between the eye, the hand, and the brain. There is no linear narrative; instead, it is a creative ""toy box"" designed to spark inspiration and challenge our perceptions of visual communication. It is an essential companion for artists, designers, and anyone who wants to cultivate a more curious and lateral way of thinking about the world."
397,9781982112394,Lifespan,David Sinclair,2019,Atria Books,3,20,16,"Dr. David Sinclair, a leading geneticist at Harvard Medical School, proposes a radical new theory: aging is a disease, and that disease is treatable. He introduces the ""Information Theory of Aging,"" suggesting that our bodies lose the epigenetic information required to keep cells healthy over time. Sinclair explores the cutting-edge science of sirtuins, resveratrol, and NAD+ boosters, alongside lifestyle interventions like intermittent fasting and cold exposure. This book is a visionary look at how humanity might soon extend not just its lifespan, but its ""healthspan,"" fundamentally redefining what it means to grow old."
395,9780465037865,The Character of Physical Law,Richard Feynman,1965,MIT Press,3,11,8,"Based on a series of legendary lectures delivered at Cornell University, Richard Feynman explores the fundamental principles that govern the universe. With his trademark wit and unparalleled ability to simplify the complex, Feynman discusses the law of gravitation, the conservation of energy, the symmetry of physical laws, and the mysterious nature of quantum mechanics. Rather than focusing on dense mathematics, he emphasizes the elegance and ""character"" of these laws, providing a profound philosophical look at how scientists uncover the hidden patterns of reality."
394,9780393341553,The Quantum World,Kenneth W. Ford,2004,Harvard University Press,3,9,6,"Kenneth W. Ford provides a highly accessible introduction to the bizarre and counter-intuitive world of subatomic particles. He guides readers through the ""standard model"" of particle physics, explaining the properties of quarks, leptons, and bosons without requiring a background in advanced mathematics. The book focuses on the historical development of quantum theory and the experiments that revealed the wave-particle duality of matter, making the invisible world of quantum fluctuations feel tangible and fascinating for the curious layperson."
389,9781101912379,Killers of the Flower Moon,David Grann,2017,Doubleday,2,35,30,"David Grann uncovers one of the most monstrous crimes in American history: the serial murder of members of the Osage Nation in Oklahoma during the 1920s. After oil was discovered beneath their land, the Osage became the richest people per capita in the world, only to be targeted by a chilling conspiracy of greed and cold-blooded killing. Grann details the bungled local investigations and the birth of the FBI under J. Edgar Hoover, who used the case to build the bureau’s reputation. It is a staggering work of narrative non-fiction that exposes a deep-seated legacy of racism and corruption."
393,9780385513654,The Looming Tower,Lawrence Wright,2006,Knopf,2,15,12,"Lawrence Wright’s Pulitzer Prize-winning masterpiece provides a definitive history of the events leading up to the September 11 attacks. Through years of research and hundreds of interviews, Wright traces the rise of Islamic fundamentalism, the formation of Al-Qaeda, and the lives of key figures like Osama bin Laden and Ayman al-Zawahiri. Crucially, the book also explores the disastrous intelligence failures and the rivalry between the FBI and CIA that prevented the plot from being thwarted. It is a sweeping, tragic, and essential account of how the modern world was reshaped by terror."
390,9780316450034,The Splendid and the Vile,Erik Larson,2020,Crown,2,28,22,"Erik Larson provides a gripping, day-by-day account of Winston Churchill’s first year as Prime Minister during the Blitz. By drawing on diaries, original archival documents, and once-secret intelligence reports, Larson moves between the high-stakes political drama of Downing Street and the personal lives of Churchill’s family and inner circle. The book captures the sheer terror of the Nazi bombing campaign and the indomitable spirit of a leader who used his mastery of the English language to hold a nation together when it stood alone against tyranny."
308,9780500202470,Abstract Expressionism,David Anfam,1990,Thames & Hudson,4,9,7,"David Anfam provides a definitive survey of the first American art movement to achieve international influence. He explores the works of titans like Jackson Pollock, Mark Rothko, and Willem de Kooning, analyzing how they moved beyond representation to explore themes of myth, the subconscious, and the sheer physicality of paint. Anfam situates the movement within the anxious context of post-WWII America, explaining how these artists transformed the ""canvas as an arena"" into a site of profound emotional and existential struggle."
304,9780500204498,The Art of Art History,Donald Preziosi,1998,Oxford University Press,4,7,5,"Donald Preziosi’s anthology is a critical examination of the discipline of art history itself. It brings together key texts that explore how we categorize, value, and interpret visual culture. Preziosi challenges the traditional ""biological"" model of art history (birth, maturity, and decay of styles) and introduces modern perspectives from semiotics, deconstruction, and feminism. It is an intellectually rigorous resource for anyone who wants to understand how the stories we tell about art are constructed and whose interests those stories serve."
382,9781501160837,The Seven Husbands of Evelyn Hugo,Taylor Jenkins Reid,2017,Atria Books,1,30,25,"Taylor Jenkins Reid tells the glamorous and heartbreaking life story of a fictional Hollywood icon. Aging and reclusive, Evelyn Hugo is finally ready to tell the truth about her glamorous life—and her seven marriages. But as she recounts her journey from 1950s Hell’s Kitchen to the height of stardom, she reveals a secret love that she kept hidden for decades. It is a sweeping tale of ambition, forbidden passion, and the high price of fame, exploring the difference between the public image we project and the private truth of who we love."
402,9780393358445,The End of Everything,Katie Mack,2020,Scribner,3,15,12,"Theoretical astrophysicist Katie Mack takes us on a mind-bending tour of the five possible scenarios for how the universe will ultimately end: the Big Freeze, the Big Crunch, the Big Rip, Cosmic Inflation, and the terrifying ""Vacuum Decay."" With a witty and accessible voice, Mack explains the fundamental physics—from entropy to dark energy—that will determine our cosmic fate. It is a brilliant meditation on the temporary nature of our existence, proving that even the end of time and space can be a fascinating, if somewhat existential, adventure."
401,9780525557562,Breath,James Nestor,2020,Riverhead Books,3,40,35,"James Nestor explores the thousands of years of medical history and cutting-edge research to show how humans have lost the ability to breathe properly—and why it matters. He investigates the physiological impact of mouth breathing versus nasal breathing and introduces ancient practices like Pranayama and Buteyko. Nestor demonstrates how changing the way we breathe can jump-start athletic performance, rejuvenate internal organs, halt snoring and asthma, and even straighten scoliotic spines. It is a fascinating blend of investigative journalism and biological science that reveals the most fundamental pillar of our health."
399,9780316441704,Blue Machine,Helen Czerski,2023,W. W. Norton,3,12,10,"Physicist Helen Czerski explores the ocean not just as a body of water, but as a vast, interconnected machine that drives our planet’s climate and sustains life. By examining the physics of waves, currents, and thermodynamics, Czerski explains how the ""blue machine"" moves heat and nutrients around the globe. From the tiny creatures that hitch rides on ocean currents to the massive conveyor belts of deep-sea water, this book provides a profound understanding of the Earth's most vital life-support system and why its health is critical to our survival."
400,9781400033416,The Botany of Desire,Michael Pollan,2001,Random House,3,14,11,"Michael Pollan flips the script on our relationship with the natural world by looking at it from the plants' perspective. He explores how four familiar plants—the apple, the tulip, marijuana, and the potato—have evolved to satisfy human desires for sweetness, beauty, intoxication, and control. In doing so, these plants have induced us to spread their genes across the globe. It is an ingenious work of natural history that challenges the idea of human agency, suggesting that we are as much the pawns of the domestic species we cultivate as they are ours."
404,9780500201671,Art Nouveau,Stephen Escritt,2000,Phaidon,4,8,6,"Stephen Escritt provides a global perspective on the Art Nouveau movement that swept through Europe and America at the turn of the 20th century. Characterized by its flowing, organic lines and integration of art into everyday life, the movement sought to break down the barrier between ""high art"" and craftsmanship. From the architecture of Antoni Gaudí to the posters of Alphonse Mucha and the glassware of Tiffany, this book explores how Art Nouveau reflected the anxieties and aspirations of a world transitioning into the modern industrial age."
405,9780500204245,The Gothic,Michael Camille,1996,Thames & Hudson,4,5,3,"Michael Camille offers a provocative and visually rich analysis of Gothic art and culture. Rather than focusing solely on the structural engineering of cathedrals, Camille explores the ""Gothic"" as a mindset—a world of grotesque marginalia, vivid stained glass, and the complex relationship between the sacred and the profane. He examines how Gothic imagery functioned in the lives of both the elite and the common people, revealing a culture that was far more obsessed with visual spectacle, identity, and the boundaries of the body than previously imagined."
406,9780500203590,Modern Sculpture,Herbert Read,1964,Thames & Hudson,4,7,4,"Herbert Read, one of the 20th century's most influential art critics, traces the evolution of sculpture from the late 19th century to the post-war era. Starting with Rodin, Read examines how sculptors broke away from the tradition of monumental representation to embrace abstraction, surrealism, and the truth of materials. He provides deep insights into the work of masters like Brancusi, Henry Moore, and Giacometti, exploring how the three-dimensional form was reinvented to express the internal psychological realities of the modern era."
398,9780062259035,Hidden Figures,Margot Lee Shetterly,2016,William Morrow,3,18,15,"Margot Lee Shetterly tells the incredible untold story of the Black female mathematicians—""human computers""—who played a crucial role in the American space race at NASA. Focusing on Katherine Johnson, Dorothy Vaughan, and Mary Jackson, the book chronicles their fight against both the laws of physics and the systemic racism of Jim Crow-era Virginia. Their brilliant calculations were essential to the success of Project Mercury and the Apollo missions, finally giving these pioneers the recognition they were long denied in the history of science and technology."
415,9781492051299,Learning JavaScript Design Patterns,Addy Osmani,2012,O'Reilly Media,5,22,18,"Addy Osmani, an engineering manager at Google, provides a comprehensive guide to applying modern design patterns to the JavaScript ecosystem. The book explores classic patterns (Constructor, Singleton, Module, Observer) as well as more modern architectural patterns like MVC, MVP, and MVVM. It explains how these patterns can help developers write more organized, efficient, and maintainable code in an increasingly complex front-end world. Whether you are working with vanilla JS or a modern framework like React or Vue, understanding these structural blueprints is vital for building robust web applications."
416,9781119724230,CompTIA Security+ Study Guide,Mike Chapple,2021,Sybex,5,15,12,"Mike Chapple’s guide is a rigorous and comprehensive resource for professionals preparing for the SY0-601 exam. It covers the core knowledge required of any cybersecurity role and provides a springboard into intermediate-level cybersecurity jobs. The book explores practical topics such as threat management, cryptography, identity and access management, and secure network architecture. With a focus on real-world scenarios and hands-on exercises, it provides the fundamental security knowledge needed to protect networks, devices, and data in an increasingly hostile digital environment."
410,9780810995079,The Art of Pixar,Amid Amidi,2011,Chronicle Books,4,20,18,"Amid Amidi takes readers on a breathtaking visual journey through the first 25 years of Pixar Animation Studios. This collection features the complete color scripts from every feature film—from ""Toy Story"" to ""Cars 2""—revealing how the studio uses color and light to guide the emotional arc of a story. It is a masterclass in visual storytelling, showcasing the development art, character sketches, and environment designs that have defined the look of modern computer animation. For fans of cinema and digital art, it is a testament to the meticulous craftsmanship and artistic vision behind some of the world’s most beloved films."
408,9780500288122,Street Art,Cedar Lewisohn,2008,Tate Publishing,4,15,12,"Cedar Lewisohn explores the vibrant and often controversial world of street art, tracing its evolution from illegal graffiti to a globally recognized art movement featured in major museums. The book analyzes the different styles and techniques used by artists around the world, from stencils and stickers to massive murals. It also delves into the political and social motivations behind street art, examining how artists use the urban landscape as a canvas for protest, identity, and cultural commentary. It is a comprehensive look at how ""vandalism"" became a legitimate and powerful form of contemporary artistic expression."
411,9780500204320,Minimalism,David Batchelor,1997,Cambridge University Press,4,9,7,"David Batchelor provides a concise and critical introduction to the Minimalist movement that emerged in the 1960s. He explores how artists like Donald Judd, Dan Flavin, and Agnes Martin sought to strip art down to its most basic elements, rejecting the emotionalism of Abstract Expressionism. The book examines the movement’s emphasis on industrial materials, geometric forms, and the relationship between the artwork and the space it occupies. It is an essential guide to understanding one of the most influential aesthetic shifts in modern art, which continues to impact everything from architecture to graphic design."
306,9780810927049,History of Art,H.W. Janson,1962,Abrams,4,5,2,"Janson’s ""History of Art"" has been the standard-setting textbook for generations of art history students. This monumental survey covers the entirety of Western art, from the prehistoric caves of Lascaux to the complexities of the late 20th century. Known for its clear prose and rigorous historical context, Janson treats art not just as a series of masterpieces, but as a reflection of the social, political, and philosophical shifts of each era. It is an indispensable reference for anyone seeking a comprehensive understanding of the visual heritage of humanity."
396,9781501173912,The Life Scientific: DNA,James Watson,1968,Cold Spring Harbor,3,7,4,"James Watson’s personal account of the discovery of the structure of DNA is one of the most famous and controversial books in the history of science. Written with a candid, almost gossipy style, Watson recounts the race against Linus Pauling and the collaborative (and sometimes competitive) relationship with Francis Crick. While it captures the thrill of scientific breakthrough and the ""aha!"" moment of the double helix, it is also a fascinating look at the human side of research—complete with the egos, rivalries, and gender dynamics that characterized 1950s academia."
403,9780316511636,The Book of Hope,Jane Goodall,2021,Celadon Books,3,13,10,"In this deeply moving dialogue, legendary primatologist Jane Goodall explores one of the most elusive human feelings: hope. Drawing on her decades of experience studying chimpanzees in Gombe and her current role as a global environmental activist, Goodall argues that hope is not a passive wish but a survival trait that requires action. She outlines four ""reasons for hope"": the amazing human intellect, the resilience of nature, the power of young people, and the indomitable human spirit. It is a powerful call to action for anyone feeling overwhelmed by the challenges facing our planet."
420,9781492080510,Kubernetes: Up and Running,Brendan Burns,2017,O'Reilly Media,5,30,26,"Written by the co-founders of the Kubernetes project, this book provides a practical, hands-on guide to the container orchestration platform that has revolutionized the cloud. It explains how to build, deploy, and scale applications using Kubernetes, covering core concepts like Pods, Services, ReplicaSets, and Ingress. The authors provide expert insights into the design philosophy of the system and share best practices for managing stateful applications, security, and cluster monitoring. It is the essential starting point for any engineer looking to master the infrastructure of modern cloud-scale software."
418,9781492078005,Cloud Native Patterns,Cornelia Davis,2019,Manning,5,18,14,"Cornelia Davis explains how to build software that thrives in the unpredictable environment of the cloud. This book moves beyond simple deployment to explore the fundamental shifts in thinking required for cloud-native architecture. It covers critical patterns such as service discovery, request retries, circuit breakers, and distributed configuration. By understanding these concepts, developers can build resilient, scalable systems that can handle the failures and fluctuations inherent in distributed platforms. It is a vital bridge between traditional enterprise development and the world of modern cloud computing."
417,9780134092669,Enterprise Integration Patterns,Gregor Hohpe,2003,Addison-Wesley,5,12,9,"Gregor Hohpe and Bobby Woolf provide a classic catalog of 65 patterns for integrating large-scale enterprise applications. In an era where systems must communicate across diverse platforms and networks, this book offers a consistent vocabulary and set of visual notations for describing messaging solutions. It covers topics like message routing, transformation, and endpoint management. Even as technologies like Kafka and RabbitMQ evolve, the core principles of asynchronous communication and loose coupling defined in this book remain the bedrock of modern system-of-systems architecture."
421,9780134685991,Effective C++,Scott Meyers,2005,Addison-Wesley,5,20,15,"Scott Meyers’ ""Effective C++"" is widely considered one of the most important books for C++ programmers. It is organized into 55 specific ways to improve your programs and designs, covering everything from resource management to template metaprogramming. Meyers emphasizes the importance of understanding the compiler's behavior and the nuances of the language’s ""unusual"" features. Even with the advent of newer C++ standards, the fundamental best practices for writing clear, efficient, and bug-free code outlined in this book remain essential for any serious systems programmer."
407,9780300215007,The Art of Renaissance Florence,Loren Partridge,2009,University of California Press,4,6,2,"Loren Partridge provides a brilliant survey of the artistic explosion that occurred in Florence during the 15th and 16th centuries. He examines the works of Brunelleschi, Donatello, Botticelli, and Michelangelo, not just as isolated masterpieces, but as products of a specific political and religious environment. The book explores how the Medici family’s patronage and the rise of humanism transformed the city into a living laboratory for perspective, anatomy, and classical idealism. It is a stunning visual and intellectual history of the era that birthed the modern concept of the artist."
412,9781594749292,The Art of Horror,Stephen Jones,2015,Applause Books,4,12,10,"Stephen Jones presents a terrifyingly beautiful history of the horror genre across all media—from gothic novels and pulp magazines to classic cinema and modern digital art. The book features hundreds of rare and iconic images, exploring the recurring themes of monsters, vampires, zombies, and the supernatural. It analyzes how horror art has evolved to reflect our collective anxieties and fears throughout history. For fans of the macabre, it is an exhaustive and visually arresting celebration of the dark side of the human imagination."
409,9781856695114,The Design Encyclopedia,Mel Byars,1994,MoMA,4,4,2,"Published by MoMA, this massive reference work by Mel Byars is the ultimate guide to the world of modern design. It covers over a century of designers, firms, and movements, featuring more than 3,500 entries on furniture, lighting, glass, and industrial products. From the elegance of the Bauhaus to the playful forms of Postmodernism, the encyclopedia provides a comprehensive look at the objects that have shaped our domestic and public lives. It is a vital resource for scholars, collectors, and anyone passionate about the history of visual and material culture."
312,9780500284551,The New Art History,Jonathan Harris,2001,Routledge,4,8,6,"Jonathan Harris provides a critical introduction to the radical transformation of art history since the 1970s. This book examines how ""New Art History"" challenged the traditional focus on connoisseurship and formal aesthetics by integrating perspectives from Marxism, feminism, psychoanalysis, and post-colonial theory. Harris explores how art is inextricably linked to power, social class, and ideology, arguing that an artwork cannot be understood in isolation from the political and social structures in which it was produced."
335,9780618129249,Churchill: A Biography,Roy Jenkins,2001,Macmillan,2,10,8,"Roy Jenkins, a master biographer and former British Home Secretary, delivers a definitive single-volume life of Winston Churchill. Jenkins brings a unique political insider’s perspective to Churchill’s long and turbulent career, from his early military adventures in the Boer War to his leadership during World War II and his final years in the Cold War era. The biography is celebrated for its balanced view, capturing both Churchill’s legendary rhetorical power and his significant political failures, all written in a sophisticated and witty prose style."
341,9780140138399,The Fatal Shore,Robert Hughes,1986,Knopf,2,6,3,"Robert Hughes provides a harrowing and epic history of the birth of Australia from its origins as a British penal colony. Spanning the late 18th to the mid-19th century, Hughes details the brutal ""system"" of convict transportation and the immense suffering of the men and women exiled to the edge of the world. Beyond the tales of chain gangs and bushrangers, the book explores how this traumatic beginning shaped the national identity and character of modern Australia, written with the descriptive power of a novelist."
250,9780765314093,"Knife of Dreams (The Wheel of Time, Book 11)",Robert Jordan,2005,Tor Books,1,6,0,"The late Robert Jordan's final solo contribution to the series is a fast-paced return to form. The ""cracks"" in reality are becoming visible as the Dark One's touch on the world strengthens. Mat Cauthon faces the ancient Gholam, Perrin Aybara finally confronts the Shaido Aiel at the Battle of Malden, and Egwene al'Vere wages a war of will and subversion from within the dungeons of the White Tower. It serves as a masterful setup for the grand finale, bringing long-running plot threads to their explosive conclusions."
375,9780525562818,The Overstory,Richard Powers,2018,W. W. Norton,1,10,8,"Richard Powers’ Pulitzer Prize-winning novel is a sprawling, multi-layered epic that tells the stories of nine different people whose lives are uniquely intertwined with trees. Moving from the antebellum South to the late-20th-century ""Timber Wars"" in the Pacific Northwest, the narrative explores the communication and intelligence of the forest itself. It is a profound meditation on the relationship between humans and the natural world, urging us to recognize a vast, slow-moving reality that exists far beyond the limits of human time."
383,9780312612146,The Nightingale,Kristin Hannah,2015,St. Martin's Press,1,22,18,"Kristin Hannah tells the story of two sisters in France during World War II, each embarking on her own dangerous path toward survival and resistance. While Vianne must endure the Nazi occupation of her home and protect her daughter, the rebellious Isabelle joins the Resistance, risking her life to help downed Allied pilots escape across the Pyrenees. It is a powerful exploration of the ""women’s war""—the quiet, often invisible courage of those who fought on the home front to save lives and preserve their humanity."
350,9780805096569,The Soul of an Octopus,Sy Montgomery,2015,Atria Books,3,10,7,"Sy Montgomery explores the emotional and physical world of one of the most alien and intelligent creatures on Earth. Through her friendships with several octopuses at the New England Aquarium, she reveals their remarkable problem-solving abilities, their distinct personalities, and their capacity for play. Montgomery weaves together natural history and philosophy, questioning the nature of consciousness and what it means to connect with a being that has three hearts and a brain distributed throughout its eight arms."
385,9780618219285,The Course of Mexican History,Michael C. Meyer,1979,Oxford University Press,2,5,2,"This classic text by Michael C. Meyer and William Sherman is widely regarded as the definitive one-volume history of Mexico. It spans from the pre-Columbian civilizations of the Aztecs and Mayans through the Spanish Conquest, the colonial era, the turbulent Revolution, and into the modern age. The authors provide a balanced analysis of political, social, and cultural forces, illustrating how Mexico’s unique identity was forged through a complex blending of indigenous heritage and European influence. It remains an essential resource for students and scholars alike."
392,9780062382610,The Face of Battle,John Keegan,1976,Penguin Books,2,8,5,"John Keegan’s revolutionary work transformed the field of military history by shifting the focus from grand strategy and generals to the actual experience of the ordinary soldier. By analyzing three pivotal battles—Agincourt, Waterloo, and the Somme—Keegan explores how the physical and psychological realities of combat have changed (and stayed the same) over five centuries. He examines the impact of technology, leadership, and the primal fear of death, providing a visceral and deeply human perspective on what it really means to stand on a battlefield."
357,9781594740237,Quirk Books: Secret Lives of Great Artists,Elizabeth Lunday,2008,Quirk Books,4,20,18,"Elizabeth Lunday pulls back the velvet curtain to reveal the scandalous, eccentric, and downright bizarre stories behind the world’s most famous painters and sculptors. From Caravaggio’s brawling and murder charges to Jackson Pollock’s volatile temper and Salvador Dalí’s surrealist stunts, this book provides the ""uncensored"" history that traditional textbooks leave out. With a witty tone and engaging anecdotes, it reminds us that the creators of timeless masterpieces were often flawed, fascinating, and deeply strange human beings."
358,9780500285701,The Thames & Hudson Introduction to Art,Charles Harrison,2009,Thames & Hudson,4,7,4,"Charles Harrison provides a sophisticated and accessible entry point into the world of visual art. Rather than a simple chronological list, this introduction focuses on the ""how"" and ""why"" of art—how it is made, how it is seen, and why it matters. Covering a vast array of media from painting and sculpture to photography and performance art, Harrison encourages readers to develop their own critical eye. It is an ideal companion for anyone looking to move beyond passive viewing and engage deeply with the formal and conceptual language of art."
347,9780062316097,Sapiens: A Graphic History,Yuval Noah Harari,2020,Harper Perennial,3,20,15,"Yuval Noah Harari teams up with renowned comic creators to adapt his global phenomenon into a vibrant graphic novel. This version reimagines the evolution of ""Sapiens"" as a reality TV show, a detective story, and a superhero epic. By utilizing visual metaphors and a cast of recurring characters, it makes complex scientific and historical concepts—like the Cognitive Revolution and the myth-making capacity of humans—extremely accessible and entertaining. It’s a perfect bridge for readers who want the deep insights of the original book in a more dynamic, visual format."
379,9780553213133,The Age of Innocence,Edith Wharton,1920,Bantam,1,8,5,"Edith Wharton’s Pulitzer Prize-winning masterpiece is a searing critique of the rigid social codes of 1870s New York ""High Society."" The story follows Newland Archer, a young lawyer engaged to the conventional May Welland, whose world is upended by the arrival of the scandalous and independent Countess Olenska. Caught between his duty to his class and his longing for true emotional freedom, Archer’s struggle serves as a timeless meditation on the conflict between individual desire and the crushing weight of social expectation. Wharton’s prose is as sharp and precise as the society she depicts."
388,9780802142887,The Quiet American,Graham Greene,1955,Penguin,2,10,8,"Graham Greene’s prophetic 1955 novel is set against the backdrop of the First Indochina War in Vietnam. It tells the story of Thomas Fowler, a cynical British journalist, and Alden Pyle, an idealistic young American agent who believes that ""American democracy"" can solve the region’s problems. Through their rivalry over a young Vietnamese woman and their conflicting political philosophies, Greene explores the dangerous consequences of well-intentioned but naive foreign intervention. It remains a haunting and remarkably relevant critique of Western imperialism and the complexities of the Cold War."
289,9780394746227,The Civil War: A Narrative,Shelby Foote,1958,Random House,2,5,3,"Shelby Foote’s three-volume narrative (represented here) is a literary and historical monument. Foote, a novelist by trade, brings a unique narrative flair to the staggering complexity of the American Civil War. By focusing on the human elements—the personalities of generals like Grant and Lee, the endurance of the common soldier, and the political pressures on Lincoln—Foote creates a vivid, almost cinematic account of the conflict. It is widely praised for its stylistic brilliance and its ability to turn historical facts into a gripping, epic story."
384,9780679760726,The Age of Capital: 1848-1875,Eric Hobsbawm,1975,Vintage,2,7,4,"Eric Hobsbawm continues his magisterial study of the ""long nineteenth century"" by focusing on the era of unprecedented global economic expansion. He analyzes how the rise of industrial capitalism transformed not just Europe, but the entire world, leading to the birth of the global economy. Hobsbawm examines the triumph of the liberal bourgeoisie, the consolidation of nation-states, and the radical shifts in science and the arts, all while highlighting the immense social costs and the burgeoning movements of resistance."
419,9781491919576,The Docker Book,James Turnbull,2014,James Turnbull,5,25,21,"James Turnbull’s guide is a comprehensive introduction to the world of containers. It walks developers and sysadmins through the process of installing Docker, building images, and managing containers at scale. By focusing on practical use cases—such as developing, testing, and deploying microservices—the book shows how Docker can eliminate the ""it works on my machine"" problem. It covers everything from basic Dockerfile syntax to networking and volume management, making it an indispensable resource for anyone transitioning to a DevOps culture."
307,9780300072006,The Analysis of Beauty,William Hogarth,1753,Yale University Press,4,4,3,"Written by the celebrated English painter William Hogarth, this 1753 treatise is a cornerstone of aesthetic theory. Hogarth famously proposes the ""Line of Beauty""—an S-shaped serpentine line that he argues is the basis of all lively and beautiful forms. Moving away from rigid classical rules, he explores six principles that contribute to visual pleasure: fitness, variety, regularity, simplicity, Intricacy, and quantity. This work is not just a historical curiosity but a profound exploration of how we perceive elegance and movement in art and nature."
316,9780596101978,Head First HTML and CSS,Elisabeth Robson,2005,O'Reilly Media,5,25,20,"Utilizing the famous Head First learning style, this book uses a visually rich format designed for the way your brain works. It breaks down the complexities of web design into digestible concepts, teaching you how to build standards-compliant web pages using HTML5 and CSS3. From understanding the box model and positioning to mastering typography and colors, this guide provides a practical, hands-on approach that ensures you don’t just memorize tags, but actually understand how to create engaging, accessible, and responsive user experiences."
433,9787020146857,活着,余华,2021,作家出版社,6,15,15,《活着》是当代作家余华的代表作，讲述了大时代背景下地主少爷福贵悲剧性的一生。故事从福贵年轻时的嗜赌败家开始，通过他在抗日战争、内战及后续数次社会变革中的颠沛流离，展现了中国农民在极度苦难中展现出的顽强生命力。福贵亲眼目睹了父母、妻子、儿女及外孙相继离世，最终只剩下一头老牛与他相依为命。余华以一种近乎冷酷的简洁语言，剥离了温情脉脉的感伤，直接触及生存的本质。这本书不仅是对苦难的记录，更是对生命本身韧性的礼赞。它告诉读者，人是为了活着本身而活着的，而不是为了活着之外的任何事物而活着。这种透彻的生存哲学使该书成为跨越时代的经典，深入探讨了意志与命运的博弈，在当代中文文学史上占据着举足轻重的地位。
434,9787208155251,万历十五年,黄仁宇,2019,上海人民出版社,7,12,12,黄仁宇先生的《万历十五年》是中国现代历史学领域的奇书。作者摒弃了传统史学对帝王将相功过是非的简单评判，转而提出“大历史观”。书中以明朝万历十五年（公元1587年）这一看似平淡无奇的年份为切入点，通过对明神宗朱翊钧、首辅张居正、模范官僚海瑞、抗倭名将戚继光以及哲学家李贽等核心人物的深度解构，揭示了中国封建王朝中后期的体制性困局。黄仁宇指出，当时社会管理依赖的是道德约束而非法律制度，这种“技术上的落后”导致了无论个人如何奋斗，都无法挽回整个王朝走向衰落的宿命。全书叙事宏大而细腻，不仅是一部断代史，更是一次关于政治、文化与社会结构的深刻反思，为现代人理解中国传统社会提供了全新的逻辑框架和历史维度。
435,9787535732309,时间简史,史蒂芬·霍金,2014,湖南科学技术出版社,8,10,10,《时间简史》是享誉全球的物理学家史蒂芬·霍金教授的巅峰之作，被公认为科普界的里程碑。书中，霍金以极其通俗易懂的语言，向大众揭示了宇宙演化的宏伟宏图。从大爆炸理论的最初一秒到恒星演化，再到黑洞的奥秘和宇宙的终极命运，霍金试图回答人类最根本的疑问：宇宙从何而来？它是否会有尽头？书中详细讨论了广义相对论、量子力学及弦理论之间的博弈与融合，并提出了著名的“黑洞辐射”理论。为了方便非专业读者阅读，全书仅包含一个物理公式。它不仅普及了前沿物理学知识，更传递了一种人类永不停止探索未知领域的科学精神。无论读者的科学背景如何，都能在霍金的引导下，突破地球视野的局限，进入到充满想象力与逻辑之美的多维时空，领略宇宙最深处的法则与壮阔。
12,9781639743300,The Silent Meridian,Olivia Hart,2025,HarperCollins,1,32,32,"The Silent Meridian is a literary science fiction novel set in a future where satellite failures have erased global navigation systems. As ships drift off course and aircraft lose orientation, society begins to fracture along new geographic uncertainties. Cartographer Elias North becomes obsessed with restoring a reliable global map, only to discover that the Earth’s magnetic poles are shifting at an unprecedented rate.

 As governments compete for control over emerging navigation technologies, Elias uncovers evidence suggesting that human industrial activity accelerated the planetary instability. The novel explores themes of uncertainty, trust in science, and the fragile structures that hold civilization together. Through rich prose and compelling characters, Hart examines how humanity responds when the invisible systems it depends on collapse without warning."
436,9787500676485,艺术的故事,恩斯特·贡布里希,2008,广西美术出版社,9,8,8,恩斯特·贡布里希爵士的《艺术的故事》被公认为艺术史领域的必读圣经。全书从史前时代的壁画和拉斯科洞窟讲起，一直跨越到现代主义及后现代主义艺术。作者用平易近人的叙述风格，解开了艺术发展脉络中的层层迷雾，让读者明白“艺术”本身并没有对错之分，而是一场关于人类视觉、心理与表达方式的漫长进化。贡布里希强调，艺术史并非单纯的名作堆砌，而是人类对自然界不断观察、尝试和超越的过程。书中包含了大量的彩色插图和精准的艺术点评，分析了哥特式建筑的雄伟、文艺复兴透视法的突破、巴洛克的动感以及印象派对光影的捕捉。阅读本书就像是追随一位博学多才的导师进行一场跨越万年的博物馆之旅，不仅能掌握艺术鉴赏的方法论，更能深刻理解每一件杰作背后所承载的历史文化底蕴和创作者的情感灵魂。
437,9787115147318,代码大全,史蒂夫·迈克康奈尔,2006,电子工业出版社,10,20,20,《代码大全》（Code Complete）是软件构建领域的经典巅峰之作，被誉为程序员提升技艺的必读教科书。作者史蒂夫·迈克康奈尔通过详尽的研究和数千个真实案例，总结了软件开发过程中最核心、最有效的编程实践。本书涵盖了从软件需求定义、系统设计到具体编码、测试和维护的全生命周期。其核心价值在于提出了“软件构建”这一概念，强调了代码编写的质量、可维护性和健壮性。书中详细探讨了如何命名变量、如何设计清晰的子程序、如何通过重构优化代码逻辑，以及如何高效地进行团队协作。不同于市面上针对某种具体编程语言的教程，本书专注于解决编程中的普遍问题和思维模型。无论是初学者还是资深开发人员，都能从中获得关于如何编写整洁代码、如何控制系统复杂性以及如何成为一名专业工程师的深刻见解。
443,9787544270878,解忧杂货店,东野圭吾,2014,南海出版公司,6,20,20,东野圭吾在这部奇幻色彩浓厚的治愈之作中，放弃了其招牌式的冷酷推理，转向了对人性的极致温情探索。故事围绕一家能穿越时空的杂货店展开，三个误入其中的小偷通过回信，改变了多位咨询者的人生轨迹。书中通过精巧的逻辑闭环，将数个独立的故事串联在一起，展现了平凡人在困局中的善念与挣扎。这种对“缘分”与“选择”的深刻探讨，使该书成为跨越年龄阶层的现象级畅销书。它不仅是一部小说，更是一份关于自我救赎与彼此连接的现代童话，深入探讨了每一份认真生活背后的勇气与尊严。
444,9787108053749,江城,彼得·海斯勒,2012,上海译文出版社,7,10,10,作为“中国三部曲”的开篇，海斯勒以一名美国教师的视角，记录了上世纪90年代末四川涪陵这座小城的变迁。这既是一部非虚构文学杰作，也是一部极具深度的当代史料。作者通过对学生、街头小贩、基层官员的近距离观察，展现了中国在改革开放进程中，宏大政治命题如何在普通百姓的日常生活中落地生根。书中充满了对中国社会复杂性的敬畏与幽默的观察，从古老的长江纤夫到新兴的房地产开发，海斯勒捕捉到了那段转型期特有的焦虑与希望，为读者提供了一个审视中国近现代史演变过程的独特微观样本。
445,9787542861290,上帝掷骰子吗？：量子物理史话,曹天元,2008,上海人民出版社,8,15,15,这是一本极具传奇色彩的本土科普著作。作者曹天元以武侠小说般波澜壮阔的叙事方式，回顾了量子物理波澜壮阔的发展史。从光的波粒二象性之争，到爱因斯坦与玻尔的世纪辩论，书中不仅普及了海森堡不确定性原理、薛定谔的猫等硬核概念，更深刻展现了科学天才们在追求真理过程中的智慧碰撞。这种跨学科的叙述不仅让物理学不再枯燥，更让读者领悟到科学探索本身就是人类智慧最壮丽的史诗。该书成功地将物理学的高耸围墙拆除，让每一个对宇宙本质感到好奇的读者，都能参与到这场关于现实与存在逻辑的巅峰思辨中。
446,9787100067645,美学散步,宗白华,2005,商务印书馆,9,8,8,宗白华先生的《美学散步》是中国现代美学的奠基之作，也是通向中国艺术精神的必经之途。不同于西方严谨的逻辑推演，宗先生以诗意而散漫的笔触，漫步在书法、绘画、园林、雕塑等艺术领域之间。他通过对比“初发芙蓉”与“错采镂金”两种审美境界，揭示了中国艺术追求“气韵生动”的核心灵魂。书中不仅探讨了虚实结合的空间意识，更上升到宇宙生命的高度来解读艺术品。这本书是培养东方美学品位、理解中国传统艺术为何追求“意境”的至高指南，不仅启迪了无数艺术家，更让普通读者学会了如何以艺术的眼光重构生活。
447,9787121362217,重构：改善既有代码的设计,Martin Fowler,2019,人民邮电出版社,10,18,18,软件工程领域的另一座里程碑。Martin Fowler在本书中阐述了“重构”的核心理念：在不改变代码外部行为的前提下，对其内部结构进行调整。书中详尽列举了数十种重构技巧，从最简单的变量命名调整到复杂的类层级解耦。通过“代码坏味道”的概念，作者教会开发者如何敏锐地察觉系统退化的信号。重构不仅是一种技术手段，更是一种专业的职业态度，即不断追求代码的简洁、优雅与高效。在一个长期演化的软件项目中，本书提供的系统化方法论是防止系统腐烂、保持团队生产力的唯一良药，对于任何写代码超过一年的工程师来说都是必需的。
252,9780765325952,"Towers of Midnight (The Wheel of Time, Book 13)",Robert Jordan & Brandon Sanderson,2010,Tor Books,1,8,0,"The penultimate chapter of the saga sees the forces of Light gathering for the inevitable confrontation at Merrilor. Perrin Aybara finally masters the wolf dream and forges his legendary hammer, while Mat Cauthon leads a daring rescue mission into the Tower of Ghenjei to save Moiraine Damodred. The shadows are lengthening, and the protagonists must resolve their past grievances and step into their final roles as the world prepares for Tarmon Gai'don."
448,9787532733071,黄金时代,王小波,2017,上海译文出版社,6,12,12,《黄金时代》是王小波“时代三部曲”中最受赞誉的篇章，以文革时期为背景，讲述了知青王二在云南农场与队医陈清扬的一段荒诞而纯粹的爱情故事。王小波以一种独特的、极具逻辑理性的黑色幽默，反抗了那个荒谬时代对人性的异化。书中的王二和陈清扬通过对自己身体的“开发”和对“伟大友谊”的坚守，在精神世界里实现了一种彻底的自由与狂欢。作者的笔触冷峻而幽默，解构了宏大叙事下的虚伪，转而歌颂生命中最原始、最真实的力量。这本书不仅是中国当代文学的一座奇峰，更是一部关于个人自由、智慧与性爱的独立宣言。它告诉读者，即便在最黑暗、最受压抑的环境中，人依然可以拥有一种不被外界左右的、如黄金般灿烂的个人生活。其超越时代的思想深度和独特的叙事风格，至今仍深深影响着无数追求独立思考的青年读者。
449,9787100111164,叫魂：1768年中国妖术大恐慌,孔飞力,2014,商务印书馆,7,8,8,哈佛大学教授孔飞力的这部杰作，通过1768年（乾隆三十三年）席卷中国半个国土的“叫魂”妖术事件，深刻剖析了盛世之下大清帝国的政治生态。故事始于一种名为“叫魂”的割辫妖术传闻，却最终演变成了一场官方发动的政治清洗。孔飞力敏锐地捕捉到了权力结构在危机面前的反应：基层官僚的敷衍塞责、最高统治者乾隆皇帝的焦虑与愤怒，以及普通民众在恐慌中的自我博弈。书中揭示了清代官僚系统如何利用这种社会恐慌来强化皇权，以及皇权如何通过官僚体系实现对社会的控制。这不仅是一部精彩的社会史著作，更是一篇关于权力流转、信息筛选以及官僚政治困局的深刻论文。它为现代读者理解中国传统政治中的监控机制、信息传递误差以及统治者与被统治者之间的张力，提供了一个极具洞察力的微观切片，被公认为海外汉学研究的巅峰之作。
450,9787500140726,复杂,梅拉妮·米歇尔,2018,浙江人民出版社,8,10,10,《复杂》一书由复杂系统领军人物梅拉妮·米歇尔撰写，系统地介绍了这一跨越物理、生物、计算机和社会科学的通用学科。书中深入探讨了什么是“复杂性”，以及复杂系统如何通过简单的个体交互产生宏观的自组织行为。作者从生物进化、蚁群智能到人工智能、细胞自动机，详细拆解了自然界与人类社会中那些看似混乱实则有序的现象。书中不仅介绍了复杂科学的先驱者及其思想碰撞，还对网络科学、信息论和哥德尔不确定性原理等前沿话题进行了深度整合。米歇尔试图揭示一个核心规律：无论是生命体的运作，还是互联网的演变，背后都隐藏着一套通用的复杂性法则。这本书不仅拓展了读者的科学视野，更提供了一种全新的思维范式，让我们学会从系统的、动态的、相互关联的角度去审视这个日益复杂的世界。它对人工智能的未来路径和人类社会的演变逻辑具有极强的启发性。
451,9787222132337,观看之道,约翰·伯格,2015,广西师范大学出版社,9,6,6,约翰·伯格的《观看之道》是一部具有深远影响的艺术批评著作，其核心观点在于揭露我们如何“观看”艺术作品背后所隐藏的权力结构和意识形态。伯格指出，艺术鉴赏从来不是纯粹的美学活动，它深受社会地位、性别视角和阶级利益的影响。书中通过对欧洲古典油画、女性身体表现、以及现代广告图像的对比分析，犀利地指出：在男性目光的凝视下，女性往往被客体化；而在贵族的收藏室里，油画成为了财富和权力的视觉证明。伯格挑战了艺术馆里那种神圣化、精英化的解说方式，鼓励读者打破权威的滤镜，用批判性的眼光去审视周围的视觉环境。全书图文并茂，逻辑紧密，不仅是艺术专业学生的必读书，更是大众在读图时代保持独立思考、识破消费主义套路和文化偏见的强力清醒剂。它深刻重塑了人们对“美”的认知，揭示了艺术与真实生活之间那条隐秘而复杂的纽带。
452,9787111135104,设计模式：可复用面向对象软件的基础,Erich Gamma 等,2000,机械工业出版社,10,20,20,被誉为软件工程领域“圣经”的GoF（Gang of Four）经典之作，正式确立了设计模式在现代软件开发中的核心地位。书中总结了23种最常用的设计模式，并将其分为创建型、结构型和行为型三大类。这些模式代表了全球顶尖程序员在面对软件复杂性时的最佳实践和思维结晶。书中详细讲解了单例模式、观察者模式、工厂模式等如何通过解耦、多态等技术手段，提高代码的可复用性、灵活性和可维护性。虽然书中案例主要基于C++和Smalltalk，但其背后的抽象逻辑和设计思想已经渗透到每一门现代编程语言中。学习本书不仅是为了掌握那二十几种套路，更是为了培养一种“面向对象”的高级审美——即如何通过构件之间的巧妙组合，构建出一个稳固而优雅的软件架构。对于任何志在成为资深架构师的开发者来说，本书提供的通用语言和解决方案是其职业生涯中必须跨越的知识高峰，是解决真实世界复杂工程问题的终极指南。
453,9787229030933,三体,刘慈欣,2010,重庆出版社,6,30,30,《三体》是中国科幻文学的里程碑式作品，刘慈欣凭借此书荣获雨果奖，将中国科幻推向了世界级的高度。故事从文革时期的一场秘密科研计划开始，跨越数个世纪，构建了一个关于地球文明与三体文明生死博弈的宏大史诗。书中不仅包含了极其硬核的物理学构想（如降维打击、智子监控、黑暗森林法则），更对人类本性、文明道德以及宇宙终极命运进行了深刻的哲学拷问。刘慈欣以“技术浪漫主义”的笔触，描绘了宇宙中那种极致的冷酷与宏伟，让人在星空的广袤面前感到人类个体的微小。小说展现了一个充满逻辑美感的宇宙图景，其中“黑暗森林”理论成为了对文明生存策略的经典诠释。它不仅是科幻迷的狂欢，更引发了关于生存竞争、人性底线和社会管理体制的全民大讨论。其宏大的叙事视野和惊人的想象力，使其成为了当代中国最出色的文化出口产品之一，重塑了读者对未来和地外文明的想象底色。
461,9787544256224,世界艺术史,休·荣誉,2013,后浪出版社,9,10,10,作为全球最受欢迎的艺术史教材之一，休·荣誉与约翰·弗莱明合著的《世界艺术史》以其真正的“全球视野”而著称。它突破了传统艺术史以西方为中心的窠臼，详细平衡地呈现了亚洲、非洲、美洲原住民以及伊斯兰文明的艺术成就。全书跨越了从旧石器时代的洞窟壁画到数字时代的装置艺术。作者不仅分析了名作的技法、光影与构图，更深入探讨了艺术创作背后的信仰体系、社会分层与跨文化交流。书中包含上千幅高质量插图，将拉斐尔的优雅、青铜器的威严以及现代艺术的叛逆一一呈现。这不仅是一部审美的指南，更是一部关于人类创造力的百科全书，旨在引导读者理解：艺术是人类对生命意义、宇宙秩序和自我身份最直观、最恒久的表达形式。阅读本书，不仅是审美的升华，更是一次打破文化壁垒、理解全人类共同精神遗产的灵魂之旅。
463,9787532721894,百年孤独,加西亚·马尔克斯,2011,南海出版公司,6,25,25,《百年孤独》是诺贝尔文学奖得主加西亚·马尔克斯的巅峰之作，也是魔幻现实主义文学最璀璨的明珠。小说通过布恩迪亚家族七代人在马孔多小镇的兴衰荣辱，浓缩了整个拉丁美洲近百年的历史变迁。书中，现实与神话、生者与死者、现代文明与原始信仰奇妙地交织在一起。马尔克斯以令人惊叹的想象力，描绘了战争、瘟疫、乱伦以及永恒的孤独。这种孤独不仅是家族的宿命，更是对拉美民族在落后与抗争中徘徊不前的隐喻。书中的每个角色都以不同的方式反抗孤独，却最终都归于尘土。其精湛的叙事结构和如万花筒般瑰丽的词藻，使其被誉为“继《创世记》之后首部值得全人类阅读的巨著”。它不仅改变了世界对拉美文化的认知，更为文学创作开辟了全新的表现空间，探讨了人类在循环往复的历史中如何寻找存在的尊严。
454,9787539992648,巨人的陨落,肯·福莱特,2016,江苏凤凰文艺出版社,7,15,15,作为“世纪三部曲”的第一部，肯·福莱特以令人惊叹的笔力，全景式地还原了第一次世界大战前后的世界动荡。小说选取了五个来自不同国家的家族——英国贵族、威尔士矿工、俄国流亡兄弟、德国外交官以及美国白宫特工，将他们的命运巧妙地编织在真实的历史进程中。从萨拉热窝的枪声到凡尔登绞肉机，从俄国十月革命的红旗到妇女参政权的博弈，书中每一个虚构人物的每一次抉择都与历史巨变息息相关。福莱特精准地捕捉到了那个时代旧秩序崩塌、新力量萌发的阵痛。书中既有细腻的私人情感，又有波澜壮阔的政治斗争，让读者仿佛亲身行走在二十世纪初的伦敦、莫斯科和华盛顿。其严谨的历史考据和如电影般流畅的叙事，使得复杂的历史知识变得触手可及。这是一部关于勇气、理想、背叛与爱的大型交响乐，向读者展示了普通人是如何在历史的惊涛骇浪中，凭借韧性生存并最终改变世界的微光。
456,9787544256223,中国绘画史,陈师曾,2011,南海出版公司,9,5,5,陈师曾作为近现代中国画坛的宗师，其所著《中国绘画史》是理解中国画演进脉络的开山之作。全书精炼地梳理了从远古象形、秦汉壁画到隋唐繁盛、宋元意境、明清流派的完整历史。陈师曾不仅关注技法的演变，更深入探讨了中国画背后“文人画”精神的内核——即艺术不再是简单的状物写生，而是画家心境、人品与宇宙生命的统一。书中对不同朝代名家的画作进行了精准而独到的点评，剖析了“气韵生动”、“骨法用笔”等核心概念在不同时期的具体体现。作者强调，中国艺术的价值在于其超脱物象的意境追求。这本简明扼要的著作，去除了繁冗的考据，直接把握住了中国艺术的灵魂，对于想要系统掌握中国古典美学体系、提升国画鉴赏水平的读者来说，是不可多得的入门与进阶指南。它所承载的传统文化自信，在当今艺术语境下依然具有极高的参考价值。
693,9780000000026,The Snowball,Alice Schroeder,2008,Bantam,12,5,5,"“The Snowball” by Alice Schroeder is a biography of Warren Buffett, chronicling his life, investment strategies, and personal philosophy. Schroeder explores Buffett’s childhood, career, business decisions, and the principles that guided his success in finance. The book provides insight into wealth accumulation, ethical investing, and the mindset of one of the world’s most respected investors. Readers gain an understanding of Buffett’s approach to decision-making, risk management, and philanthropy. Through detailed research, interviews, and narrative storytelling, “The Snowball” offers a comprehensive and inspiring account of the life and lessons of Warren Buffett."
457,9787115439581,深度学习,Ian Goodfellow 等,2017,人民邮电出版社,10,25,25,被人工智能学界公认为“花书”的《深度学习》，是由AI领域大神Ian Goodfellow、Yoshua Bengio和Aaron Courville共同撰写的权威教科书。该书系统地建立了深度学习的数学基础和算法框架。全书分为三部分：首先是线性代数、概率论与信息论等数学基础；其次是深度学习的核心技术，涵盖了深度前馈网络、正则化、优化算法、卷积网络和序列建模（RNN）等；最后是该领域的前沿方向，如生成模型、线性因子模型及强化学习。书中不仅解释了算法如何运作，更深入探讨了神经网络为何能够从海量数据中学习到复杂的特征表示。它是当今AI研究者、算法工程师和相关专业学生的必备读物。虽然由于其理论广度和数学深度而被视为具有一定的挑战性，但只要能够沉下心来通读，便能构建起对整个人工智能大厦底层逻辑的深刻理解，是从应用层跨越到研究层的关键跳板。
458,9787020127115,白夜行,东野圭吾,2017,南海出版公司,6,20,20,《白夜行》是日本推理小说大师东野圭吾最具争议且最为宏大的作品，被誉为“无望却坚韧的爱情”的极致巅峰。故事跨越十九年，讲述了在大阪的一桩命案之后，嫌疑人之子亮司与被害人之女雪穗之间纠缠一生的命运。东野圭吾以一种独特的“缺位”手法，从未直接描写两人的交往，却通过旁观者的视角勾勒出他们如“互利共生”般的隐秘联系。亮司在黑暗的通风管中前行，而雪穗在光鲜的上流社会攀升，他们互为彼此唯一的阳光。书中对人性之恶的描写深不见底，对社会体制对青少年摧残的反思振聋发聩。这种在“极恶”中诞生的“极情”，让读者在感到毛骨悚然的同时，又产生一种难以言喻的悲悯。它不仅是一部严丝合缝的本格推理，更是一部探讨创伤、救赎与人性复杂边界的社会学寓言，深刻揭示了人在绝望境遇下为了生存和守护所能付出的惨烈代价。
459,9787508651224,人类简史,尤瓦尔·赫拉利,2014,中信出版社,7,25,25,《人类简史》是一部颠覆性、史诗级的全球通史著作。作者尤瓦尔·赫拉利教授不再纠结于朝代更迭或英雄事迹，而是从宏大的物种进化视角出发，梳理了智人从一种微不足道的非洲灵长类，到主宰地球的生命巅峰的历程。书中提出了震撼人心的“认知革命”、“农业革命”与“科学革命”三大命题。赫拉利认为，人类之所以能实现大规模协作，核心秘诀在于“虚构故事”的能力——如宗教、国家、金钱和人权。他深刻指出，这种虚构的秩序构成了人类社会运行的基础。全书横跨演化生物学、人类学和社会学，以极具穿透力的笔触探讨了技术进步是否真的让人们过得更幸福。这种全局性的思考模式，彻底打破了传统史学的局限，为读者提供了一个审视自身种群定位、社会结构及未来演化方向的全新坐标系，被公认为21世纪最具启发性的历史思想之作。
460,9787508619293,黑天鹅,纳西姆·塔勒布,2008,中信出版社,8,15,15,《黑天鹅》是纳西姆·塔勒布关于随机性、概率和不确定性的思想杰作。所谓的“黑天鹅事件”，是指那些极度罕见、影响巨大、且在事后看来具有某种解释性的不可预测事件。塔勒布在书中无情地批判了现代金融界和科学界迷信“正态分布”的短视行为，认为人类往往倾向于在充满未知的世界里寻找虚假的确定性。书中结合了大量的哲学思辨、历史案例与概率论研究，阐述了在充满波动性的环境下，如何通过构建“反脆弱性”来抵御风险甚至从中获益。这本书不仅是金融投资领域的必读手册，更是一部关于世界本质的深度启示录。它挑战了我们对于预测、计划和安全感的传统认知，教会读者在充满噪声的信息洪流中，保持清醒的判断力。对于理解当代社会中突发的政治、科技及金融动荡，本书提供了一套极为深刻的逻辑防线。
462,9787111623198,计算机程序的构造和解释,Harold Abelson 等,2019,机械工业出版社,10,12,12,被誉为“巫师书”（Wizard Book）的SICP，是计算机科学领域最顶尖、最深邃的著作之一。它源自麻省理工学院（MIT）长达数十年的经典课程。本书不教你某种热门的工具，而是通过Lisp/Scheme语言，深入探讨了计算的本质。书中涵盖了抽象过程、数据抽象、模块化、以及计算模型等核心命题。其最震撼人心之处在于，它展示了通过“组合”和“抽象”这两大武器，人类可以如何构建起极其复杂的软件系统。书中关于闭包、递归、元循环解释器以及并行计算的论述，超越了具体语言的限制，直接触及了编程作为一种“艺术与逻辑高度统一”的本质。对于习惯了命令式编程的开发者来说，阅读此书是一场思维的“降维打击”，它会迫使你重新审视什么是程序、什么是数据、以及人类如何用语言来描述解决问题的策略。它是从“码农”进化到“计算机科学家”的必经之路。
464,9787544766869,大外交,亨利·基辛格,2018,海南出版社,7,10,10,作为国际政治现实主义学派的代表作，基辛格在这部卷帙浩繁的著作中，系统梳理了从黎塞留、梅特涅、俾斯麦到现代冷战的近四百年世界外交史。基辛格以政治家兼学者的双重身份，深刻阐述了“权力平衡”与“均势理论”在国家博弈中的核心作用。书中对不同政治领袖的外交风格进行了入木三分的点评，探讨了理想主义与现实主义在美国外交政策中的博弈。基辛格强调，和平并非来自道德上的说教，而是来自大国之间利益的巧妙妥协与制衡。全书叙事宏大，逻辑严密，揭示了世界秩序构建背后那些不为人知的冷酷博弈与战略考量。对于理解当代国际关系中的大国冲突、联盟演变以及如何在地缘政治风暴中寻求稳定性，本书提供了教科书级的洞察。它是一部关于权力、智慧与妥协的艺术论集，是全球战略家与决策者的必读典籍。
465,9787508678221,原则,瑞·达利欧,2018,中信出版社,8,30,30,《原则》由桥水基金创始人瑞·达利欧所著，不仅是一部投资经，更是一部将科学决策、系统思维应用到生活与管理的逻辑指南。达利欧将自己的一生视为一台“复杂的机器”，并通过“原则”来实现对这台机器的优化。书中详述了他如何运用“极度求真”和“极度透明”的原则，在充满不确定性的金融市场中寻找可复制的成功模式。他倡导一种类似演化生物学的视角：通过不断的“尝试、失败、分析、改进”来实现认知的进化。书中涵盖了生活原则和工作原则两大板块，详细讨论了如何建立“创意择优”的团队机制。这种高度系统化、去情感化的决策方法，旨在消除人类认知偏差带来的误判。无论读者的职业背景如何，本书提供的关于思维闭环、痛点反思以及系统建模的方法论，都能极大地提升个人解决复杂问题的效率，是一部关于如何在这个充满随机性的世界里科学生活的操作手册。
466,9787108003645,中国艺术精神,徐复观,2001,华东师范大学出版社,9,8,8,徐复观先生的《中国艺术精神》是继宗白华之后的又一美学高峰，它从儒道两家的哲学源头出发，深入探讨了中国艺术的核心底蕴。徐先生敏锐地指出，中国艺术精神的最高表现不在于宗教，而在于对人生境界的审美转化。书中重点论析了庄子的虚静、淡泊如何演变为中国山水画中“逸品”的追求。他认为，中国画家通过“澄怀味象”，在笔墨之间实现了一种超越名利的自由境界。全书考据精严，思想深邃，解析了魏晋玄学与山水艺术兴起的关系，揭示了为何中国艺术追求的是一种生命的回响而非形似的复写。这是一部理解中国文人精神图腾、体悟“天人合一”在视觉领域如何落地的必读佳作。它不仅让读者懂得如何欣赏国画的线条与留白，更能引导读者在物欲横溢的现实中，通过艺术的路径寻找到内心的宁静与高洁。
467,9787111128069,计算机网络：自顶向下方法,James F. Kurose 等,2018,机械工业出版社,10,18,18,"不同于传统的计算机网络教材，本书采用了创新的“自顶向下”教学模式，从与用户最接近的应用层（HTTP, DNS, Email）开始讲起，逐渐下推至传输层（TCP/UDP）、网络层（IP）、链路层乃至物理层。这种符合认知心理学的设计，让读者能迅速理解互联网是如何支撑我们日常应用的，从而极大地提高了学习兴趣。书中对协议的交互细节、拥塞控制机制以及网络安全防护等话题进行了极其详尽且生动的描述。配以大量的抓包实验（Wireshark）和课后习题，本书旨在培养读者解决真实网络环境问题的能力。它不仅揭示了信息是如何在毫秒之间跨越半个地球进行传输的，更深刻展示了分布式协议设计中的权衡艺术。对于想要进入云计算、网络架构或安全领域的开发者来说，本书提供的知识图谱是不可或缺的底层支柱，它将零散的技术细节串联成了一个宏伟而有序的全球信息网络体系。"
468,9787532749522,追风筝的人,卡勒德·胡赛尼,2006,上海译文出版社,6,18,18,《追风筝的人》是阿富汗作家卡勒德·胡赛尼的成名作，以其感人至深的情感力量震撼了全球读者。小说讲述了阿富汗富家少爷阿米尔与仆人哈桑之间跨越阶级与种族的友谊，以及由于阿米尔的一次懦弱背叛而引发的长达数十年的自我救赎。胡赛尼以细腻的笔触，将个人的命运编织在阿富汗从君主制覆灭到塔利班统治的历史巨变中。书中的“风筝”不仅是儿时的游戏，更是关于正直、勇气和忠诚的象征。那句“为你，千千万万遍”成为了文学史上最动人的承诺。全书深刻探讨了罪恶与救赎、父子关系、以及身份认同等永恒命题。它向读者展示了，即便在充满了战火、背叛和流离失所的残酷世界里，人类依然可以通过面对过去的勇气，寻找到那条“再次成为好人的路”。这是一部探讨人性暗面与光辉的杰作，让无数读者在泪水中重新审视灵魂的重量。
469,9787108053748,寻路中国,彼得·海斯勒,2011,上海译文出版社,7,12,12,作为“中国三部曲”的终结篇，《寻路中国》记录了作者彼得·海斯勒（何伟）驾车穿越中国北方，以及他在浙赣交界的小镇见证中国乡镇企业兴起的真实经历。海斯勒以一种极其冷静且富有幽默感的笔调，捕捉到了21世纪初中国社会剧烈变革中的微观细节。书中分为三部分：长城沿线的自驾之旅、一个偏远山村的家庭迁徙、以及一个高度专业化的工业小镇的快速崛起。通过对普通农民、小工厂主和推销员的深度跟踪，作者揭示了中国经济奇迹背后那些充满张力的个体奋斗。他敏锐地察觉到，中国人的生活方式在汽车时代、城镇化扩张以及全球化贸易的冲击下，正在发生不可逆转的重构。这不仅是一部优秀的非虚构文学，更是一部极具洞察力的当代社会学考察，为读者理解“中国模式”在基层的运作逻辑提供了最鲜活、最真实的第一手观察资料。
470,9787111305415,思考，快与慢,丹尼尔·卡尼曼,2012,中信出版社,8,20,20,诺贝尔经济学奖得主丹尼尔·卡尼曼在这部巨著中，总结了他数十年关于判断与决策的研究成果。书中提出了一个著名的认知架构：系统1（快思考）和系统2（慢思考）。系统1依赖直觉、感性和联想，虽然高效但容易产生偏见；系统2则负责逻辑、分析与自我监控，虽然理性但非常懒惰且耗能。卡尼曼通过大量令人惊叹的心理学实验，揭示了人类在面临金钱、健康和政治抉择时，如何频繁地陷入锚定效应、可得性偏差和损失厌恶等认知陷阱。这本书彻底颠覆了“理性人”的传统经济学假设，开创了行为经济学的先河。它不仅是金融和管理领域的必读经典，更是一部关于自我认知的操作手册。通过理解大脑的固有缺陷，读者可以学会在复杂环境下识别自己的思维谬误，从而做出更科学、更理性的判断。它是提升决策质量、优化生活逻辑的智慧源泉。
471,9787544256225,詹森艺术史（插图版）,H.W.詹森,2011,世界图书出版公司,9,5,5,《詹森艺术史》被誉为艺术史界的百科全书，是全球美术学院最通用的教科书之一。作者H.W.詹森以一种宏大的叙事尺度，勾勒出从史前岩画、古典神庙、中世纪教堂到现代装置艺术的完整演进曲线。本书的卓越之处在于，它不仅关注艺术品的风格变迁，更深入探讨了每一阶段艺术形式如何受到当时的宗教信仰、科学发现、社会冲突及经济结构的塑造。通过对米开朗基罗、伦勃朗、毕加索等巨匠名作的深度剖析，詹森引导读者理解艺术是如何作为人类文明最敏感的神经，捕捉并记录着每一个时代的精神脉搏。书中配有大量珍贵的高清图片和详尽的建筑平面图，不仅是一场顶级的视觉盛宴，更是一套完备的审美坐标系。对于渴望系统构建艺术史底蕴、提升艺术鉴赏深度的读者来说，本书提供的学术深度与叙事广度使其成为了跨越时代的经典，是理解人类视觉文明本质的必经之路。
472,9787111213826,Java编程思想,Bruce Eckel,2007,机械工业出版社,10,25,25,《Java编程思想》（Thinking in Java）被全球Java开发者尊称为“Java界的圣经”。作者Bruce Eckel没有像普通教材那样罗列API，而是深入浅出地讲解了Java设计的哲学底蕴和面向对象编程（OOP）的核心本质。全书涵盖了从基础语法、对象操纵、接口、多态到高级特性（如反射、泛型、并发、枚举）的方方面面。每一个技术点都配合了精心设计的示例代码，并配以深度的逻辑推演，旨在教会读者如何“用Java的思维去解决问题”。书中特别强调了异常处理、资源管理以及良好的编码习惯对于构建大型软件系统的重要性。虽然软件界技术更迭极快，但书中关于复用、解耦和抽象的思想却历久弥新。无论是刚入行的初学者，还是希望突破技术瓶颈的资深开发，本书都能提供教科书级别的深度指引。它是每一位追求卓越的Java工程师书架上必不可少、且需要反复研读的底层基石。
473,9787532724659,挪威的森林,村上春树,2018,上海译文出版社,6,22,22,《挪威的森林》是村上春树最具影响力的现实主义长篇小说，它以其独特的孤独感与忧郁气质，捕捉到了现代都市青年灵魂深处的迷惘。故事以主角渡边的第一视角，讲述了他与直子、绿子这两个性格截然不同的女性之间的情感纠葛。小说背景设定在激荡的20世纪60年代末，但村上却避开了宏大的政治叙事，转而深入探索个体的生与死、爱与孤独。书中的直子象征着无法摆脱的过去与沉重的精神阴影，而绿子则代表着充满生机、接纳现实的未来。村上以平实而优美的笔触，描绘了青春期那种难以言喻的阵痛与自我救赎的困境。书中的每一段对话、每一首爵士乐都营造出一种独特的“村上式”氛围，让读者在静谧的叙述中，直面生命中无法避免的丧失。这不仅是一部青春恋爱物语，更是一部关于如何与自己的伤痛共处、如何在满目疮痍的世界里继续活下去的成人礼，深刻触动了无数孤独的现代灵魂。
474,9787508658056,枪炮、病菌与钢铁,贾雷德·戴蒙德,2016,中信出版社,7,15,15,荣获普利策奖的《枪炮、病菌与钢铁》是人类文明史领域的巨制，试图回答一个宏大而敏感的问题：为什么是欧洲人征服了美洲和非洲，而非相反？作者贾雷德·戴蒙德博士摒弃了种族优越论，转而从地理、生物和生态学的硬核视角出发。他指出，不同文明的发展差异主要源于环境赋予的初始条件——如动植物的可驯化性、大陆轴线的走向以及病菌带来的自然演化屏障。戴蒙德通过对新几内亚、美洲印加帝国以及欧亚大陆的深度对比，揭示了农业的出现如何导致了定居、人口爆炸、文字发明以及国家机器的诞生。书中逻辑严密，横跨演化生物学、人类学、语言学等多个学科，深刻揭示了“地理环境决定论”在人类长期演变中的关键作用。这是一部颠覆常识的通识神作，它不仅重塑了我们对过去一万年人类史的认知，更为读者提供了一套极具穿透力的工具，去理解现代世界不平等现象背后的终极地理推手。
475,9787544270879,超越时空,加来道雄,2014,上海科技教育出版社,8,10,10,作为超弦理论的奠基人之一，加来道雄在《超越时空》中以惊人的想象力和深厚的物理功底，向读者展示了一个超出三维直觉的高维宇宙。书中详细探讨了多维空间理论的历史演变——从高斯、黎曼的几何革命，到爱因斯坦的广义相对论，再到现代物理学的前沿：超对称与弦理论。加来道雄巧妙地将枯燥的物理方程式转化为生动的比喻，如“锦鲤在池塘中的世界观”，解释了维度如何隐藏在微观尺度之下。书中还大胆展望了时空隧道（虫洞）、平行宇宙、以及利用超高能物理开启维度之门的可能性。这不仅是一本严谨的科普书，更是一部关于宇宙奥秘的诗篇。它引导读者突破日常经验的禁锢，去思考宇宙最底层的对称美与统一场论的终极梦想。对于每一个抬头仰望星空、对时空本质感到好奇的心灵来说，本书提供了一张通往科学最前沿、探索宇宙最终答案的奇妙地图。
476,9787108003646,美的历程,李泽厚,2009,三联书店,9,12,12,李泽厚先生的《美的历程》是中国美学史上一部具有里程碑意义的著作，它以其精警深邃的思辨和优美如诗的语言，被誉为“中国艺术美学的通史缩影”。作者不再满足于简单的艺术技巧描述，而是将审美视角的变迁与中国数千年的社会脉络、文化心理紧密结合。从青铜器上狰狞恐怖的饕餮纹所展现的“狞厉的美”，到魏晋时期“风骨”的自觉，再到唐代张扬奔放的诗歌书法以及宋元山水中的“平淡天真”，李泽厚捕捉到了每一个时代独有的“美学性格”。他提出了“积淀说”，揭示了历史是如何通过艺术形式沉积在民族的潜意识之中。全书虽篇幅不长，却气势恢宏，处处可见真知灼见。阅读本书，就像是在中国文化的漫长历史中进行一场审美的苦旅，不仅能看懂那些古老艺术品的线条与色彩，更能深刻体悟到一个古老民族在漫长演进中情感与灵魂的律动。
722,9780000000055,I’m Glad My Mom Died,Jennette McCurdy,2022,Simon & Schuster,12,5,5,"“I’m Glad My Mom Died” by Jennette McCurdy is a poignant and candid memoir detailing her experiences growing up in the entertainment industry while navigating a complex relationship with her mother. McCurdy explores themes of trauma, resilience, self-discovery, and healing, offering readers insight into overcoming adversity and finding personal empowerment. Through honest storytelling, she reflects on pressures from fame, mental health struggles, and the journey to reclaim autonomy and self-worth. The book combines humor, reflection, and emotional depth, illustrating how personal challenges can lead to growth, understanding, and empowerment. “I’m Glad My Mom Died” serves as both a compelling personal narrative and an inspirational guide for anyone seeking to confront past difficulties and embrace self-liberation."
477,9787121362218,凤凰项目：一个IT运维传奇,Gene Kim 等,2019,人民邮电出版社,10,15,15,《凤凰项目》是一部独特的以小说形式呈现的技术管理著作，它被公认为理解DevOps（开发运维一体化）文化的最佳入门读物。故事围绕一家濒临破产的汽车配件公司展开，主角比尔临危受命，需要拯救一个名为“凤凰项目”的烂摊子。书中通过生动的情节，揭示了IT部门在传统管理模式下经常面临的困境：没完没了的救火任务、各部门之间的推诿扯皮以及项目进度的不可控。作者巧妙地将丰田生产方式（TPS）、约束理论以及看板管理等制造领域的精髓，移植到软件开发与运维流程中。书中提出的“三步工作法”——流动、反馈与持续学习，已经成为现代高效IT组织的运行准则。这不仅是一本技术管理书，更是一部关于流程变革、团队信任与职业成长的励志小说。它让管理者明白，IT不应是企业的负担，而应是推动业务爆发式增长的核心引擎。对于任何身处互联网技术浪潮中的从业者，本书提供的系统思考方式都具有极高的实践参考价值。
478,9787020118069,围城,钱钟书,2017,人民文学出版社,6,15,15,《围城》是中国现代文学史上的一座奇峰，由博学多才的钱钟书先生创作。小说以抗日战争初期的中国为背景，讲述了留学生方鸿渐归国后在职业与情感泥潭中挣扎的故事。钱钟书以其标志性的机智、幽默和如手术刀般精准的讽刺，揭示了当时知识分子群体的虚荣、平庸与无奈。书中最著名的隐喻——“城外的人想冲进去，城内的人想逃出来”，不仅概括了方鸿渐那荒诞的婚姻与事业，更深刻揭示了人类生存状态中永恒的困境与悖论。全书妙语连珠，充满了引经据典的智慧和对人性细微处的洞察。它不只是一部讽刺小说，更是一部探讨个人在社会网络中身份缺失与精神流浪的哲学篇章。阅读《围城》，就像是在一场智力的盛宴中观察人性的底色，无论时代如何变迁，这种关于“追求与幻灭”的母题依然能引起现代读者的强烈共鸣。
479,9787508643298,从俾斯麦到希特勒,塞巴斯蒂安·哈夫纳,2014,中信出版社,7,10,10,德国知名历史学家哈夫纳在本书中，以极其犀利的笔触回顾了德意志帝国从统一到毁灭的百年历程。作者试图回答一个困扰世界的终极问题：德国是如何从一个追求“均势”的俾斯麦时代，一步步滑向纳粹德国的深渊？哈夫纳摒弃了枯燥的史料堆砌，转而从地缘政治、民族心理以及领袖特质的角度进行深度剖析。他指出，俾斯麦通过复杂的条约体系维持了脆弱的和平，但其继承者们却在狂热的民族主义驱动下，打破了欧洲的平衡。书中对希特勒上台的社会根源进行了冷酷的解构，认为那不仅是个人的疯狂，更是德意志民族在寻找身份认同过程中的集体迷失。全书逻辑严密，叙述极具穿透力，是理解现代德国乃至现代欧洲政治版图演变的必读之作。它时刻警示着读者，任何在权力制衡与极端主义之间的失守，都可能导致文明的覆灭。
480,9787111451120,微积分的力量,史蒂夫·斯托加茨,2020,中信出版社,8,12,12,《微积分的力量》是一本能够让普通人也能领略数学之美的科普佳作。康奈尔大学教授斯托加茨在书中阐述了一个核心观点：微积分是人类历史上最伟大的思想之一，它不仅仅是数学家的游戏，更是现代文明的基石。从手机通讯、GPS定位到预测传染病模型，微积分无处不在。作者通过生动的历史故事，讲述了阿基米德、开普勒、牛顿和莱布尼茨如何一步步攻克“无穷”的难关。书中将枯燥的公式转化为关于“变化”与“运动”的直观描述，解释了人类如何通过将事物无限拆解再重新组合，从而掌握自然界的运行逻辑。这不仅是一本数学普及书，更是一部关于逻辑思辨、模型构建和科学革命的史诗。它教给读者的不仅是计算技巧，更是一种透视世界的眼光，让人理解数学是如何通过其严密的逻辑框架，将杂乱无章的现实世界转化为可以预测和控制的科学体系。
481,9787550266049,中国建筑史,梁思成,2011,三联书店,9,8,8,梁思成先生的《中国建筑史》是中国现代建筑学的奠基之作，凝聚了他在动荡年代实地考察数千处古建筑的心血。不同于传统的艺术赏析，梁思成以严谨的工程学和历史学视角，梳理了从上古时期到清末中国建筑的技术演进与风格嬗变。书中通过大量精美的手绘图纸和现场照片，详细解析了中国古建筑特有的“斗拱”、“梁架”以及“木构体系”的结构美学。他指出，中国建筑不仅是遮风避雨的场所，更是一个民族文化心理、等级制度与天人合一思想的物质载体。梁先生在书中不仅还原了唐宋木构建筑的宏伟与灵动，更表达了在西方建筑潮流冲击下，如何保护和传承民族文化命脉的深切关怀。这本书不仅是建筑学专业的必读经典，更是普通人了解中国古典美学、体悟东方营造逻辑的灵魂指南。它教会我们如何在钢筋水泥的城市森林中，寻回那份属于中国传统建筑的深沉与优雅。
482,9787115147319,人月神话,弗雷德里克·布鲁克斯,2015,人民邮电出版社,10,20,20,作为软件工程领域的里程碑，《人月神话》自出版以来便被奉为“程序员必须人手一本”的经典。作者布鲁克斯基于他在IBM领导大型操作系统开发的亲身经历，总结了一系列关于软件项目管理的真知灼见。书中最核心的观点即“布鲁克斯定律”：向进度落后的软件项目增加人力，只会使项目更加落后。这一见解揭示了软件开发中沟通成本、系统复杂性与人力资源之间的非线性关系。书中还探讨了“外科医生团队”模式、系统架构的完整性、以及应对“焦油坑”式项目管理的策略。虽然书中的硬件背景已成历史，但其关于软件开发团队如何协作、如何平衡复杂性与进度的思考，至今仍具有极强的现实意义。无论你是在初创公司还是互联网大厂，本书提供的项目管理思维模型都是你应对复杂工程挑战、提升研发效能的终极武器。它不仅是技术指南，更是一部关于人类如何管理大型智慧工程的行为学博弈录。
483,9787532724650,局外人,阿尔贝·加缪,2010,上海译文出版社,6,12,12,诺贝尔文学奖得主加缪的《局外人》是存在主义文学的巅峰代表作。小说通过主角默尔索在母亲葬礼上的冷漠表现，以及随后卷入的一场荒诞命案，展现了一个与现实世界格格不入的“局外人”形象。默尔索拒绝撒谎，拒绝参与社会的道德表演，这种极度的真实被社会判定为罪大恶极。加缪通过冷峻、简洁的语言，探讨了人类生存的荒诞本质：世界是无意义的，而人却在寻找意义。在法庭审判的过程中，默尔索的罪名不再是杀人，而是因为他“在母亲的葬礼上没哭”。这种对社会伪善的深度解构，激发了读者关于个人自由、虚无主义以及真实生活底线的深刻思考。它是每一个孤独灵魂的镜子，直面生命的荒诞，并试图在荒诞中寻找一种清醒的尊严。这本书不仅是文学上的杰作，更是一次关于个体如何拒绝在集体潜规则中迷失自我的精神洗礼，至今依然震撼着每一个渴望真实的心灵。
484,9787508678222,人类的群星闪耀时,斯蒂芬·茨威格,2017,中信出版社,7,18,18,斯蒂芬·茨威格以其敏锐的心理洞察力，记录了人类历史上14个决定性的时刻。作者认为，历史在漫长的长河中通常是平庸且枯燥的，但在某些偶然的、如星光闪烁般的瞬间，整个人类的命运被某一个人的意志或偶然性所彻底改写。从滑铁卢战役中因一分钟的迟疑而改变局势的格鲁希，到在加利福尼亚发现黄金的苏特尔，再到斯科特船长南极探险的悲剧壮举，茨威格将这些历史切片化为充满张力的叙事。他不仅记录了成功的辉煌，更深刻挖掘了失败者灵魂深处的矛盾与高尚。全书充满了浪漫主义的情怀与悲悯的人文色彩，向读者展示了意志、激情与命运是如何在那些关键时刻交汇的。这不仅是一部历史书，更是一部关于英雄主义和人性博弈的颂歌。它告诉我们，每一个微小的决策，在宏大的历史天平上，都可能拥有千钧的分量。阅读此书，就像是跨越时空与伟大的灵魂对话，领略文明转折点上的壮美与无奈。
700,9780000000033,The Glass Castle,Jeannette Walls,2005,Scribner,12,5,5,"“The Glass Castle” by Jeannette Walls is a memoir recounting the author’s unconventional and often turbulent childhood in a dysfunctional family. Walls shares experiences of poverty, neglect, and resilience, highlighting her journey to self-reliance, education, and personal growth. The book explores themes of family dynamics, survival, and the pursuit of opportunity despite adversity. Readers gain insight into human resilience, adaptability, and the complexities of familial love and responsibility. Through candid storytelling and vivid recollection, “The Glass Castle” provides a compelling, emotional, and inspiring account of overcoming hardship and finding one’s path in life."
485,9787542861291,从一到无穷大,乔治·伽莫夫,2012,上海科学技术出版社,8,15,15,《从一到无穷大》是全球科普丛书中的殿堂级作品。作者伽莫夫作为大爆炸理论的奠基人之一，展现了其罕见的跨学科科普能力。全书从基础的数论开始，跨越空间与时间的相对性、原子核物理、遗传密码直至宇宙的演化。伽莫夫通过幽默风趣的语言和亲笔手绘的插图，将深奥的复数、拓扑学概念、以及四维时空的逻辑讲解得栩栩如生。书中著名的“爱因斯坦的理论”和“生命之谜”等章节，引导了无数少年走上科学研究的道路。这不仅是一本科学知识手册，更是一次关于人类好奇心的极限展示。它教会读者如何通过数学与物理的视角，去理解宏观宇宙的壮丽与微观世界的精巧。其核心价值在于培养读者的逻辑推演能力，让每一个对未知世界感到好奇的人，都能在伽莫夫的带领下，跨越常识的边界，去触摸科学殿堂中最核心的逻辑与奥秘，感受人类理性之光在无穷宇宙中的探索旅程。
486,9787100067646,中国石窟艺术,宿白,2010,文物出版社,9,5,5,宿白先生作为中国考古学的泰斗，其所著《中国石窟艺术》代表了该领域研究的最高学术水平。本书通过对敦煌莫高窟、云冈石窟、龙门石窟等重要遗迹的系统梳理，揭示了佛教艺术在传入中国后，如何与本土文化、社会风俗以及王权意志相融合，最终形成具有中国特色的石窟艺术体系。宿白先生以缜密的考古类型学方法，分析了造像风格、壁画题材以及洞窟形制的演变过程，指出了北魏、隋唐等不同时期艺术风格背后的政治动因与宗教逻辑。书中不仅展示了古代艺术匠人高超的雕刻与绘画技艺，更复原了一个个时代的信仰景观与物质文化生活。这不仅是一部关于“美”的著作，更是一部石刻上的中国简史。它引导读者透过那些沉睡千年的佛影与色彩，读懂古代中国人的精神寄托与审美追求。阅读本书，就像是进行一场横跨丝绸之路的灵魂之旅，深入触碰中华文明多元一体、包容互鉴的历史底蕴。
487,9787111291664,深入理解计算机系统,Randal E. Bryant,2016,机械工业出版社,10,22,22,被广大程序员亲切称为“CSAPP”的这本书，是计算机科学教育中公认的“内功修炼之巅”。作者布莱恩特以一个核心视角贯穿全书：程序是如何在硬件平台上真正运行的。本书打破了软件与硬件之间的隔阂，系统地讲解了从信息的二进制表示、汇编语言的执行、处理器架构到存储器层次结构、链接、异常控制流以及网络编程的完整链路。书中著名的“Lab实验”设计得极其精妙，强迫读者通过反汇编、缓冲区溢出攻击等实战手段，真正理解计算机系统的底层运作逻辑。不同于普通的编程书，CSAPP教会你的是如何编写高效、可靠且高性能的代码，避开那些隐藏在系统底层的陷阱。对于想要在技术道路上进阶为“架构级”高手的开发者来说，本书提供的知识深度是不可或缺的底层逻辑。它是连接高层编程语言与底层物理硬件的桥梁，让你在面对复杂系统故障或性能瓶颈时，能拥有一双看透系统本质的“火眼金睛”。
7,9780714880202,Color as Language in Contemporary Art,Sophia Levin,2025,Tate Publishing,4,17,17,"Color as Language in Contemporary Art explores how artists use chromatic theory to evoke emotional and cultural memory. Levin integrates neuroscience findings with art historical analysis, demonstrating how perception influences interpretation.

 Through case studies of digital installations, abstract canvases, and immersive exhibitions, the book illustrates how color functions as narrative structure rather than mere decoration. Levin argues that contemporary artists treat color as a symbolic system capable of communicating identity, trauma, and collective experience."
491,9787508651225,詹森艺术史,H.W.詹森,2013,后浪出版社,9,5,5,《詹森艺术史》被公认为艺术史领域的权威参考书，也是全球无数艺术爱好者和专业学生的启蒙读物。全书从史前文明的壁画和洞窟讲起，横跨古典时代、中世纪、文艺复兴、直至现代主义及当代艺术的潮流。不同于一般的画册，詹森不仅关注艺术品的视觉表现，更深入探讨了艺术创作背后的历史脉络、哲学思辨与社会变迁。书中通过对大卫雕塑、达芬奇绘画以及包豪斯建筑等经典案例的深度解读，引导读者理解每一件杰作是如何捕捉其所处时代的“精神气象”的。书中配有大量高质量的实物图片和解析图纸，将艺术史上复杂的风格流变梳理得清晰透明。它不仅是一部审美的通识指南，更是一部人类视觉创造力的进化史。阅读本书，就像是追随一位博学多才的向导，在万年的艺术长河中漫步，深刻体悟到人类是如何通过线条、色彩与空间，不断重构自己对世界与生命的认知，是提升艺术品味与文化底蕴的必读圣经。
511,9787100067647,西方美学史,朱光潜,2011,人民文学出版社,9,12,12,朱光潜先生的《西方美学史》是中国第一部系统论述西方美学思想发展的学术巨著。全书从古希腊时期的柏拉图、亚里士多德讲起，历经中世纪宗教美学、文艺复兴的人文主义、德国古典哲学美学（康德、黑格尔），直至近现代的各种流派。朱光潜不仅客观地还原了每一位哲学家的美学观点，更以深厚的中外文化功底，对这些理论背后的哲学根源和社会动因进行了深刻的批判性分析。书中重点讨论了“模仿说”、“表现说”、“天才论”等美学核心命题的演进，揭示了西方艺术观念如何从客观再现逐步转向主观表现。这不仅是一部关于“美”的哲学史，更是一次关于人类精神追求和价值观演变的深度梳理。对于想要构建系统艺术理论框架、提升理性分析艺术现象能力的读者来说，朱光潜先生严谨的治学态度和清澈的论述逻辑，使本书成为了艺术理论界不可替代的基石之作。
509,9787108053741,大汗之国：西方眼中的中国,史景迁,2013,广西师范大学出版社,7,10,10,著名汉学家史景迁在《大汗之国》中，通过收集整理过去数百年间西方人对中国的观察与记录，勾勒出一幅跨文化的认知变迁史。书中涵盖了从马可·波罗、利玛窦到后来的传教士、外交官甚至像卡夫卡、博尔赫斯等文学大师眼中的中国形象。史景迁敏锐地指出，这些观察往往是一面双面镜，既映射出中国当时真实的社会面貌，也反映了西方文明在不同历史阶段的自我投射与偏见。从早期的“遍地黄金”到后期的“停滞帝国”，西方对中国的想象经历了从崇拜、误读到批判的复杂演变。全书叙事宏大而笔触细腻，通过一个个具体的历史人物视角，揭示了东西方文明在接触过程中如何产生误解、碰撞与融合。它不仅是一部外部视角下的中国通史，更是一次关于“他者形象”如何构建与固化的深度文化学考察，为现代读者理解中西关系的深层心理逻辑提供了极具价值的学术支撑。
510,9787115199653,哥德尔、艾舍尔、巴赫：集异璧之大成,侯世达,1997,商务印书馆,8,8,8,被誉为“奇书”的《GEB》，是认知科学家侯世达的一部跨学科神作。书名中的三个人物分别代表了逻辑学、艺术和音乐领域的巅峰。作者通过对哥德尔的不完备性定理、艾舍尔那些挑战视觉逻辑的版画以及巴赫精妙的赋格曲进行交叉剖析，探讨了一个核心问题：无意义的符号是如何产生意义的？意识又是如何从物质基础中“自涌现”的？书中充满了逻辑悖论、递归、自指和多维隐喻，不仅是一场数学与哲学的巅峰思辨，更是一次对人类智能本质的深度探索。侯世达认为，人类思维的奥秘就隐藏在这些复杂的“怪环”结构之中。这本书对计算机科学、人工智能、神经科学以及语言学产生了深远的影响。虽然其阅读门槛极高，但它所展现的那种超越学科界限的统一美学与逻辑力量，使其成为了每一个渴望理解智能与宇宙底层规律的头脑必读的终极读典。
9,9781617304506,Edge Intelligence: Computing Beyond the Cloud,Leah Chen,2025,O'Reilly Media,5,29,29,"Edge Intelligence explores the evolution of distributed computing systems that process data locally rather than relying solely on centralized cloud infrastructure. Chen explains advances in microprocessors, AI accelerators, and low-power sensor networks that enable real-time analytics.

 Through industry case studies in healthcare, transportation, and smart infrastructure, the book demonstrates how edge systems enhance privacy, reduce latency, and improve resilience. Chen argues that decentralized intelligence will define the next technological paradigm."
512,9787111135105,算法设计,Jon Kleinberg,2006,清华大学出版社,10,18,18,由康奈尔大学教授Jon Kleinberg撰写的《算法设计》，是算法教学领域的现代经典。不同于传统的算法手册，本书强调的是“设计”而非简单的“陈述”。作者通过真实世界的应用场景（如网络流问题、稳定匹配、资源调度等）引出算法问题，重点培养读者将复杂现实问题抽象为数学模型的能力。书中详细介绍了动态规划、网络流、NP完全性以及近似算法等核心技术，并提供了严谨的正确性证明和时间复杂度分析。其语言风格清新优雅，逻辑环环相扣，深受学术界与工业界的推崇。特别是在社交网络、大规模数据处理和计算几何等方面的论述，具有极强的实战指导价值。对于志在深入掌握算法精髓、解决高难度工程挑战的开发者来说，本书提供的不仅仅是解决问题的工具箱，更是一套完备的科学思维体系，是通往高级算法工程师和系统架构师路径上的核心教材。
513,9787532767373,卡拉马佐夫兄弟,陀思妥耶夫斯基,2015,上海译文出版社,6,12,12,《卡拉马佐夫兄弟》是俄国文学大师陀思妥耶夫斯基的遗作，也是人类文学史上最伟大的神作之一。小说表面上是一桩关于弑父案的刑事诉讼，实则是一场关于上帝、灵魂、自由意志与道德虚无主义的巅峰辩论。通过性格迥异的兄弟三人——圣徒阿辽沙、理性主义者伊凡和感性冲动的米佳，作者展现了人类灵魂中神性与魔性的永恒交战。书中著名的“大审判官”章节，被誉为世界文学史上对人类本性最深刻、最残酷的哲学剖析。陀思妥耶夫斯基以其标志性的心理分析，挖掘了人类在面对绝对自由时的恐惧与在极恶中追求救赎的渴望。全书气势恢宏，意象深邃，探讨了“如果没有上帝，是否一切皆可为”的终极命题。阅读本书是一场极其艰辛但无比震撼的精神洗礼，它触及了人类文明中最核心的矛盾与痛点，不仅改变了文学的疆域，更深刻影响了后世的心理学、社会学与存在主义哲学。
514,9787544766862,耶路撒冷三千年,西蒙·蒙蒂菲奥里,2015,民主与建设出版社,7,15,15,《耶路撒冷三千年》是一部关于世界中心之城的史诗巨制。耶路撒冷作为三大宗教的圣地，曾被无数次围攻、摧毁与重建，见证了无数文明的兴衰。作者蒙蒂菲奥里通过大量的档案、考古发现和家族信件，以一种极具电影感的叙事方式，梳理了从大卫王建立王城，到十字军东征、奥斯曼帝国统治以及现代中东局势的漫长历程。书中不再仅仅关注冰冷的条约与战役，而是通过对亚伯拉罕、大卫、耶稣、萨拉丁等历史人物的鲜活刻画，展现了信仰的力量如何重塑地理版图。作者深刻揭示了这块土地为何如此神圣，又为何如此动荡——因为在这里，现实与神话、世俗权力与神圣信仰永远交织在一起。这是一部理解现代地缘政治纠纷、宗教冲突以及人类文明根源的必读之作。它告诉读者，耶路撒冷的每一块石头都承载着千年的血与泪，读懂了耶路撒冷，也就读懂了半部人类文明史的悲剧与壮阔。
515,9787100111165,生命是什么,埃尔温·薛定谔,2014,商务印书馆,8,10,10,作为量子力学的奠基人之一，薛定谔在这本小册子中尝试跨越物理学与生物学的鸿沟，提出了一个极具预见性的问题：生命如何通过物理和化学的规律来解释？书中提出了著名的“负熵”概念，认为生命的存在本身就是一种有序性对抗无序（熵增）的过程。更令人惊叹的是，在DNA结构被发现之前，薛定谔就预言了生命遗传信息必须存储在一种“非周期性晶体”中。这一构想直接启发了沃森和克里克后来的研究。全书篇幅虽短，但思想密度极大，它彻底打破了“活力论”的迷信，将生物学建立在坚实的物理逻辑之上。这不仅是一本科学通识书，更是一部探讨生命本质、宇宙演化与物质组织形式的哲学宣言。它引领了分子生物学的诞生，至今仍是每一个对生命科学底层逻辑感兴趣的读者的必读之作，展现了顶级物理学家跨领域思考的极致穿透力。
516,9787535691653,论摄影,苏珊·桑塔格,2010,上海译文出版社,9,8,8,苏珊·桑塔格的《论摄影》被公认为摄影理论界的里程碑，也是当代文化批评的经典。桑塔格不再纠结于光圈、快门等技术细节，而是从哲学与社会学的视角探讨了“摄影”这一行为如何改变了人类对现实的认知。她提出，摄影是一种对他人的“掠夺”，是将活生生的经验转化为静止图像的权力博弈。书中深刻剖析了摄影如何作为一种监控、记录、美化甚至扭曲现实的手段，以及在泛滥的图像时代，人类是如何通过照片来体验世界而非直接参与现实的。桑塔格指出，相机不仅是捕捉瞬间的工具，更是制造怀旧、塑造政治态度和道德判断的机器。全书语言犀利、洞察深刻，挑战了读者对“照片即真相”的直觉信任。在如今这个短视频与社交媒体图像泛滥的时代，重读桑塔格关于图像伦理、视觉权力以及真实感消减的论述，依然具有震聋发聩的启示意义，是理解当代视觉文化与大众心理的必经之路。
517,9787111641248,精益软件开发：敏捷宣言十周年回顾,Mary Poppendieck,2015,机械工业出版社,10,15,15,本书是软件工程领域中关于管理与流程设计的经典之作。作者将丰田生产方式（TPS）中的“精益生产”理念完美移植到了软件开发领域。其核心思想在于：消除浪费、增强学习、尽早交付、赋能团队以及系统思考。书中通过大量的工业界案例，解析了为何传统的瀑布模型在面对快速变化的市场时力不从心，而精益方法如何通过“拉动式系统”和“看板管理”来优化价值流。Poppendieck强调，软件开发本质上是一场知识创造的过程而非简单的流水线生产。书中关于如何缩短反馈环、如何识别并消除隐藏的浪费（如过度设计、任务切换成本）的论述，至今仍是IT管理者的黄金准则。这不仅是一本技术管理书，更是一部关于组织文化变革的指南。它教会软件开发团队如何从“交付功能”转变为“交付价值”，是每一位志在优化研发流程、提升组织敏捷性的CTO、PM或资深开发者不可多得的理论武器。
541,9787108003643,谈艺录,钱钟书,2007,三联书店,9,10,10,《谈艺录》是钱钟书先生在抗战流离期间完成的学术巨著，展现了其博通中外、冠绝古今的学养。全书以诗话形式展开，对中国古代文学与西方文艺理论进行了深度的比较研究。钱先生在书中信手拈来海量的典籍，通过细微的文字考据揭示了中西艺术在审美逻辑上的异同。他提出了“东海西海，心理攸同”的著名见解，认为人类的艺术直觉在本质上是跨越时空的。书中对宋诗、晚唐诗以及各种意象的解析，充满了机智且锐利的洞察力。不同于枯燥的史论，钱先生的文笔灵动且幽默，处处闪烁着智力的火花。这不仅是研究中国古代文学的必备工具，更是提升个人文化鉴赏力的顶级殿堂。它要求读者具备一定的国学基础，但一旦进入其中，便能领略到那种博大精深、妙趣横生的艺术评论之美。它是中西文化交流史上的一座丰碑，至今仍是海内外学人反复研读的经典。
518,9787532742417,红与黑,司汤达,2007,上海译文出版社,6,12,12,《红与黑》是法国作家司汤达的代表作，也是批判现实主义文学的奠基之作。小说以于连·索雷尔的升腾与陨落为主线，深刻展示了复辟时期法国社会的阶级矛盾：红代表军装与荣耀，黑代表僧侣袍与教会权力。于连作为一个才华横溢却出身卑微的木匠之子，试图凭借野心与才智跨越阶级鸿沟。司汤达以极其细腻的心理分析，剖析了于连在爱情与权力欲望之间的疯狂博弈。书中的德·雷纳尔夫人和玛蒂尔德小姐分别代表了两种截然不同的情感力量。作者通过对这三个人物情感世界的解构，揭示了当时社会虚伪的道德准则。于连最后的审判不仅是个人的悲剧，更是整个平民阶层在封闭等级制度下的绝望抗争。这部作品以其冷静的文笔和深刻的政治洞察力，被公认为世界文学史上研究“个体与社会冲突”的必读经典。它告诉读者：当一个社会关闭了向上的阶梯，才华便会成为一种自我毁灭的诅咒。
519,9787108006727,万物简史,比尔·布莱森,2005,接力出版社,7,18,18,虽然常被归类为科普，但比尔·布莱森的《万物简史》本质上是一部关于科学探索的历史。作者以博大精深的历史视野，梳理了人类从发现地球质量、测量星系距离到破解遗传密码的全部过程。书中不再仅仅罗列公式：它将目光投向了那些性格迥异、甚至有些疯狂的科学家们。从牛顿的孤僻到哈勃的执着，布莱森用极具幽默感的笔触还原了科学发现背后的偶然与艰辛。他深刻揭示了人类文明在面对浩瀚宇宙时的渺小与无知，同时也歌颂了人类智慧不断突破认知边界的勇气。全书跨越了宇宙学、地质学、考古学和生物学等多个领域。它让读者明白：我们今天所掌握的每一项常识，背后都经历过数百年的偏见、争论与推翻。这不仅是一本知识手册，更是一部人类认识自然、挑战未知的宏大史诗。它引导我们重新审视脚下的每一寸土地和头顶的每一颗星辰，感受文明演进中那股不可阻挡的好奇心。
520,9787506365436,暗淡蓝点：展望人类的太空前程,卡尔·萨根,2014,人民邮电出版社,8,10,10,卡尔·萨根的《暗淡蓝点》是继《宇宙》之后的又一力作，其灵感源于旅行者1号在60亿公里外拍摄的那张地球照片。在这张照片中，地球只是一个微小的、悬浮在阳光中的淡蓝色像素。萨根以此为切入点，深刻探讨了人类在宇宙中的地位以及未来的使命。他指出：在这个广袤无垠的荒漠中，我们已知的生命家园只有这一个点。这种视角的转换彻底击碎了人类中心主义的幻觉。书中回顾了行星探测器的辉煌历程，并大胆预言了人类移居火星、探索外星系的可能性。萨根以其充满诗意且极具前瞻性的语言，呼吁全人类超越国界与种族的偏见，共同守护这个唯一的家园。这不仅是一本天文学著作，更是一部充满哲理的人类生存宣言。它提醒我们要学会谦卑与友爱，因为在冰冷且永恒的时空中，人类的每一份情感、每一段文明都是极度稀缺且珍贵的奇迹。阅读此书将极大地拓宽一个人的精神维度，让人在繁杂的日常琐事中抬起头来，仰望那片属于全人类的终极疆域。
13,9781984834454,Letters from the Final City,Marcus Vale,2026,Penguin Random House,1,27,27,"Letters from the Final City tells the story of a metropolis built within a sealed desert dome after climate disasters rendered surrounding regions uninhabitable. Told through correspondence between two siblings separated by political exile, the novel reveals the social tensions simmering beneath the city’s carefully engineered stability.

 Vale explores inequality, environmental isolation, and the psychological cost of living in artificial ecosystems. As infrastructure begins to fail, citizens must confront whether technological containment can truly replace ecological balance. The narrative blends emotional depth with speculative realism, offering a haunting portrait of survival and sacrifice."
521,9787108003641,画梦录,阿诺德·豪泽尔,2011,三联书店,9,6,6,阿诺德·豪泽尔的《艺术社会学》代表了研究视觉艺术的另一条重要路径：即从经济基础与社会结构的角度审视美学。作者认为：艺术并非存在于真空之中，它始终是社会力量、阶级利益与生产关系的产物。书中详细论述了从原始社会、封建王朝到资本主义时代，艺术品的功能是如何从祭祀工具、权力象征转变为流通商品的。豪泽尔通过对哥特式艺术的市民阶级属性、巴洛克艺术的绝对王权背景以及印象派的城市化特征的剖析，打破了“为艺术而艺术”的迷思。他揭示了艺术风格的每一次剧烈变迁，背后往往伴随着社会权力的重新洗牌。这本著作语言严谨且极具思辨力。它引导读者不仅关注画面本身的美感，更要关注谁是赞助人、谁是观众以及这些图像在当时社会中扮演了怎样的角色。它是每一个志在深入研究艺术评论、社会史以及文化产业的学者不可逾越的理论基石，帮助我们从视觉的表象下挖掘出历史最真实且残酷的运作逻辑。
522,9787115167071,UNIX编程艺术,Eric S. Raymond,2006,电子工业出版社,10,15,15,《UNIX编程艺术》是软件领域中少有的探讨“工程哲学”的杰作。作者埃里克·雷蒙德总结了UNIX系统三十多年来沉淀下来的设计准则：简单性、模块化、透明性和可组合性。书中深刻阐述了著名的“KISS原则”，即保持简单、愚蠢。雷蒙德认为：软件开发的真正挑战在于控制复杂性，而不是展示个人技巧。通过对比UNIX与各种其他系统的设计差异，他揭示了为什么有些技术能经受住时间的考验，而有些则迅速凋亡。书中还探讨了开源文化的精神内核以及工具链协作的高效逻辑。这不仅是一本技术手册，更是一部关于如何构建优雅、稳固且可持续演化的系统的思想指南。它教会开发者：编写整洁、可复用且易于理解的代码是一种艺术修养。无论你现在使用的是Linux、macOS还是云原生架构，书中关于管道、文本流以及接口设计的思考依然是现代软件开发的底层真理。对于想要从代码工匠进阶为系统架构师的人来说，本书提供的哲学框架将让你终身受益。
523,9787532724651,鼠疫,阿尔贝·加缪,2013,上海译文出版社,6,15,15,加缪的《鼠疫》是存在主义文学中极具道德力量的作品。小说描写了北非一座名为奥兰的城市突然爆发鼠疫，全城被迫封锁。在死神降临的极端境遇下，不同的人物做出了截然不同的抉择：里厄医生选择了永不言弃的抵抗：帕纳卢神父试图从信仰中寻找解释：而记者朗贝尔则在逃离与坚守之间痛苦挣扎。加缪以极其克制且写实的笔触，将鼠疫隐喻为纳粹的扩张、人类的苦难以及生命中不可逃避的荒谬。书中的核心观点在于：面对无法战胜的灾难，人唯一的尊严在于履行自己的职责。这种“西西弗斯式”的抗争虽然徒劳，但正是这种明知不可为而为之的勇气，构成了人类文明的底色。全书去除了浮夸的英雄主义，转而歌颂那种平凡而坚韧的善良。它告诉我们：鼠疫的种子永远不会消失，它会潜伏在家具、地窖和信纸里。在任何时代，当黑暗降临时，我们需要做的就是像里厄医生那样，做一个“正直的人”。这种深刻的人文关怀，使其成为了后疫情时代人类反思生存与责任的必读神作。
10,9780262551108,Governing Artificial Intelligence,Daniel Ross,2026,MIT Press,5,26,26,"Governing Artificial Intelligence analyzes the ethical, political, and regulatory challenges posed by rapidly advancing AI systems. Ross discusses algorithmic bias, transparency standards, and global policy frameworks shaping technology governance.

 Using examples such as automated hiring systems and predictive analytics tools, the book illustrates how algorithms influence employment, justice, and public discourse. Ross advocates for interdisciplinary collaboration between technologists, lawmakers, and civil society to ensure accountability and fairness in the AI era."
524,9787508658051,昨日的世界,斯蒂芬·茨威格,2018,中信出版社,7,10,10,《昨日的世界》是茨威格在自杀前夕完成的最后一部巨著。这既是一部个人传记，更是一份关于欧洲文明毁灭的悼词。作者以其标志性的抒情文笔，记录了第一次世界大战前那个金色的“安全世界”：当时的维也纳是艺术与理性的圣地。然而，随后两场世界大战的爆发，彻底撕碎了人文主义者的梦想。茨威格作为历史的见证者，详细描述了狂热的民族主义如何摧毁了跨越国界的文化认同，以及自由意志在暴政面前的无力。书中对罗曼·罗兰、弗洛伊德等知识分子的刻画，充满了理想主义幻灭的悲壮感。这不仅是对逝去时代的追忆，更是对整个人类文明脆弱性的警示。茨威格用他个人的流亡与破碎，控诉了极权主义对人性的践踏。阅读本书将让读者深刻理解：和平与理性的文明绝非理所应当：如果我们不加珍惜，那些引以为傲的文化果实可能在一夜之间化为灰烬。它是关于欧洲精神史的绝唱，也是理解20世纪人类悲剧的最重要文献之一。
525,9787544256221,数学之美,吴军,2012,人民邮电出版社,8,25,25,吴军博士在《数学之美》中展现了极其罕见的跨界沟通能力。他通过对搜索引擎、自然语言处理、反垃圾邮件等现代技术的深度拆解，向读者展示了那些枯燥的数学公式是如何转化为解决实际问题的神奇力量的。书中详细介绍了马尔可夫链、布尔代数、余弦相似度等核心算法在信息技术中的应用。吴军认为：世界的本质可以通过简洁的数学模型来描述。他不仅解释了技术细节，更传达了一种科学价值观：即解决复杂问题的最佳方式往往是回归简单的逻辑。书中还穿插了许多数学家和计算机科学家的轶事，展现了人类智慧在面对数据洪流时的优雅与从容。这不仅是一本极佳的科普读物，更是一部关于逻辑思辨与模型构建的实战指南。对于非专业读者来说，它能让你读懂数字时代的底层代码：对于专业人士来说，它能启发你如何跳出代码的细节，从数学的高度去审视工程挑战。它是将科学理论与工业实践完美结合的典范，极大地提升了读者对逻辑之美的认知。
546,9787100067643,论美,翁贝托·艾柯,2007,中央编译出版社,9,8,8,符学家、文学大师翁贝托·艾柯在《论美》中，带我们进行了一次横跨两千年的西方审美之旅。作者不再单一地定义美，而是展示了美在不同历史阶段是如何被重新定义的。从希腊时代的比例和谐，到中世纪对光的迷恋：从文艺复兴的人文光辉，到现代主义的怪诞与破碎。书中配有大量珍贵的艺术品图片，将其作为历史观念的视觉证据。艾柯敏锐地指出：美从来不是一个绝对的范畴，而是文化、权力与欲望共同塑造的产物。全书内容宏大且极具思辨力，揭示了人类是如何通过视觉创造来表达对神圣、世俗以及自我身份的理解。这不仅是一本精美的艺术图册，更是一部深邃的观念史。它引导读者打破固有的审美偏见，去理解不同时代的艺术表达逻辑。阅读此书是对审美视域的一次巨大扩张，让人领略到人类精神世界在追求终极美感过程中的无穷创造力与复杂性。
707,9780000000040,Bossypants,Tina Fey,2011,Reagan Arthur,12,5,5,"“Bossypants” by Tina Fey is a humorous memoir in which the comedian reflects on her life, career, and experiences in the entertainment industry. Fey explores themes of creativity, resilience, gender dynamics, and professional growth, sharing personal anecdotes from her early life, education, and work on television and film. Readers gain insight into the challenges, successes, and humor inherent in a demanding career, as well as Fey’s approach to balancing personal and professional life. Through witty storytelling, self-reflection, and candid observation, “Bossypants” entertains while offering lessons on ambition, perseverance, and the power of laughter in navigating life."
526,9787100067641,中国画论辑要,周积寅,2005,江苏美术出版社,9,8,8,《中国画论辑要》是研究东方美学与绘画思想的集大成之作。作者系统梳理了从先秦、魏晋到明清两千年间关于绘画的核心论述。书中详细收录并解析了诸如“谢赫六法”、“气韵生动”、“骨法用笔”等关键概念。中国艺术精神的核心在于“写意”：即艺术家不再满足于对客观物象的描摹，而是追求心境与宇宙生命的共鸣。通过对历代画论的对比分析，读者可以清晰地观察到中国画如何从唐代的宏大瑰丽转向宋元的平淡天真，最终在明清演变为极具个性的文人表达。书中不仅探讨了技法细节，更上升到儒道互补的哲学高度来阐述艺术。它指出：中国画的每一处留白、每一条勾勒，背后都承载着画家的品格与修养。这不仅是艺术史研究者的专业手册，更是普通人领悟东方艺术精髓、提升鉴赏境界的必备宝库。它引导我们读懂那些古老卷轴背后的寂静与力量，领略中国文化中那种超越时空的永恒美学追求。
527,9787111641241,领域驱动设计：软件核心复杂性应对之道,Eric Evans,2016,人民邮电出版社,10,20,20,被开发者简称为“DDD”的这本书，是解决大型复杂软件系统设计的终极武器。Eric Evans指出：软件开发的瓶颈往往不在于技术栈的选择，而在于对业务领域（Domain）理解的缺失。书中提出了“通用语言”的概念：即开发者与业务专家必须使用同一套词汇表，从而消除沟通中的歧义。通过对实体、值对象、聚合根以及限界上下文的深度定义，DDD提供了一套将复杂的业务逻辑拆解为清晰、可维护模块的方法论。它强调代码应该作为业务知识的载体，而不是单纯的逻辑执行器。在微服务架构盛行的今天，DDD提供的拆分原则成为了系统解耦和架构演进的核心标准。虽然本书具有一定的阅读深度，但其关于软件建模与知识消化的思考模式，是每一位立志成为架构师或技术管理者的必修课。它教会我们：优秀的工程师不应只是写代码的机器，而应是能够深刻理解业务本质并将其转化为优雅逻辑的问题解决专家。
528,9787532742418,了不起的盖茨比,F.S.菲茨杰拉德,2016,上海译文出版社,6,15,15,《了不起的盖茨比》是美国文学“爵士时代”的缩影，也是关于“美国梦”幻灭最动人的挽歌。小说通过尼克的视角，讲述了神秘富豪盖茨比为了追寻旧情人黛西而构建的华丽幻象。菲茨杰拉德以极其精致的笔触，描绘了20世纪20年代纽约上流社会的荒诞与奢靡。盖茨比对自己梦想的执着使其在庸俗的物质世界中显得卓尔不群。然而，这种执着最终在冷酷的阶级壁垒与黛西的浅薄面前撞得粉碎。书中的“绿光”成为了文学史上关于希望与追求的经典象征。作者深刻揭示了金钱无法填补的精神空虚。全书文字充满诗意且极具张力，不仅是一部爱情悲剧，更是一部关于理想、阶级与纯真丧失的社会学考察。它时刻提醒着读者：无论我们如何奋力逆水行舟，过去的阴影总会不断袭来。它是理解美国文学精神内核的必读佳作，其对于人性的洞察跨越了国界与时代。
529,9787508643299,丝绸之路：一部全新的世界史,彼得·弗兰科潘,2016,中信出版社,7,20,20,牛津大学历史学家彼得·弗兰科潘在这部鸿篇巨制中，打破了传统的“欧洲中心主义”史观。他将目光投向东方，认为丝绸之路才是人类文明真正的十字路口。全书从丝绸之路的崛起讲起，涵盖了信仰之路、战争之路、以及当下的黄金之路。作者通过对波斯、中亚及中国史料的挖掘，展示了东方文明如何在全球贸易与文化交流中扮演核心角色。他指出：西方世界的崛起并非历史的必然，而是全球力量平衡不断倾斜的结果。书中对地缘政治的深度剖析，揭示了资源、地理与权力之间永恒的博弈逻辑。这不仅是一部波澜壮阔的贸易史，更是一部关于人类文明如何在交流中碰撞、在冲突中融合的全球通史。它引导读者重新审视欧亚大陆的战略价值，为理解当今世界的地缘动态提供了深刻的历史背景。这是一次宏大的智力探险，彻底重构了我们对过去两千年全球互动逻辑的认知。
808,9780000001041,Body by Science,Doug McGuff,2009,McGraw-Hill,13,5,5,"“Body by Science” by Doug McGuff introduces a science-based approach to strength training that emphasizes brief, high-intensity workouts for optimal muscle growth and metabolic health. McGuff combines principles from exercise physiology with practical recommendations for resistance training, recovery, and progression. The book explains the mechanisms of muscle hypertrophy, cardiovascular adaptation, and hormonal responses to exercise. Readers gain actionable guidance on designing efficient workouts, avoiding overtraining, and maximizing fitness results in minimal time. Through evidence-based explanations and clear instruction, “Body by Science” empowers readers to improve strength, endurance, and overall health safely and effectively."
530,9787111451121,失控：全人类的最终命运和结局,凯文·凯利,2010,新星出版社,8,25,25,《失控》是互联网思想家凯文·凯利在20世纪90年代初完成的预言性杰作。书中探讨了分布式系统、复杂自适应系统以及生物与技术的融合。作者通过对蚁群、蜂群以及计算机网络的观察，提出了一个核心命题：即“涌现”的力量。他预言：未来的技术将越来越像生物，而生物也将越来越像技术。书中详细论述了去中心化架构的优势，以及系统如何在没有顶层设计的情况下通过底层交互实现进化。凯文·凯利以其惊人的洞察力，预判了云计算、物联网、虚拟现实以及众包模式的兴起。虽然成书于多年前，但其关于“进化逻辑”优于“工业逻辑”的论述在今天依然具有极强的指导意义。它不仅是一本科学著作，更是一部关于世界演化规律的哲学论集。它引导我们学会拥抱不确定性，理解在一个高度互联的系统中，真正的创造力往往来自于边缘与底层的失控。它是每一个科技从业者、产品经理以及未来主义者的必读圣经。
531,9787108003642,中国雕塑史,梁思成,2011,百花文艺出版社,9,8,8,梁思成先生不仅是建筑大师，也是中国艺术史研究的先驱。这本《中国雕塑史》凝聚了他对中国古代石刻、造像以及陵墓艺术的深厚情感与严谨考证。书中梳理了从先秦、秦汉到隋唐、明清的雕塑演变历程。梁思成以其特有的工程美学视角，剖析了云冈、龙门等石窟造像的比例、线条与力度感。他指出：中国雕塑的魅力在于其强大的精神内含与对外在形式的超越。书中通过大量珍贵的历史照片与文字，还原了那些散落在荒野中的杰作在建筑环境中的整体美感。作者忧虑于古代艺术遗产的流失，同时呼吁国人重拾对民族艺术精粹的自信。这不仅是一部关于“造型”的学术著作，更是一次关于中华文明视觉审美体系的深度重建。它引导读者读懂佛陀那宁静的微笑背后的文化自信，领略石刻艺术中所蕴含的民族气魄与工匠精神。它是理解中国艺术如何从厚重走向写意、从写实走向神韵的权威指南。
532,9787115167072,代码整洁之道,罗伯特·C.马丁,2010,人民邮电出版社,10,30,30,被开发者亲切称为“鲍勃大叔”的作者在本书中提出了一个核心标准：代码质量是决定软件长期生命力的关键。书中详细论述了如何编写可读、可维护且优雅的代码。其涵盖了从变量命名的一致性、函数的短小精悍到类职责的单一原则等方方面面。作者指出：整洁的代码如同优美的散文，不仅能正确执行任务，更能让阅读者感到愉悦。通过对“童子军军规”的推崇，即离开时要比发现时更整洁，本书建立了一套专业的职业准则。书中还深入探讨了测试驱动开发（TDD）在保障代码质量中的基石作用。这不仅是一本技术手册，更是一部关于程序员职业修养的宣言。它教会我们：写代码不是为了取悦编译器，而是为了与其他开发者以及未来的自己进行高效沟通。在项目压力与交付速度的博弈中，本书提供的原则是每一位资深开发者守住技术底线的逻辑防线。它是从合格码农进化为软件工匠的必修课程。
533,9787532724652,罪与罚,陀思妥耶夫斯基,2006,人民文学出版社,6,12,12,《罪与罚》是陀思妥耶夫斯基探索人性幽暗深处的惊世之作。小说讲述了贫困大学生拉斯柯尔尼科夫为了验证自己“超人”的理论而杀死放高利贷的老太婆的故事。作者以惊人的心理分析深度，描写了主角在犯罪后的极度恐惧、挣扎与幻灭。书中通过对彼得堡阴森街景的刻画，营造出一种压抑的现实主义氛围。核心探讨的主题在于：个人是否有权为了某种宏大的目标而践踏道德底线。在索尼娅这个充满圣洁感的女性角色的感召下，主角最终走上了认罪与救赎之路。这不仅是一部犯罪小说，更是一部关于信仰、贫穷、自傲与自我救赎的宗教哲学篇章。陀氏深刻揭示了理性如果脱离了同情与良知，将会如何演变为恐怖的深渊。阅读此书是一场极其沉重的灵魂拷问，它挑战了读者对正义、犯罪与宽恕的固有认知。它是19世纪俄国文学的巅峰，至今依然以其巨大的精神力量震撼着每一个对人类本性感到好奇的心灵。
534,9787508658052,大灭绝时代,伊丽莎白·科尔伯特,2015,上海译文出版社,7,10,10,荣获普利策奖的《大灭绝时代》是一部关于人类对地球生态系统深刻影响的非虚构杰作。作者科尔伯特通过对世界各地物种消失现场的实地考察，提出了一个令人不寒而栗的概念：第六次大灭绝。不同于前五次自然因素驱动的灾难，这一次的推手正是人类自身。书中梳理了生物分类学的演进历史，同时记录了巴拿马金蛙、夏威夷蜗牛等物种如何在人类活动导致的栖息地破碎、气候变化与病菌传播中走向终结。作者以冷静、克制且极具科学素养的笔触，展示了生物多样性崩溃的严峻现实。这不仅是一本关于生态危机的警示录，更是一次关于人类作为地球主宰者责任的深刻反思。它打破了技术乐观主义的幻觉，揭示了自然界精密链条的脆弱性。读完此书，读者将对“人类世”这一地质年代产生全新的理解。它不仅是历史的记录，更是对未来可能发生的生存悲剧的预演。这是一本每一个关心地球命运与物种延续的现代公民的必读书。
535,9787544256222,物种起源,查尔斯·达尔文,2013,商务印书馆,8,15,15,《物种起源》是现代生物学的奠基石，也是人类思想史上最具颠覆性的著作之一。达尔文在书中提出了“自然选择”和“适者生存”的进化论逻辑。他通过大量的航海观察、动植物培育实验以及化石证据，证明了生命并非由神灵一次性创造，而是通过亿万年的遗传变异与环境筛选演化而来。书中对生物多样性、地理分布以及物种同源性的解析，彻底瓦解了神创论的社会根基。虽然在成书时代达尔文尚不了解基因的概念，但他对演化规律的直觉捕捉被现代遗传学完美证实。这不仅是一本科学著作，更是一次关于人类起源与在自然界地位的革命性定位。它要求我们学会从物质联系而非超自然的角度去看待生命。全书逻辑严密且充满了对自然奇观的敬畏感。它是理性战胜教条的象征，至今仍是每一个科学探索者的灵感源泉。了解进化论不仅是为了学习生物，更是为了获得一种透视万物相互联系、动态演化的底层思维。
809,9780000001042,Starting Strength,Mark Rippetoe,2005,Aasgaard,13,5,5,"“Starting Strength” by Mark Rippetoe is a comprehensive guide to barbell training for building foundational strength, muscle, and functional fitness. Rippetoe emphasizes proper technique, biomechanics, and progressive overload for exercises like the squat, deadlift, bench press, and overhead press. The book provides detailed instructions, coaching tips, and illustrations to ensure safety and effectiveness in training. Readers gain insight into strength programming, training principles, and performance tracking. Through step-by-step guidance and practical examples, “Starting Strength” equips beginners and intermediate athletes to develop strength efficiently while minimizing risk of injury and maximizing results."
536,9787100067642,文心雕龙,刘勰,2010,中华书局,9,10,10,《文心雕龙》是中国文学理论与批评史上第一部体系严密的巨著，由南朝齐梁时期的刘勰撰写。全书五十篇，涵盖了文学的本原、体裁、修辞、批评论及创作心理等方方面面。刘勰提出了“文之思也，其神远矣”的著名论断，深刻探讨了文学想象（神思）的奥秘。他强调：文学作品应当是外在形式与内在风骨的高度统一。书中对先秦至南北朝千余年间文学流变的梳理，展现了极高的史学修养与审美眼光。这不仅是研究古代汉语与诗歌的必备经典，更是理解东方艺术批评体系的源头活水。刘勰在书中建立的关于“气、味、格、韵”的理论，不仅影响了后世文学，更渗透进书法、绘画与音乐的审美判断之中。阅读此书，就像是追随一位博学的大师，在文字的丛林中探索中国文化最核心的审美基因。它告诉我们：真正的美学创作应当扎根于深厚的文化传统，同时保持对自然与真理的敏锐捕捉。它是中华文化长河中一颗永不磨灭的艺术明珠。
862,9780000001095,Why Calories Don't Count,Giles Yeo,2021,Harper,13,5,5,"“Why Calories Don’t Count” by Giles Yeo challenges conventional beliefs about calorie counting and its effectiveness in weight management. Yeo explores genetics, metabolism, and hormonal regulation, explaining why traditional approaches may fail for many individuals. The book provides insight into the complexity of human physiology, the influence of environment and behavior, and strategies for sustainable health. Readers gain understanding of nutritional science, weight regulation, and the multifactorial nature of obesity. Through engaging writing, evidence-based analysis, and practical recommendations, “Why Calories Don’t Count” empowers readers to adopt informed, effective approaches to health and weight management."
547,9787111641243,SRE：Google运维解密,Betsy Beyer,2016,电子工业出版社,10,20,20,本书是Google多年来系统运维经验的集大成之作，正式确立了“网站可靠性工程”（SRE）这一关键职位在现代技术组织中的核心地位。书中详细论述了如何通过软件工程的手段来解决复杂的运维问题。其核心原则包括：拥抱风险、设定服务水平目标（SLO）、以及消除琐事。作者指出：传统的运维模式在海量规模下必然失效，必须通过自动化与系统化的思维来保障稳定性。书中分享了Google在分布式系统监控、应急响应以及容量规划方面的实战案例。这不仅是一本运维手册，更是一部关于大规模复杂分布式系统管理的哲学指南。它教会技术团队如何在高速迭代与稳定性之间达成科学的平衡。在当今数字化转型的浪潮中，SRE的思想已经渗透进几乎所有的互联网大厂。无论你是开发工程师还是架构师，理解SRE的逻辑都能让你从全局视角去审视系统的生命周期。它是通往构建高可用、高性能互联网应用路径上的必读典籍。
537,9787111641242,程序员修炼之道：通向务实的最高境界,Andrew Hunt,2020,电子工业出版社,10,22,22,本书被全球程序员公认为从新手到大师的进阶指南。作者安德鲁·亨特提出了“务实”这一核心哲学。他认为：技术栈会过时，但解决问题的思维模型与专业态度却能长存。书中总结了一系列极具实战意义的准则：如不要重复自己（DRY原则）、保持系统正交、以及通过自动化提升效率等。通过对“破窗效应”和“温水煮青蛙”等心理学概念的引入，作者揭示了团队合作与代码质量管理的隐性成本。书中强调了持续学习的重要性，建议开发者每年学习一种新语言。这不仅是一本编码技巧书，更是一部关于职业规划与心理建设的宝典。它教会我们：优秀的开发者应当具备批判性思维，能够根据项目上下文在不同工具间做出理性的权衡。无论你是前端、后端还是算法工程师，本书提供的关于调试、重构与架构设计的“务实”建议，都将帮助你避开那些隐藏在开发流程中的陷阱。它是培养程序员全局视野与系统化思维的最佳读物。
538,9787532731613,呼啸山庄,艾米莉·勃朗特,2017,上海译文出版社,6,12,12,《呼啸山庄》是英国文学史上的一朵异类，以其狂野、激烈的生命力和近乎恐怖的情感张力著称。小说讲述了弃儿希斯克利夫与山庄小姐凯瑟琳之间跨越生死的爱恨纠缠。艾米莉·勃朗特打破了维多利亚时代温婉的叙事传统，转而描写一种原始且具有毁灭性的激情。书中的荒原意象不仅是地理环境，更是角色内心孤独与叛逆的延伸。希斯克利夫的复仇计划不仅摧毁了两个家族的平静，更将人性的暗面推向了极致。这种对人性幽暗处的深度挖掘，使得本作在出版初期备受争议，却在后世被尊为心理分析小说的鼻祖。它告诉读者：爱如果被剥夺了社会认同与温情，极易转化为一种吞噬一切的黑色力量。全书文字优美且充满力量感，是探讨灵魂禁锢与自我救赎的永恒篇章。
539,9787508643291,文明的冲突与世界秩序的重建,塞缪尔·亨廷顿,2010,新华出版社,7,15,15,亨廷顿在这部具有争议的政治学著作中，提出了一个影响深远的论点：冷战后的国际冲突将不再源于意识形态，而在于文明之间的断层线。他将全球划分为中华文明、西方文明、伊斯兰文明等八大文明体系。作者指出：文明之间的竞争将成为未来世界秩序的主轴。书中对不同文明核心价值观的差异进行了冷峻的剖析，并预警了西方文明在人口与文化扩张方面的相对衰落。虽然这一理论受到不少批评，但其对当代地缘政治冲突的解释力依然惊人。它迫使读者思考：在这个全球化的时代，文化基因是否真的比经济利益更具决定性作用。这是一本理解现代国际关系、宗教纷争以及大国博弈底层逻辑的必读之作。它提醒我们要学会从文明的深度去审视眼前的动荡，而非仅仅停留在政策表象。
540,9787111451122,规模：复杂世界的数字化规则,杰弗里·韦斯特,2018,中信出版社,8,18,18,物理学家杰弗里·韦斯特在《规模》中提出了一个震撼人心的观点：从生物体到城市，甚至到公司，其运作都遵循着统一的规模法则。他利用物理学的幂律分布，揭示了为什么生物的代谢率与其体重成四分之三次方关系。作者指出：城市像是一个超级生物，随着人口规模的翻倍，其产出和创新能力并非线性增长，而是以超线性的速度爆发。书中详细探讨了为什么生物必有一死，而城市却几乎永生，以及公司为什么难以逃脱生命周期的宿命。这不仅是一本科学著作，更是一部关于系统论的思维杰作。它教会我们如何通过简单的数学关系看透复杂系统的本质。无论是研究社会演化的学者，还是希望优化组织效率的管理者，都能从书中获得关于增长、衰老与可持续发展的深度启发。它是将硬核科学应用于社会问题研究的典范之作。
542,9787115167073,重构 改善既有代码的设计,马丁·福勒,2019,人民邮电出版社,10,25,25,重构是现代软件开发中最核心的技能之一，而马丁·福勒的这本书则是该领域的标准参考。作者提出：所谓重构就是在不改变代码外部行为的前提下，通过微小的调整来优化内部结构。书中详细列举了数十种重构技巧：如提炼函数、搬移字段、以委派取代继承等。通过引入“代码坏味道”的概念，作者教会开发者如何识别那些导致系统腐烂的信号。书中强调了自动化测试在重构过程中的安全保障作用。这不仅是一本技术实操手册，更是一种关于代码质量持续改进的哲学。它告诉我们：软件不是写出来的，而是通过不断的迭代演化出来的。在需求快速变化的互联网时代，保持代码的简洁与灵活性是团队生存的唯一路径。无论你使用哪种高级语言，本书提供的关于设计模式与整洁架构的实践，都是通往卓越工程师之路的基石。它是每一位追求代码艺术的开发者书架上不可或缺的红宝书。
544,9787508658053,文明,尼尔·弗格森,2012,中信出版社,7,12,12,英国史学家尼尔·弗格森在《文明》中试图回答一个深刻的问题：为什么在公元1500年后，处于边缘地位的西方文明能迅速超越领先的东方？他提出了著名的“六大杀手锏”理论：竞争、科学、财产权、医学、消费社会和工作伦理。弗格森认为：这六大支柱是西方统治世界的制度优势。书中横跨五百年的历史，通过对郑和下西洋与哥伦布远航的对比，揭示了制度设计如何决定了国运的走向。虽然书中带有明显的西方中心主义色彩，但其对文明演化规律的分析极具启发性。作者警示：如果西方失去了这些核心竞争优势，其主导地位将迅速瓦解。这是一部极具批判性与前瞻性的宏大历史叙述。它引导读者思考：在当今多极化的世界中，什么样的制度选择才能保障文明的持续繁荣。全书论证严密且充满了地缘政治的洞见，是理解大国兴衰规律的重要参考，也是对现代社会结构的深度解构。
545,9787544256284,上帝掷骰子吗：量子物理史话,曹天元,2008,北京联合出版公司,8,30,30,《量子物理史话》被誉为中文科普界的奇迹，它将极其深奥、晦涩的量子力学讲得如同武侠小说般精彩。作者曹天元以科学史为经，以科学巨匠为纬，梳理了从经典力学的崩溃到量子帝国建立的惊心动魄。书中生动还原了爱因斯坦、玻尔、薛定谔、海森堡等顶级头脑之间的旷世争论。从波粒二象性到贝尔不等式，这些足以重塑人类三观的概念在作者笔下变得清晰可感。书中探讨了客观实在性的本质：如果观察者不存在，月亮还在那儿吗。这种科学与哲学的碰撞让读者深刻感受到理性的震撼。这不仅是一本物理知识普及书，更是一部关于人类探索真理、不断颠覆自我的精神史诗。它告诉我们：科学的真理往往是反直觉的。阅读此书能极大地提升一个人的思维格局，让人在惊叹宇宙奇妙之余，学会对未知保持敬畏。它是每一个科技爱好者、学生乃至成年人理解现代物理学最推荐的入门神作。
568,9787532746910,悲惨世界,维克多·雨果,2015,上海译文出版社,6,12,12,《悲惨世界》是法国浪漫主义文学泰斗维克多·雨果的鸿篇巨制，也是人类文学史上最宏大的社会史诗之一。小说以获释苦役犯冉阿让的一生为主线，深刻展现了他在苦难、法律与良知之间的灵魂洗礼。雨果以极其博大的慈悲心，描写了芳汀、珂赛特等底层人物在绝望环境下的挣扎。书中不仅有动人心魄的爱情与复仇，更包含了对19世纪法国政治激荡、街垒战争以及社会不公的深度剖析。作者提出了一个核心命题：在严酷的法律与慈悲的仁爱之间，究竟哪一个更能实现社会的救赎。书中对米里哀主教这一人格典范的刻画，成为了文学史上“人性光辉”的永恒象征。全书篇幅宏大且气势磅礴，文字中充满了对社会弱势群体的无限同情。它告诉读者：即便在最黑暗的深渊，只要心中尚存一点善念，灵魂便能实现最终的复活。这不仅是一部文学杰作，更是一部探讨社会道德与法律正义的宏伟宣言。
569,9787100111166,中国历代政治得失,钱穆,2012,九州出版社,7,18,18,钱穆先生的《中国历代政治得失》是一部极具洞察力的中国政治制度史论集。作者选取了汉、唐、宋、明、清五个代表性朝代，从政府组织、百官职权、考试制度、赋税制度及兵役制度五个方面进行了深度剖析。钱穆先生敏锐地指出：任何一项制度在建立之初都有其合理的初衷与特定的时代背景，但随着时间的推移，往往会发生异化并产生弊端。他极力反对单纯用“封建黑暗”来全盘否定中国传统政治。他认为：政治必须制度化且具有延续性。书中通过对汉代贤良方正、唐代府兵制以及明代内阁制的得失分析，揭示了中国皇权与相权博弈的逻辑演变。这不仅是一本历史读物，更是一部关于国家治理能力的政治学手册。它要求读者学会从历史的内部视角去评估制度的优劣。钱先生那简洁、平易且深刻的笔触，使其成为了理解中国数千年政治运行逻辑的必读指南，至今仍对我们思考现代治理体系具有重要的借鉴价值。
810,9780000001043,Practical Programming for Strength Training,Mark Rippetoe,2006,Aasgaard,13,5,5,"“Practical Programming for Strength Training” by Mark Rippetoe focuses on designing effective strength training programs based on scientific principles, experience, and long-term progression strategies. Rippetoe explains how to structure training cycles, manage volume and intensity, and individualize programs for different skill levels and goals. The book includes practical advice for exercise selection, recovery, nutrition, and adaptation, helping athletes and coaches optimize performance over time. Readers gain an understanding of periodization, training methodology, and the physiological basis of strength development. Through clear guidance and actionable strategies, “Practical Programming for Strength Training” empowers readers to implement structured, efficient, and sustainable training routines."
572,9787111135107,Redis设计与实现,黄健宏,2014,机械工业出版社,10,25,25,《Redis设计与实现》是深度剖析高性能键值存储系统的行业标杆之作。作者通过对Redis源码的细致拆解，详细介绍了各种核心数据结构如简单动态字符串、双端链表、字典、跳跃表及压缩列表的底层实现逻辑。书中不仅解释了Redis为何能达到极致的读写速度，还深入探讨了持久化机制（RDB与AOF）、主从复制、哨兵模式以及集群架构的运行原理。不同于侧重命令使用的手册，本书致力于培养读者的系统化思维。它展示了如何通过精妙的算法与内存管理，在受限的环境中实现高并发、高可用的系统目标。书中配有大量直观的图表，将复杂的二进制协议与内存布局清晰地呈现出来。对于志在深入研究高性能后端架构、内存数据库优化以及分布式中间件的开发者来说，本书提供了极其珍贵的实战级底层知识。它是每一位希望从单纯的代码使用者进化为系统设计专家的技术人员不可多得的红宝书，深刻展示了软件工程中“空间换时间”的权衡艺术。
573,9787532724656,大师和玛格丽特,布尔加科夫,2012,上海译文出版社,6,10,10,《大师和玛格丽特》是20世纪世界文学史上最奇特且瑰丽的杰作之一，也是魔幻现实主义的先声。小说通过三条线索交织：魔鬼沃兰德率领随从造访莫斯科引发的荒诞闹剧、贫苦作家“大师”与情人玛格丽特的凄美爱情、以及大师笔下关于彼拉多与耶稣的哲学对话。布尔加科夫以极具讽刺意味的笔触，无情地撕开了庸俗社会与极权主义的伪善面具。书中充满了超现实的想象力，如会说话的黑猫、午夜的魔球会以及飞翔的魔女。在这些荒诞表象之下，作者探讨了善与恶、胆怯与勇敢、艺术与真理的永恒命题。书中的名言“手稿是烧不掉的”成为了追求自由创作的精神象征。这不仅是一部文学神作，更是一次对人性尊严与信仰力量的深情呼唤。全书风格诡谲且意蕴深邃，将现实批判、宗教思辨与浪漫幻想完美交融。它是苏联文学中最璀璨的异色之花，也是每一位热爱文学、渴求自由灵魂的读者的终极精神寄托。
869,9780000002002,Into Thin Air,Jon Krakauer,1997,Anchor,14,5,5,"“Into Thin Air” by Jon Krakauer is a firsthand account of the 1996 Mount Everest disaster, combining personal experience with investigative reporting. Krakauer explores the physical, psychological, and environmental challenges of high-altitude climbing, the decisions made by climbers, and the factors contributing to tragedy. The book delves into themes of ambition, risk, survival, and human limits. Readers gain insight into mountaineering, leadership under extreme conditions, and ethical considerations in adventure sports. Through vivid narrative and analytical detail, “Into Thin Air” provides an engrossing, informative, and deeply human account of a perilous expedition."
574,9787508658055,奥斯曼帝国五百年,帕特里克·金罗斯,2015,中信出版社,7,12,12,金罗斯勋爵在这部宏大的史学著作中，完整记录了奥斯曼帝国从一个边境小公国崛起成为横跨欧亚非三洲超级大国的兴衰历程。书中详尽描述了从“征服者”穆罕默德二世夺取君士坦丁堡，到苏莱曼大帝时期的极盛巅峰，再到后期缓慢且痛苦的崩溃过程。作者不仅关注苏丹们的征服与扩张，更深入剖析了帝国独特的官僚体制、奴隶兵团（加尼沙里）以及多元文化共存的社会机制。金罗斯敏锐地指出：帝国早期的成功源于对不同信仰与人才的包容，而其衰落则归因于制度的僵化与对现代文明浪潮的迟钝。全书叙事流畅且笔触细腻，通过海量的档案与个人传记，还原了一个充满东方情调且极具政治智慧的王朝形象。这不仅是一部断代史，更是一部关于跨文化统治、权力制衡以及地缘政治博弈的研究。它为读者理解当今中东局势与土耳其的身份认同，提供了极其深刻的历史底照。阅读此书能让人在波澜壮阔的战争与宫廷斗争中，领悟文明更迭的必然规律。
247,9780812550276,"The Path of Daggers (The Wheel of Time, Book 8)",Robert Jordan,1998,Tor Books,1,3,0,"As the Seanchan invasion force tightens its grip on the southern lands, Rand al'Thor leads a desperate military campaign to repel them using the flawed power of the Asha'man. However, the sky itself seems to turn against the Dragon Reborn as the male half of the One Power becomes increasingly unstable. It is a somber reflection on the limits of absolute power and the physical and mental toll of leadership, as Rand learns that even a god-like figure cannot control the chaotic winds of fate."
577,9787111135108,编译原理,Alfred V. Aho,2011,机械工业出版社,10,15,15,被全球计算机界尊称为“龙书”的《编译原理》，是计算机科学领域最核心且最具挑战性的经典之一。作者阿霍教授系统地阐述了将高级编程语言转化为机器指令的全部过程：包括词法分析、语法分析、语义检查、中间代码生成及最终的代码优化。书中详细介绍了有限自动机、上下文无关文法以及复杂的代码生成算法。龙书之所以神圣，在于它不仅教授了如何构建编译器，更揭示了语言抽象与计算机底层硬件之间的深度交互逻辑。书中关于优化算法的讨论，是理解现代高性能软件开发的基石。虽然内容具有极高的难度，但它所培养出的逻辑严密性与对计算本质的洞察力，是任何其他课程无法替代的。掌握了编译原理，就意味着真正获得了统治数字世界的能力。它不仅是开发新编程语言的指南，更是提升现有系统效率、解决复杂Bug的终极武器。每一个渴望触碰软件技术巅峰的极客，都应将啃下龙书视为职业生涯中的一场成人礼。
548,9787020126293,白鹿原,陈忠实,2017,人民文学出版社,6,15,15,《白鹿原》是中国当代文学史上的一座宏伟丰碑，以陕西关中平原上白、鹿两大家族祖孙三代的恩怨情仇为主线。陈忠实以厚重的现实主义笔触，全景式地展现了从清末民初到建国初期五十年的历史变迁。书中的白嘉轩代表了传统的宗法秩序与坚韧的民族脊梁，而鹿子霖则体现了人性中的投机与圆滑。田小娥这一悲剧角色的出现，更是将封建礼教对人性的摧残描写得淋漓尽致。作者通过对这片古老土地上生老病死、婚丧嫁娶以及政治风云的细腻刻画，揭示了中华民族在现代化转型过程中的阵痛与挣扎。全书气势磅礴且充满泥土气息，蕴含着深邃的文化反思。它不仅是一部家族史，更是一部关于土地、欲望、道德与生存的民族史诗。阅读此书能让读者深刻领悟到中国传统社会结构的坚韧与脆弱，是每一位渴望理解中国根脉的读者的必读之作。
549,9787108053742,显微镜下的大明,马伯庸,2019,湖南文艺出版社,7,20,20,马伯庸在《显微镜下的大明》中另辟蹊径，不再关注帝王将相的宏大叙事，而是将目光对准了明代基层政治中的具体案件。作者通过挖掘地方志与民间档案，还原了六个真实的历史切片。从徽州丝绢案的赋税纠纷到杨干院状告案的基层治理，马伯庸以极具画面感的笔调，揭示了明代官僚体系的运作逻辑。书中详细描述了小吏们的生存智慧、百姓的抗争策略以及法律条文在实际操作中的扭曲。这种“自下而上”的观察视角，让冰冷的历史数据变得鲜活且具有温度。它揭示了一个深刻的真理：历史的走向往往隐藏在那些繁琐的账目与看似微小的利益博弈之中。这不仅是一本历史科普书，更是一部关于中国传统社会治理结构的深度调研。它引导读者穿透宏大的历史迷雾，看清支撑庞大帝国运转的真实齿轮。对于想要了解中国古代社会真相与行政逻辑的读者来说，本书提供了极其珍贵的微观视角。
811,9780000001044,Becoming a Supple Leopard,Kelly Starrett,2013,Victory Belt,13,5,5,"“Becoming a Supple Leopard” by Kelly Starrett provides an in-depth guide to mobility, movement mechanics, and injury prevention for athletes and active individuals. Starrett emphasizes proper alignment, joint function, and biomechanical efficiency to improve performance and prevent pain. The book includes detailed exercises, mobility drills, and corrective techniques targeting posture, flexibility, and strength. Readers gain insight into body mechanics, movement patterns, and strategies to enhance athletic performance and functional fitness. Through evidence-based instruction and practical exercises, “Becoming a Supple Leopard” empowers readers to move more efficiently, reduce injury risk, and optimize physical performance across daily activities and sports."
552,9787115167074,现代操作系统,Andrew S. Tanenbaum,2017,机械工业出版社,10,18,18,由全球顶级专家塔嫩鲍姆教授撰写的《现代操作系统》，是计算机科学教育领域当之无愧的塔尖之作。书中系统地阐述了操作系统的核心原理：包括进程管理、内存分配、文件系统、输入输出以及分布式系统设计。作者不仅提供了详尽的理论框架，还结合了Linux、Windows以及Android系统的真实案例进行深度对比。书中对并发控制、死锁处理以及系统安全的论述，展现了极其深邃的技术洞察力。塔嫩鲍姆以其幽默风趣且逻辑严密的写作风格，将枯燥的底层机制讲得环环相扣。这不仅是一本大学教科书，更是每一位志在系统架构、底层开发的工程师必须反复研读的底功秘籍。它教会我们：如何在这个充满抽象层的数字世界里，看透硬件与软件交互的最本真逻辑。掌握了操作系统的灵魂，就意味着掌握了应对复杂技术变革的终极武器。它是衡量一名技术人员专业广度与深度的硬性标尺。
553,9787532724654,尤利西斯,詹姆斯·乔伊斯,2013,上海译文出版社,6,8,8,《尤利西斯》被公认为20世纪最伟大的英语小说，也是意识流文学的巅峰之作。乔伊斯以极高的文学造诣，通过对都柏林普通人利奥波德·布卢姆在1904年6月16日一天的生活描写，解构了荷马史诗中的宏大主题。书中运用了大量的内心独白、自由联想以及极具实验性的语言实验，试图复原人类意识最真实的流动状态。每一章都采用了截然不同的文体风格，展现了作者对语言掌控的极致能力。这不仅是对文学形式的革命，更是对个体生命琐碎性与神圣性的深度挖掘。小说中海量的典故与隐喻，构成了一个庞大的智力迷宫，挑战着读者的阅读极限。它告诉我们：每一个平凡的灵魂都在其日常的琐屑中经历着英雄般的奥德赛之旅。虽然阅读门槛极高，但它所蕴含的人文关怀与对人类本性的深刻剖析，使其成为了现代文明不可或缺的文学基石。它是每一位文学爱好者进阶必经的朝圣之所，是人类精神探索语言边界的壮阔尝试。
554,9787508658054,枢纽：3000年的中国,施展,2018,中信出版社,7,12,12,施展在《枢纽》中尝试构建一套全新的中国历史解释框架。他将中国视为世界秩序的“枢纽”，强调了中原农耕文明与北方游牧文明、以及东南海洋文明之间的动态耦合。书中跨越三千年的时空，探讨了中国如何从一个东亚文明体演变为一个现代主权国家，并最终在当代全球经济中扮演不可替代的角色。作者利用地理学、经济学与社会学的交叉视角，揭示了中国大一统国家的底层逻辑与演化动力。他指出：中国的特殊性在于其超大规模性，这决定了它必须通过内部多元体系的平衡来实现治理。这不仅是一部历史书，更是一部关于大国政治逻辑的深度剖析。它引导读者突破传统的“王朝循环”视角，从全球史的高度去理解中国的身份定位与未来使命。全书格局宏大且逻辑严密，为读者提供了一套极具解释力的思维工具，去观察那个在动荡中不断重塑自我的庞大文明体。
556,9787100067644,中国现代美术史,吕澎,2013,北京大学出版社,9,8,8,吕澎的《中国现代美术史》是研究19世纪末以来中国视觉艺术变迁的集大成之作。全书详细记录了中国艺术如何从传统的文人画体系，在西方文化的冲击与社会变革的洗礼下，一步步走向现代性。书中涵盖了岭南画派的变革、徐悲鸿与林风眠的艺术实验、以及新中国成立后的红色美术与当代的先锋艺术流派。作者不仅关注作品的风格演变，更深入探讨了艺术创作背后的政治运动、社会思潮与市场机制。通过海量的图片资料与文献考据，吕澎还原了一个个时代的审美焦灼与创新勇气。这不仅是一部关于“美”的记录，更是一部视觉化的中国现代史。它揭示了艺术家们如何在身份认同与全球化浪潮中寻找平衡，展现了中国文化在转型期极强的生命力与包容性。对于想要深入了解当代中国艺术生态、提升艺术评论深度的读者来说，本书提供了极其完备的知识图谱与理论支撑，是艺术研究领域的必备典籍。
557,9787111641244,数据密集型应用系统设计,Martin Kleppmann,2018,中国电力出版社,10,20,20,被开发者誉为“DDIA”的这本书，是分布式系统与大数据架构领域公认的“神作”。Martin Kleppmann以极其宏大的视野，拆解了现代互联网后端技术的每一个核心环节：从数据模型与查询语言到存储引擎、索引机制，再到数据复制、分区、事务以及一致性共识算法。不同于侧重某种工具的文档，本书专注于探讨各种技术选型背后的权衡（Trade-offs）。作者揭示了为什么没有一种完美的架构能解决所有问题，只有最适合特定业务场景的设计。书中对分布式系统陷阱的深刻剖析，帮助开发者避开了无数隐形的坑。这不仅是一本技术架构书，更是一部关于数据流转与系统可靠性的哲学论集。在海量数据与高并发挑战成为常态的今天，掌握本书所传达的系统化设计思维，是成为高级工程师或顶尖架构师的必由之路。它是每一位负责构建大规模、高性能分布式系统的技术人员不可或缺的终极指南。
764,9780000000097,Alan Turing: The Enigma,Andrew Hodges,1983,Princeton,12,5,5,"“Alan Turing: The Enigma” by Andrew Hodges is a biography of the mathematician, logician, and pioneer of computer science. Hodges examines Turing's life, work on codebreaking during World War II, theoretical contributions to computing, and personal experiences navigating societal prejudice. The book explores themes of innovation, resilience, ethics, and intellectual brilliance, highlighting Turing's profound influence on modern technology and artificial intelligence. Readers gain insight into his scientific achievements, personal struggles, and the historical context of his era. Hodges combines rigorous research with narrative storytelling to present a comprehensive and inspiring portrait of Turing as a visionary thinker, scientist, and human being."
579,9787108053743,潜规则：中国历史中的真实游戏,吴思,2009,复旦大学出版社,7,20,20,吴思先生在《潜规则》中提出了一个震动史学界与社会学的核心概念：即在正式的法律、条文之外，中国传统社会还运行着一套被广泛认可却秘而不宣的行为准则。作者通过对明清两代大量官场轶事与经济账目的剖析，揭示了官僚、小吏与百姓之间真实的权力博弈逻辑。他指出：所谓的潜规则，本质上是权力拥有者通过对他人的合法伤害权来实现利益变现。书中详细论述了“陋规”、“常例”以及“淘汰效应”等现象，说明了为什么正直的官员往往无法在体制内生存，而贪腐却能成为一种自我演化的稳态。这不仅是一部历史著作，更是一部关于组织行为学与制度成本的深度论文。它揭示了传统社会治理中信息不对称与制度冗余带来的巨大社会成本。阅读此书能让读者穿透宏大的历史叙事，看清支撑庞大帝国日常运转的底层逻辑与利益链条。它至今仍是理解中国社会运行规律、行政文化以及权力结构演变的必读启示录。
563,9787532724655,复活,列夫·托尔斯泰,2015,人民文学出版社,6,12,12,《复活》是俄国文学泰斗托尔斯泰晚年的艺术总结，也是其一生探索真理与正义的灵魂自白。小说讲述了贵族聂赫留朵夫在陪审团席位上意外发现受审的妓女竟是自己年轻时诱奸的女孩玛丝洛娃，从此开启了一场极尽艰辛的道德忏悔与精神复活之旅。托尔斯泰以其大师级的写实功力，对当时俄国的法庭、监狱以及官僚体系进行了冷酷无情的批判。书中不仅描写了个人的救赎，更揭示了整个社会制度对贫民阶层的结构性摧残。这种对人性幽微处的洞察与对社会公义的强烈诉求，使本书具有了超越时代的震撼力。托尔斯泰通过聂赫留朵夫的视角，提出了关于土地、宗教与法律的深刻反思，最终指向了通过劳动与博爱实现精神重生的终极理想。全书文字沉稳且充满悲悯，是探讨个人良知与社会责任博弈的文学巅峰。它告诉我们：真正的复活不是肉体的重生，而是灵魂在面对罪恶时勇敢的觉醒与对真理的回归。
580,9787111451124,物理学的未来,加来道雄,2012,重庆出版社,8,15,15,著名理论物理学家加来道雄在本书中展示了极其宏大的预言视角。他通过采访全球三百多位顶尖科学家，绘制了一幅从现在到2100年的人类文明进化图景。书中详细探讨了计算机技术、人工智能、纳米技术以及能源领域的潜在革命。加来道雄指出：随着量子计算与室温超导的实现，人类将掌握如同神一般的力量：通过意识控制物体、战胜癌症以及开发无限的恒星能源。书中不仅描述了技术的突破，更深刻探讨了这些变革对未来社会、经济以及伦理的巨大冲击。这不仅是一本科学预言书，更是一次关于人类作为跨行星物种地位的哲学思考。作者以其标志性的平实语言，将深奥的物理概念转化为触手可及的未来场景。它引导读者突破当下的视野局限，去思考那个由物理定律所决定的终极边界。它是每一个对未来科技趋势、星际探索以及文明演化感兴趣的读者的灵感源泉。它告诉我们：未来并非不可知，它正隐藏在当今实验室的公式与数据之中。
583,9787020118061,卡夫卡中短篇小说全集,弗兰茨·卡夫卡,2017,人民文学出版社,6,12,12,卡夫卡的作品是现代主义文学中无法逾越的高峰，以其荒诞、孤独与极度的异化感著称。本集收录了包括《变形记》、《判决》以及《饥饿艺术家》在内的经典名篇。卡夫卡以其精准且近乎官僚化的笔触，描写了在庞大、冷漠的官僚体系与家庭压力下，个体生存的荒谬性。格里高尔变成甲虫的过程，不仅是身体的异变，更是现代人在劳动分工与社会关系中彻底沦为工具的隐喻。书中的世界往往是逻辑自洽却极度诡异的：法庭永远不可抵达，规则永远不可知，罪名永远不明确。这不仅是对二十世纪集权倾向的预言，更是对人类存在本质的深度挖掘。卡夫卡揭示了那种渗透在骨髓里的、面对绝对权力的无助与恐惧。全书文字简洁有力，完全去除了多余的修饰，却能产生一种极强的压迫感。它是理解现代哲学、心理学以及后现代文化不可或缺的文学密钥，深刻地重塑了人类对“孤独”与“自由”这两个词汇的认知边界。
5,9780262054507,Quantum Horizons: Beyond Classical Physics,Dr. Leah Morrison,2025,MIT Press,3,27,27,"Quantum Horizons provides a detailed yet accessible account of modern quantum research. Morrison explains foundational principles such as superposition and entanglement before guiding readers through the latest breakthroughs in quantum computing and experimental physics.

 The book examines competing hardware architectures and the race to achieve stable qubit coherence. Morrison also explores applications in cryptography, advanced materials, and climate modeling simulations. Beyond technical discussion, she reflects on philosophical implications, questioning how quantum theory reshapes humanity’s understanding of causality and determinism.

 Through clear explanations and real-world examples, Quantum Horizons serves both as an introduction for general readers and a thoughtful overview for those following scientific innovation."
585,9787544256226,优雅的宇宙,布莱恩·格林,2012,湖南科学技术出版社,8,10,10,布莱恩·格林在《优雅的宇宙》中，带我们进入了理论物理学中最具挑战性的领域：超弦理论。作者试图向普通读者展示：宇宙中最基本的构建块并非点状的粒子，而是微小且不断振动的“弦”。通过这些弦的不同振动频率，产生了我们所能观察到的所有基本粒子与力。书中详细解析了广义相对论与量子力学之间长达一个世纪的矛盾，并揭示了弦理论如何通过引入多维空间来实现物理学的大统一。格林以其极其高超的类比能力，将深奥的数学概念转化为视觉化的图像：如“折叠的空间”与“卡拉比-丘空间”。这不仅是一本科学科普书，更是一次关于宇宙底层几何美的哲学探索。它告诉我们：世界的本质或许是一场极其宏大且优美的交响乐。全书充满激情且逻辑缜密，引领读者触摸理性的边界。它是理解现代物理学如何向终极万有理论进发、理解空间与时间如何在微观尺度上崩塌的最佳读本，让每一个对宇宙本质感到好奇的灵魂都能感受到那份极尽深邃的优雅。
586,9787100067648,艺术与视知觉,鲁道夫·阿恩海姆,2008,四川人民出版社,9,8,8,鲁道夫·阿恩海姆的《艺术与视知觉》是格式塔心理学在艺术研究领域的经典应用，彻底改变了我们对视觉表达的理解。作者提出：观看本身就是一种积极的认知活动，而艺术作品的力量源于其视觉形式所蕴含的张力、平衡与动力学。书中详细分析了平衡、形状、空间、光线、颜色以及运动在构图中的心理效应。阿恩海姆指出：每一个视觉符号都在大脑中产生一种特定的压力场，这种物理性质的感知正是艺术感染力的根源。他反对将艺术审美看作纯粹的感性冲动，而是致力于揭示视觉形式背后的严密逻辑。这不仅是一本关于绘画与雕塑的评论书，更是一部关于感知科学的深度教材。它教会设计师、艺术家乃至普通观众，如何通过理解大脑的视觉加工规律来提升表达的效率与美感。全书图文并茂且思辨力极强，是通往理性鉴赏、深层构图分析的必经之路。它揭示了艺术创作中那种跨越文化的视觉语言逻辑，是构建专业审美能力最坚实的理论地石。
558,9787020118060,平凡的世界,路遥,2017,人民文学出版社,6,20,20,《平凡的世界》是中国当代文学史上一部影响深远的现实主义巨著。路遥以陕北黄土高原为背景，全景式地描写了中国当代农村与城镇社会生活的巨大变迁。小说通过孙少安与孙少平两兄弟的命运起伏，深刻探讨了劳动、苦难、奋斗与尊严之间的复杂关系。孙少安代表了对土地的坚守与对改变生活现状的朴素追求。而孙少平则通过阅读与思考，试图在精神上突破身份的枷锁，寻找更广阔的世界。书中对饥饿、贫穷与阶层流动的描写极其真实且动人，激励了无数出身平凡的年轻人通过奋斗改变命运。这不仅是一部家族史或奋斗史，更是一部关于个体如何在时代洪流中保持内心纯真与高尚追求的人格教科书。全书散发着一种坚韧不拔的英雄主义气息。它告诉我们，每一个平凡的人都有其不平凡的灵魂。这部作品自出版以来长盛不衰，成为了无数读者的精神灯塔。
657,9780007466078,A Dance With Dragons 2: After the Feast,George R. R. Martin,2011,Bantam Books,1,5,5,"A Dance With Dragons 2: After the Feast, by George R. R. Martin, published in 2011, continues the epic tale of Westeros. The novel explores political intrigue, power struggles, and the consequences of past actions. Multiple POV characters navigate a dangerous and complex world filled with betrayal, ambition, and moral ambiguity. Martin's intricate plotting, detailed world-building, and character development provide a richly layered reading experience for fans of fantasy literature."
564,9787544766863,罗马帝国衰亡史,爱德华·吉本,2015,商务印书馆,7,10,10,爱德华·吉本的《罗马帝国衰亡史》是西方近代史学史上不可逾越的顶峰。这部跨度长达一千多年的巨制，记录了罗马从极盛时期的安敦尼王朝一直到康斯坦丁堡陨落的漫长过程。吉本以其华丽的叙事笔调与严密的理性分析，探讨了为什么一个看似坚不可摧的庞大帝国会从内部崩塌。他将目光投向了政治体制的腐败、雇佣兵制的弊端以及宗教势力的兴起。作者认为：帝国的瓦解不是一次突然的灾难，而是一场由于制度退化导致的慢性死亡。书中对历代皇帝性格的刻画以及对古典文明消亡的悼念，充满了浓厚的启蒙主义色彩。这不仅是一部断代史，更是一部关于权力的兴衰、文明的脆弱以及历史偶然性的哲学沉思。吉本建立的这种批判性历史写作模式，深刻影响了后世所有对帝国史与地缘政治的研究。阅读此书，能让读者在宏大的时空跨度中观察文明的生与死，领悟那些在权力巅峰中埋下的覆灭种子。
812,9780000001045,Deskbound,Kelly Starrett,2016,Victory Belt,13,5,5,"“Deskbound” by Kelly Starrett addresses the health consequences of prolonged sitting and sedentary lifestyles while providing strategies to restore mobility, strength, and posture. Starrett explains how desk-bound behavior contributes to musculoskeletal issues, reduced performance, and chronic pain. The book offers practical exercises, stretching routines, and movement protocols to counteract the negative effects of inactivity. Readers gain knowledge of ergonomics, joint health, and functional movement patterns. Through clear guidance and step-by-step techniques, “Deskbound” empowers office workers and sedentary individuals to improve posture, reduce discomfort, and incorporate movement into daily life for long-term wellness and functional strength."
6,9780393892101,Engineering Life: The Future of Synthetic Biology,Michael Anders,2026,W. W. Norton,3,25,25,"Engineering Life examines the transformative field of synthetic biology and humanity’s expanding ability to design living systems. Anders explains CRISPR gene editing, programmable cells, and biofabrication technologies that enable scientists to create organisms with specific industrial or medical functions.

 The book discusses breakthroughs in disease-resistant crops, renewable biofuels, and personalized medicine. At the same time, it addresses ethical concerns surrounding genetic privacy, ecological impact, and biosecurity risks.

 By combining interviews with researchers and policy experts, Engineering Life presents a balanced assessment of innovation and responsibility in the biological sciences."
565,9787508678225,大脑的一天,苏珊·格林菲尔德,2019,中信出版社,8,20,20,神经科学家苏珊·格林菲尔德在《大脑的一天》中，带我们进行了一次微观视角的奇妙旅行。作者通过跟踪一个人从清晨苏醒到夜晚入梦的二十四小时，解析了大脑神经元如何处理外部信息并产生主观体验。从早上的第一杯咖啡对多巴胺的影响，到社交互动中的镜像神经元反应，再到梦境中海马体的记忆整合。格林菲尔德以其极具亲和力的笔触，将深奥的脑科学理论转化为生活化的常识。她探讨了一个核心谜题：重达三磅的湿润组织是如何产生那些斑斓的思想与丰富的情感的。书中对现代技术、数字环境如何重塑我们大脑回路的警告，展现了一位科学家的社会责任感。这不仅是一本生物科普书，更是一部关于自我认知的指南。它告诉我们：你的每一个微小决策都在潜移默化地重塑你的物理大脑。了解大脑的运行机制，能让我们更理性地管理情绪、提升专注力并理解那些驱动人类行为的生物本能。它是现代人掌握心理健康与认知提升的科学钥匙。
567,9787115167075,架构整洁之道,罗伯特·C.马丁,2018,电子工业出版社,10,22,22,罗伯特·马丁在《架构整洁之道》中将多年来关于软件设计的核心准则进行了终极升华。本书强调了架构的本质目标：即最小化人力成本、最大化生产力。作者提出了著名的“整洁架构”模型，主张业务逻辑应当处于核心地位，而数据库、UI及各种框架应当作为细节被推迟决策或灵活替换。书中详细论述了依赖倒置原则、接口隔离原则以及组件解耦的底层逻辑。马丁认为：一个好的架构应当能保护核心业务逻辑免受技术选型变更的冲击。书中充满了作者作为资深开发者的实战智慧。它教会我们如何识别那些隐形的“架构坏味道”，并提供了系统化的治理方案。在微服务与云原生架构盛行的今天，本书提供的关于限界上下文、稳定性依赖以及抽象度平衡的思考，成为了构建高可用、高扩展系统的行业标准。这不仅是一本技术设计书，更是一部关于软件工程长远利益与即时收益平衡的决策手册。它是每一位高级开发人员向架构师转型过程中的核心理论支撑。
587,9787111641245,分布式系统：模型与算法,Nancy Lynch,2017,机械工业出版社,10,20,20,由麻省理工学院著名教授南希·林奇撰写的这部著作，是分布式计算领域的理论巅峰。书中系统地介绍了异步系统、同步系统、失败模型以及一致性算法的数学证明。林奇教授以极其严谨的风格，推导了著名的FLP不可能定理：即在一个即使只允许一个节点失败的异步系统中，也不可能存在一个总是能达成一致的共识算法。书中详尽论述了Paxos算法、拜占庭将军问题以及复制状态机的底层理论。不同于侧重某种工具或框架的实践，本书专注于培养读者的形式化证明能力与底层思维。它揭示了在面对网络延迟与部分节点失效时，分布式系统为了达成可靠性必须付出的数学代价。这不仅是一本技术参考书，更是一部关于逻辑确定性在混乱网络环境中的博弈史。对于志在深入研究区块链技术、大规模云存储以及高性能分布式中间件的架构师来说，本书提供的理论框架是不可逾越的知识巅峰。它是将分布式工程转化为一门精确科学的重要标志，深刻重塑了人类对并发与分布式交互的理解。
588,9787506365437,白痴,陀思妥耶夫斯基,2015,人民文学出版社,6,10,10,《白痴》是俄国文学大师陀思妥耶夫斯基最倾注个人理想的作品，他试图在小说中塑造一个“绝对美好的人”。主人公梅什金公爵天性纯真、善良且具有无私的同情心，但这种近乎神性的纯洁在贪婪、虚伪且充满利己主义的彼得堡社交界显得格格不入。人们戏称他为白痴，却在内心深处被他的真诚所震撼。小说通过公爵与性格乖戾的罗果仁、美貌却备受摧残的纳斯塔霞之间的情感纠葛，展现了美在丑恶现实面前的毁灭。作者深刻剖析了金钱欲望如何异化人性，以及在缺乏信仰支撑的社会中，善意如何被误解为软弱。书中关于死刑、癫痫以及宗教救赎的探讨，体现了作者对人类苦难最深沉的关怀。这不仅是一部探讨道德理想的悲剧，更是一部揭示现代灵魂危机的先知之书。它告诉读者：当一个社会无法容纳纯粹的善良时，那不仅是个体的悲剧，更是整个文明的沦丧。全书笔触细腻且情感炽热，是世界文学史上对人性光辉与幽暗交锋最深刻的记录之一。
590,9787111451125,终极理论之梦,史蒂芬·温伯格,2011,湖南科学技术出版社,8,12,12,诺贝尔物理学奖得主史蒂芬·温伯格在本书中阐述了物理学家们追寻“统一理论”的伟大历程。作者认为：大自然的所有规律最终都可以归结为一套极其简洁、对称且完美的数学方程。温伯格详细介绍了标准模型如何将强力、弱力与电磁力统一起来，并展望了如何将引力也纳入其中。书中不仅探讨了量子力学与相对论的冲突，还从哲学层面思考了为什么宇宙是可理解的。温伯格以其冷峻且理性的笔触，反驳了各种伪科学与活力论，坚持认为科学的终极目标是建立一个没有任何超自然干预的物质解释框架。这不仅是一本高水平的科普读物，更是一次关于还原论思维的精彩辩护。它引导读者去感受那种追求宇宙底层逻辑的智力激情。书中对超对称、多维空间以及大统一理论的论述，展现了人类理性在探索自然边界时的极致勇气。它是每一个对物理学哲学基础感兴趣的读者的必读之作，展现了一位顶级科学家对真理不懈追求的壮丽情怀。
591,9787100067649,中国书法史,冯天瑜,2010,湖北教育出版社,9,10,10,本书系统梳理了中国书法从甲骨文、金文、篆隶到魏晋风度、唐宋法意的漫长演变历程。作者不仅关注线条、结体与墨色的技法变迁，更深入探讨了书法艺术背后的哲学根源与文人心理。书中认为：书法是中华文化最纯粹的视觉表现，是书法家人格境界与宇宙生命的共鸣。通过对王羲之的飘逸、颜真卿的雄浑以及苏轼的率意的深度剖析，作者展示了不同时代的美学追求如何外化为纸上的龙蛇。书中详述了帖学与碑学的兴衰博弈，以及书法在不同政治环境下如何作为文化认同的核心符号。这不仅是一部艺术史，更是一次关于汉字精神命脉的深度探源。它引导读者读懂每一处点画背后的节奏感与气韵，领略那种将瞬间的生命力永恒化为视觉形式的艺术奇迹。对于想要建立系统书法鉴赏体系、理解东方线条美学本质的读者来说，本书提供了极其完备的史料支撑与理论框架。它是理解中国艺术如何实现“技进乎道”这一最高境界的必经之梯。
592,9787111135110,TCP/IP详解 卷1：协议,W. Richard Stevens,2014,机械工业出版社,10,25,25,被全球程序员誉为“网络底层圣经”的这一著作，是理解互联网运行逻辑的基础石。斯蒂文斯以其极其严谨的风格，详细剖析了TCP/IP协议族的每一层：从底层链路到IP、ICMP、TCP以及UDP等核心协议。不同于单纯的理论介绍，本书最大的特点是结合大量的抓包实例与实验，直观地展示了数据包如何在网络中路由、分片以及在拥塞控制机制下进行流量调整。作者对滑动窗口机制、三次握手与四次挥手过程的论述，展现了工业级协议设计的极高智慧。掌握了本书的内容，就意味着掌握了现代分布式系统通信的底层真理。对于从事后端开发、网络安全、云计算以及内核驱动的工程师来说，这是绕不开的底功读本。它教会技术人员在遇到复杂的生产环境故障时，能从网络包的微观世界寻找问题的根源。这是一部经得起时间考验的杰作，其清晰的逻辑与精准的表达，树立了技术书籍编写的最高典范，是衡量一名架构师技术深度与广度的重要标尺。
593,9787532724658,铁皮鼓,君特·格拉斯,2016,上海译文出版社,6,12,12,《铁皮鼓》是诺贝尔文学奖得主君特·格拉斯的成名作，也是战后德国文学魔幻现实主义的巅峰。主人公奥斯卡目睹了成人世界的虚伪与残忍，在三岁时决定停止生长，并获得了一种用尖叫击碎玻璃的异能。通过一个永不长大的侏儒视角，作者全景式地描写了纳粹兴起、战争摧毁以及战后重生的荒诞历史。铁皮鼓的敲击声不仅是奥斯卡表达反抗的武器，更是对那个狂热且病态时代的黑色讽刺。格拉斯以极其怪谲且充满肉欲色彩的笔触，解构了德国中产阶级的狭隘与道德平庸。书中充满了诡异的意象：如墓地里的鳗鱼、能够招引灵魂的鼓声。这不仅是一部个人的成长小说，更是一部关于民族集体罪疚与历史记忆的深刻反思。它打破了传统叙事的禁忌，揭示了邪恶是如何在平庸的生活细节中滋生。全书语言极具张力且充满原始的野性，是理解当代欧洲文学、反思二十世纪人类悲剧的最重要文献之一。
594,9787508658057,饥饿的盛世：乾隆时代的得与失,张宏杰,2016,湖南人民出版社,7,15,15,张宏杰在这部著作中揭开了乾隆盛世这一华丽外衣下的残酷真相。作者通过对人口压力、土地兼并以及文字狱等历史细节的剖析，指出乾隆时代的繁荣实际上是建立在对民众生存空间极限压榨的基础上。这种繁荣缺乏制度创新的支撑，是一种落后的、内卷化的增长。书中详细描述了当时清王朝对西方文明浪潮的盲目自大与错失良机，预示了随后百年落后的宿命。张宏杰敏锐地观察到：乾隆虽然个人能力极强，但他所强化的专制体系却让中国彻底失去了转型的可能。这不仅是一部人物传记或断代史，更是一部关于制度僵化与文明停滞的深刻总结。它引导读者反思：什么样的盛世才是可持续且真正造福于民的。全书文笔流畅且逻辑清晰，将复杂的社会经济数据转化为极具冲击力的历史叙事。它是理解中国近现代落后根源的重要参考，也是对权力的傲慢与制度的局限性最冷峻的警示。
595,9787544256227,宇宙的结构,布莱恩·格林,2014,人民邮电出版社,8,10,10,继《优雅的宇宙》之后，布莱恩·格林在这部作品中对时间与空间的本质进行了更深层次的解构。作者提出：我们直觉感受到的时间流动与三维空间可能仅仅是一种宏观的幻象。通过对相对论、量子力学以及弦理论的前沿进展进行梳理，格林探讨了宇宙是否存在开始与终结、时间旅行的可能性以及多重宇宙的物理基础。书中详细介绍了“全息原理”，认为我们三维世界的信息可能投影在宇宙边缘的二维层面上。作者以极其生动的类比（如辛普森一家的场景）将极高维度的几何学讲得生动有趣。这不仅是一本天文科普书，更是一场关于实在本质的智力探险。它挑战了读者对现实的最底层认知，揭示了在那看似空旷的真空中隐藏着极其复杂的动力学结构。全书充满激情且思辨深邃，引领读者领略理性的力量如何穿透感知层，触碰宇宙最深处的逻辑真理。它是每一个渴望理解当代宇宙学、量子引力以及生命存在维度之谜的读者的进阶神作。
249,9780765305930,"Crossroads of Twilight (The Wheel of Time, Book 10)",Robert Jordan,2003,Tor Books,1,5,0,"A meditative and atmospheric volume where the world holds its breath in the aftermath of the cleansing of Saidin. As the ripple effects of Rand's massive use of power spread across the continent, various factions—the White Tower, the Seanchan, and the noble houses—must recalibrate their strategies. The novel focuses heavily on the psychological state of the protagonists as they prepare for the rapidly approaching Last Battle, exploring the political maneuvering and personal sacrifices required to hold an alliance together."
596,9787100067650,新艺术的震撼,罗伯特·休斯,2014,中信出版社,9,8,8,著名艺术评论家罗伯特·休斯在本书中，对从印象派到后现代主义的百年艺术变革进行了犀利且深刻的总结。作者认为：现代艺术的兴起是人类对机器时代、工业化城市以及战争破坏的一种本能的视觉回应。休斯不再赞美抽象艺术的玄奥，而是强调艺术与权力、社会变迁以及商业化的复杂共谋。书中对毕加索的野性、杜尚的虚无以及波普艺术的消遣性进行了极具批判性的解构。他敏锐地指出：当艺术彻底脱离了公共理解而沦为精英阶层的智力游戏时，其生命力也随之枯萎。这不仅是一本精美的艺术图册，更是一部关于现代性、欲望以及视觉文化演变的思想史。它引导读者看透那些先锋流派背后的社会焦虑与哲学危机。休斯的文笔辛辣且极具洞见，他迫使读者思考：在这个图像泛滥的时代，艺术究竟还能否承担起揭示真理的重任。它是每一个想要从社会学视角读懂当代艺术、建立独立批评标准的读者的必读之作，展现了理性力量在混乱审美潮汐中的清醒。
597,9787111641246,领域驱动设计精解,Vaughn Vernon,2017,机械工业出版社,10,20,20,本书是解决复杂企业级软件系统设计的实战圣经。作者沃恩·弗农在埃里克·埃文斯的基础上，将复杂的DDD理论转化为具体可操作的实施指南。书中重点探讨了如何识别“限界上下文”、如何通过“战略设计”来实现业务逻辑的解耦以及如何通过“战术设计”（聚合、实体、领域服务）来保障代码的整洁与业务的一致性。作者强调：软件系统的核心价值在于其对业务模型的忠实映射，而非对某种技术框架的依赖。书中结合大量的C#与Java实例，演示了在微服务架构下如何处理跨上下文的通信与数据一致性。这不仅是一本技术架构书，更是一部关于如何建立团队通用语言、挖掘业务本质的方法论。它教会开发者如何从一个写代码的“打字员”成长为一个能够解决复杂业务痛点的“领域专家”。在现代软件系统日益庞大、业务规则极度复杂的背景下，本书提供的建模思维是保障系统长期可维护、可演进的核心武器，是通往高级架构师路径上的核心技能包。
601,9787108003647,西方艺术史,休·奥纳,2011,三联书店,9,12,12,休·奥纳与约翰·弗莱明合著的《世界艺术史》是全球公认的艺术史经典教材。全书不仅涵盖了西方从拉斯科洞窟到波普艺术的演进，更将视野扩展到了全球文明，包括伊斯兰、印度以及远东艺术。作者强调：艺术不仅仅是美的创造，更是社会意识、宗教权力和技术变革的视觉体现。书中详细分析了哥特式教堂的结构美学、文艺复兴时期透视法的发明以及印象派对光影的革命性捕捉。通过对不同时代作品的对比，作者揭示了人类视觉表达如何从神秘主义转向人文主义，再到现代主义的自我解构。书中配有海量精美的艺术品图片，将其作为历史思想最直观的证词。这不仅是一部关于“看”的书，更是一部关于人类精神进化的视觉档案。它引导读者读懂每一幅画作背后的光影语言与空间逻辑，领悟那些在画布上流淌了数千年的文化情感。它是构建跨文化审美框架、提升艺术鉴赏能力的必读宝典，展现了人类文明在面对不可言说的神圣与世俗欲望时所迸发出的无穷创造力。
602,9787115284136,Python基础教程,Magnus Lie Hetland,2014,人民邮电出版社,10,25,25,本书是Python领域公认的入门必读经典，以其优雅、清晰且循序渐进的教学风格著称。作者不仅介绍了Python的核心语法，如列表推导式、生成器、装饰器等高级特性，更通过十个极具代表性的项目实战（如即时通讯服务器、虚拟茶话会、文件共享系统等），演示了如何利用Python解决实际工程问题。书中强调了Pythonic（Python化）的代码编写哲学：即追求简洁、直观且易于维护的代码。作者详细解析了Python在网络编程、数据库接口以及图形用户界面开发方面的应用。这不仅是一本语法手册，更是一部关于编程思维训练的指南。它教会初学者如何通过模块化的设计来降低系统的复杂性，以及如何利用Python丰富的第三方库来提升开发效率。在人工智能与数据科学风靡的今天，掌握Python这一通用的逻辑语言已成为技术人员的硬性需求。本书提供的扎实理论与丰富的实践案例，为读者建立起了通往高级开发者的稳固基石，深刻体现了Python作为“胶水语言”的灵活性与强大生命力。
788,9780000001021,Food Rules,Michael Pollan,2009,Penguin,13,5,5,"“Food Rules” by Michael Pollan is a concise guide to healthy eating, distilling complex nutritional science into simple, practical rules for everyday life. Pollan emphasizes whole foods, plant-based eating, and mindful consumption while discouraging processed foods and unhealthy dietary habits. The book provides guidance on meal choices, food preparation, and eating practices to enhance health, longevity, and well-being. Readers gain insights into the principles of nutrition, cultural influences on diet, and practical strategies for making informed food choices. Through clear, actionable advice, “Food Rules” empowers readers to simplify their approach to eating while maximizing health and enjoyment, promoting a balanced, sustainable, and nutritious lifestyle."
603,9787544710152,追寻逝去的时光,马塞尔·普鲁斯特,2010,译林出版社,6,12,12,普鲁斯特的《追寻逝去的时光》是20世纪世界文学史上一座无法逾越的高峰。小说以其极其细腻、漫长且如梦境般的叙事风格，重新定义了时间与记忆的文学表达。全书通过主人公“我”在品尝一块玛德莱娜小点心时引发的感官震颤，开启了对过去生活碎片的回忆之旅。普鲁斯特不仅描写了19世纪末法国上流社会的社交景象，更深入探讨了嫉妒、艺术、衰老以及人类意识的流变。作者以其长达数页的复杂句式，试图捕捉那些转瞬即逝的心理细节，将人类的情感体验显微到了极致。书中的核心观点在于：真正的生活不在于外界的变迁，而在于我们对这些经历的记忆与重构。这种“心理现实主义”的写法，对后世的现代主义文学产生了深远的影响。这不仅是一部小说，更是一部关于人类感知的百科全书。它要求读者具备极高的耐心与专注力，一旦进入普鲁斯特构建的时间迷宫，便能领略到那种跨越时空的、对生命本质的深沉悼念与赞美。它是文学史上最宏大的个体精神史诗，展现了艺术是如何通过记忆来对抗时间的流逝。
604,9787508658058,现代世界史,帕尔默,2013,后浪出版公司,7,10,10,帕尔默与科尔廷合著的《现代世界史》是研究全球近现代进程最权威的教科书之一。全书从公元1500年地理大发现开始，跨越了文艺复兴、宗教改革、工业革命直至二十一世纪的全球化浪潮。作者通过严密的逻辑，阐述了西方文明如何在全球范围内建立主导地位，以及非西方文明在这一过程中的冲击、反应与崛起。不同于传统的国别史，帕尔默更关注跨国界的社会思潮、经济模式以及科技革命对人类命运的共同塑造。书中对冷战格局、后殖民主义以及数字革命的论述，展现了极其宏大的史学视野。这不仅是一部历史记录，更是一部关于人类如何一步步走向相互依存、共同发展的深度剖析。全书论证中肯、资料详尽，并配有大量的历史地图与统计图表。它引导读者突破地域偏见，从全球博弈的角度去理解当今国际秩序的演变。它是理解现代社会体制、意识形态斗争以及全球治理挑战的必备参考书，为读者提供了审视复杂多变世界的历史标尺。
605,9787544256228,统计数字会撒谎,达莱尔·哈夫,2012,天津教育出版社,8,20,20,《统计数字会撒谎》是科普领域关于批判性思维的经典读物，揭示了数字和图表是如何在有意无意间误导大众的。作者哈夫通过大量生动的案例，展示了抽样偏差、平均值的陷阱、虚假的相关性以及视觉化误导（如改变坐标轴比例）等常见的操纵手段。他指出：数字本身虽然是中立的，但由于其天然具备的“权威感”，往往被用作掩盖事实真相的工具。书中提醒读者：在面对所谓的科学数据时，必须保持高度的警惕，询问数据背后的收集方法以及发布者的利益立场。这不仅是一本统计学入门书，更是一部关于信息素养的生存手册。在当今大数据与信息碎片化的时代，这种穿透表面数字、识别逻辑漏洞的能力变得尤为重要。全书文字通俗易懂且充满冷幽默，完全没有任何复杂的数学推导，却能带给读者极大的思维震撼。它教会我们如何成为一个清醒的现代公民，不被浮夸的标题党数据所左右，客观、理性地评估周围的世界。它是每一个希望在数据迷雾中保持理智的人的必读书目。
14,9780063361102,The Archive of Forgotten Names,Helena Morris,2025,HarperVia,1,29,29,"The Archive of Forgotten Names centers on a historian who discovers a hidden registry documenting individuals erased from official records during periods of political upheaval. As she reconstructs their stories, she uncovers a systematic effort to manipulate collective memory.

 Morris weaves past and present timelines, examining how documentation shapes identity and justice. The novel becomes a meditation on remembrance, historical responsibility, and the resilience of truth in the face of institutional silence."
607,9787111641247,图解HTTP,上野宣,2014,人民邮电出版社,10,30,30,《图解HTTP》是理解互联网协议最为通俗易懂的入门神作。作者上野宣利用大量的插图与简洁的语言，将深奥、枯燥的HTTP网络协议拆解得清晰可见。书中详尽介绍了HTTP协议的请求响应模式、状态码的含义、Cookie的运作机制以及HTTPS的安全原理。不同于侧重规范的枯燥文档，本书通过具体的浏览器与服务器交互场景，还原了Web通信的每一个瞬间。书中对网络缓存、报文头字段以及Web攻击手段（如XSS和CSRF）的论述，展现了极强的实战价值。这不仅是一本技术科普书，更是一部关于互联网通信逻辑的视觉地图。它教会开发者如何从协议层面分析Web应用的性能瓶颈与安全隐患。在前后端分离、微服务架构以及API经济盛行的今天，对HTTP这一底层通用语言的精准掌握，是每一位网络从业者的核心内功。全书风格轻松且内容扎实，极大地降低了网络技术的学习门槛。它是初学者的最佳切入点，也是资深工程师查缺补漏、回顾协议本质的参考指南。
609,9787208156111,大分流：欧洲、中国及现代世界经济的发展,彭慕兰,2021,上海人民出版社,7,15,15,加州学派代表人物彭慕兰在《大分流》中提出了一个颠覆性的史学观点。他认为在十八世纪中叶以前，中国核心地区（如江南）与西欧在经济水平、预期寿命以及市场发育程度上并没有本质差异。作者挑战了传统的“西欧中心主义”，认为欧洲之所以能率先发生工业革命并与东方产生“大分流”，并非因为其制度或文化的先天优越，而是得益于两个偶然因素：即煤炭资源的地理分布以及美洲殖民地的开发。书中详细对比了东西方的土地利用、劳动生产率以及资本积累模式，揭示了生态限制如何制约了中国的发展，而煤炭与海外贸易如何帮助英国突破了生存瓶颈。这不仅是一本经济史著作，更是一部关于全球文明演化动力学的深度剖析。它引导读者重新审视全球史的结构，理解地理、资源与技术是如何在特定的历史时刻交织并改变了人类命运的轨迹。全书论证严密且数据详实，是理解近现代世界格局演变、破解“李约瑟之谜”最重要的参考文献之一。
610,9787111451126,深蓝：人工智能的崛起,尼克,2017,人民邮电出版社,8,20,20,本书深入浅出地回顾了人工智能从最初的逻辑推理到现代深度学习的漫长发展历程。作者作为AI领域的资深专家，不仅梳理了图灵测试、神经网络以及专家系统的技术演进，更生动记录了达特茅斯会议以来科学家们在算法探索中的智慧博弈。书中重点探讨了“深蓝”击败卡斯帕罗夫这一里程碑事件背后的搜索算法，并延伸到了如今AlphaGo所使用的强化学习技术。作者认为：人工智能的进步本质上是人类对自身思维过程的数学重构。书中还深入浅出地讲解了卷积神经网络（CNN）与循环神经网络（RNN）的基本原理，及其在图像识别与自然语言处理中的应用。这不仅是一本技术科普读物，更是一部关于人类智慧与机器智慧关系的哲学沉思。它引导读者去思考：当机器具备了学习与决策能力，人类的核心价值应如何定义。在当前人工智能席卷全球的浪潮下，本书为读者提供了一个清晰的知识框架与历史视角，帮助人们理性评估AI技术的潜能与伦理边界。它是理解数字时代智慧演化的极佳指南。
687,9780000000020,John Adams,David McCullough,2001,Simon & Schuster,12,5,5,"“John Adams” by David McCullough is a detailed biography of the second President of the United States, tracing his life from early education to political leadership. McCullough examines Adams’ role in the American Revolution, diplomatic service, presidency, and contributions to the formation of the nation. The book provides insight into his personal relationships, intellectual rigor, and moral convictions. Readers gain an understanding of the historical events, challenges, and character that defined Adams’ life and legacy. Through compelling narrative and careful research, McCullough presents a vivid and humanizing portrait of one of America’s founding fathers."
613,9787532724660,变形记,弗兰茨·卡夫卡,2016,上海译文出版社,6,20,20,《变形记》是现代主义文学史上最震撼人心的中篇小说之一。卡夫卡以其极度冷静且精准的笔触，描写了推销员格里高尔在某天早晨醒来，发现自己变成了一只巨大甲虫的荒诞经历。这种看似荒诞的设定，实际上是对现代人在工业文明、社会分工以及家庭伦理中彻底被异化的深刻隐喻。格里高尔的价值在他失去劳动能力的那一刻迅速崩溃，亲人的关怀逐渐转变为厌恶与冷漠。作者揭示了这种渗透在日常生活中、温情外壳下的残酷逻辑。小说没有解释变形的原因，这种由于“无因”导致的恐怖感，恰恰精准捕捉了现代人面对官僚体系与生存压力时无法言说的孤独与焦虑。全书文字去除了所有华丽的修饰，却产生了一种极其真实的压迫感。它告诉读者：在绝对的孤独面前，语言与情感都是如此苍白无力。这不仅是一部文学作品，更是一次关于存在意义的哲学实验。它深刻地重塑了二十世纪以降人类对自我身份与社会关系的认知，是理解西方现代精神内核最重要、最具有穿透力的必读读本之一。
614,9787100067652,阿拉伯通史,希提,2015,商务印书馆,7,12,12,希提的《阿拉伯通史》是研究伊斯兰文明与阿拉伯民族历史的经典巨著。全书跨越了从前伊斯兰时期的贝都因人部落、穆罕默德的兴起、倭马亚与阿拔斯王朝的辉煌，一直到近现代阿拉伯世界的动荡。作者不仅详细记录了军事征服与王朝更替，更着重介绍了阿拉伯文明在科学、医学、哲学、数学及艺术方面对全人类的巨大贡献。书中展示了在欧洲处于中世纪“黑暗时代”时，阿拉伯世界是如何充当了古典文明的守护者与传播者。希提以极其博大的学识，揭示了不同文化流派在巴格达、开罗与科尔多瓦的碰撞与交融。这不仅是一部区域史，更是一部关于文化互动与信仰力量的全球通史。它引导读者突破刻板印象，去理解那个极具生命力、包容性且对现代科学基础产生深远影响的文明体系。全书叙事流畅且考据严谨，是每一个想要深入了解中东局势根源、领略伊斯兰文化魅力的读者的权威指南。它揭示了人类文明如何通过跨国界的知识流动而实现整体的进步。
617,9787111135111,数据库系统概念,Abraham Silberschatz,2012,机械工业出版社,10,25,25,被技术圈尊称为“帆船书”的这一著作，是全球范围内数据库教育的标杆。全书系统阐述了关系数据库模型的理论基础、SQL语言的高级用法、以及存储引擎的底层实现原理。书中详述了B+树索引、查询优化算法、事务的ACID特性以及并发控制机制。作者不仅介绍了传统的关系型数据库，还涵盖了现代的分布式数据库、NoSQL技术以及大规模数据分析架构。书中对数据库恢复机制与死锁检测算法的论述，展现了极强的工业级深度。掌握了本书的内容，就意味着掌握了处理软件系统中“状态”这一最核心挑战的逻辑武器。对于后端工程师、大数据架构师以及DBA来说，本书提供的系统化视角是不可或缺的。它教会我们：如何在一个不可靠的硬件环境下，通过精妙的软件算法构建出一个可靠、持久且高性能的数据存储系统。它是衡量一个程序员专业深度的硬性指标，也是构建任何大型现代互联网应用的理论地石，深刻体现了计算机科学中对数据一致性与可用性进行权衡的智慧艺术。
618,9787020118062,这里的黎明静悄悄,瓦西里耶夫,2017,人民文学出版社,6,15,15,《这里的黎明静悄悄》是苏联当代文学中关于反法西斯战争的经典杰作。小说没有正面描写大规模的兵团作战，而是将镜头对准了驻守在后方森林中的一名准尉和五名性格迥异的女兵。这六名普通的士兵在面对德军精锐伞兵的偷袭时，展现出了令人动容的勇气与牺牲精神。瓦西里耶夫以其细腻、柔美且充满哀伤的笔触，将女兵们对生活、爱情的渴望与残酷的战争死亡进行了剧烈的对比。随着黎明到来，宁静的森林见证了五个年轻生命的凋零。作者通过这种极致的悲剧感，深刻控诉了战争对美好事物的无情摧毁。这不仅是一部战争小说，更是一曲关于人性、性别与家国情怀的壮丽赞歌。它告诉读者：战争不是英雄主义的浪漫史诗，而是由无数平凡个体的尊严与鲜血铸就的。全书文字优美且极具画面感，尤其是对苏俄北方森林景色的描写与残酷战斗的交织，使其具有了某种圣洁的悲剧美。它是世界反法西斯文学中一颗璀璨的明珠，深刻影响了后世关于战争中女性角色的创作视角。
619,9787101003024,史记,司马迁,2011,中华书局,7,30,30,作为中国历史上第一部纪传体通史，《史记》被誉为“史家之绝唱，无韵之离骚”。司马迁以其宏大的史学视野与不屈的人格力量，记录了从上古传说中的黄帝时代直到汉武帝太初年间三千多年的历史变迁。全书由本纪、表、书、世家、列传五部分组成，构建了一套前所未有的全方位历史叙事体系。司马迁不仅关注政权的更迭，更深入探讨了天文、历法、水利、经济等社会各个层面的运作。他通过鲜活的人物传记，刻画了项羽的悲剧英雄气、刘邦的权谋、以及蔺相如的英勇。这种以人为核心的历史观，深刻影响了后世两千年的中国史学传统。作者在遭受酷刑后依然坚持修史，旨在“究天人之际，通古今之变，成一家之言”。这不仅是一部严谨的信史，更是一部文学成就极高的杰作。它教会读者从历史的兴衰中领悟人性的本真，理解权力的逻辑与命运的偶然。它是理解中华文明根脉、品读古典人文精神最权威且必读的典籍。
620,9787544256230,平行宇宙,加来道雄,2012,重庆出版社,8,15,15,著名理论物理学家加来道雄在本书中探讨了当代物理学中最具想象力的领域：多重宇宙论。作者从暴胀理论、超弦理论以及量子力学的多世界解释出发，论证了我们所处的宇宙可能并非唯一，而是无数个共存宇宙中的一个。书中详细解析了膜宇宙模型、黑洞通往其他维度的可能性以及时间的本质。加来道雄指出：如果宇宙的演化遵循特定的数学概率，那么在另一个时空中，或许存在着另一个版本的你。这不仅是一本硬核科普书，更是一次关于人类存在维度与终极命运的哲学博弈。作者以其极其通俗的语言，将高维空间的拓扑学与广义相对论的方程转化为引人入胜的故事。它引导读者去思考：当人类掌握了操纵时空的能力，我们是否能逃离这个终将冷却或坍缩的母体宇宙。全书逻辑缜密且充满前瞻性，展现了人类理性在探索不可知边界时的极致壮举。它是每一个渴望理解当代宇宙学最前沿、感受数学逻辑构建多重现实之美的读者的必读之作。
622,9787115167076,敏捷软件开发：原则、模式与实践,罗伯特·C.马丁,2012,人民邮电出版社,10,25,25,罗伯特·马丁在这部里程碑式的著作中，首次系统性地向全球开发者介绍了敏捷开发的精髓及其背后的设计模式。书中不仅论述了敏捷宣言的核心精神，更通过大量的实战案例，深入浅出地讲解了SOLID原则（单一职责、开闭原则等）。作者指出：好的软件不是一次性设计出来的，而是通过持续的小步快跑与迭代，在不断的重构中演化出来的。书中详细演示了如何通过测试驱动开发（TDD）来保障系统的健壮性，以及如何利用设计模式来化解日益增长的代码复杂性。这不仅是一本技术实操手册，更是一部关于专业主义、团队协作与代码质量的职业宣言。它教会开发者如何从一个被动接受需求的编码者，转型为一个能够主动优化架构、降低维护成本的软件匠人。在敏捷开发已成为行业标准的今天，本书所提供的底层方法论依然是指导复杂软件工程实践的黄金法则。它是每一位希望构建高适应性、可扩展系统架构的开发者的核心理论支柱。
623,9787532724661,一九八四,乔治·奥威尔,2013,北京联合出版公司,6,20,20,《一九八四》是世界文学史上最伟大的政治寓言小说之一，也是反乌托邦三部曲的核心之作。奥威尔以极其冷峻、严密的逻辑，构建了一个极度集权、真理被肆意篡改且个体意志被彻底抹除的黑暗世界。主人公温斯顿在“老大哥”的严密监控下，试图通过记日记、恋爱等微小的个人行为来反抗那庞大且冰冷的体制。书中提出的“双重思想”、“新话”以及“电幕”等概念，深刻揭示了权力如何通过语言操控与心理改造来实现对灵魂的绝对统治。这不仅是一部探讨政治权力的文学作品，更是一次关于自由、真相与人性尊严的深刻反思。它警示人类：如果失去了对真实性的追求与对思想自由的捍卫，文明将不可避免地滑向奴役的深渊。全书氛围沉重且逻辑自洽，结局的惨烈更是将这种制度性的恐怖感推向了艺术的巅峰。它是每一个现代公民理解权力运作本质、守护精神独立空间的必读经典。其跨越时代的预见性，使其在出版半个多世纪后依然保持着令人战栗的现实意义。
624,9787501173839,全球通史,斯塔夫里阿诺斯,2011,北京大学出版社,7,25,25,斯塔夫里阿诺斯的《全球通史》是现代史学史上第一部真正具有全球视野的巨著。作者打破了传统的“西欧中心主义”或国别史的局限，将整个人类文明视为一个动态的有机整体进行审视。全书从人类的起源讲起，贯穿了农耕文明的兴起、古典文明的交流、直至近代工业文明对全球的重塑。作者敏锐地指出：人类历史的核心动力在于跨地区的交流、碰撞与融合。书中特别强调了技术革命、制度创新以及地理环境如何交织在一起决定了不同地区的发展轨迹。这不仅是一部详尽的历史记录，更是一部关于人类文明演化的哲学思辨。它引导读者站在万米高空俯瞰地球，理解我们是如何从零散的部落一步步演化为今天这个高度相互依存的整体。全书叙事流畅、视野开阔，并配有精辟的对比分析。它是理解全球化背景下世界格局演变、构建大历史观最理想的入门书目。它告诉我们：只有理解了全人类共同的过去，我们才能更理性地面对充满了挑战与机遇的未来。
625,9787508684614,裸猿,德斯蒙德·莫利斯,2018,中信出版社,8,18,18,英国著名动物学家德斯蒙德·莫利斯在《裸猿》中完成了一次惊世骇俗的尝试：他将人类视为一种特殊的动物，并从生物学角度深度剖析了人类的行为逻辑。作者通过对人类的进食、睡眠、育儿、战斗以及性行为的细致观察，揭示了在那层文明的外壳之下，我们依然深深受制于数百万年演化而来的本能。莫利斯指出：人类自诩为万物之灵，但本质上仍是那只褪去了体毛的灵长类动物。书中详细解释了为何人类的某些情感表达与猴群有着惊人的相似性，以及这种生物基因为何让我们在现代都市环境中感到焦虑与不适。这不仅是一本生物科普书，更是一部关于人类自我认知的冷峻宣言。它挑战了文化决定论的陈旧观念，要求我们正视躯壳内那股原始的动力。全书笔触犀利且充满科学的批判性，深刻影响了后世的进化心理学与社会生物学研究。它教会我们：只有真正理解了自己的动物本源，我们才能在复杂的现代文明中找到与天性和谐共处的路径。它是理解人性真相最震撼、最直接的科学范本之一。
626,9787100067654,建筑的复杂性与矛盾性,罗伯特·文丘里,2010,中国建筑工业出版社,9,8,8,罗伯特·文丘里的这部著作被誉为后现代主义建筑思潮的宣言。作者在书中向现代主义那“少即是多”的教条发起了挑战，提出了“少则厌烦”的著名口号。文丘里主张：优秀的建筑不应当是纯净、单一且机械的，而应当包容历史的复杂性、矛盾性以及大众文化的元素。他通过大量的建筑案例分析，展示了如何通过折衷、象征与装饰来赋予空间以意义与温度。书中对历史母题的回归以及对城市混乱美的赞美，彻底改变了二十世纪下半叶的建筑审美导向。这不仅是一本专业理论书，更是一部关于审美包容力的哲学著作。它引导读者去欣赏那些看似不协调、不完美但却充满生命力的设计，理解建筑作为社会文化载体的深层内涵。全书文字极具思辨力，揭示了艺术创作在逻辑与直觉、传统与革新之间的动态博弈。对于建筑师、设计师以及每一位关注城市空间美的读者来说，本书提供了极其关键的理论武器，让人领略到那种超越几何理性的、充满人情味的空间艺术逻辑。
628,9787532724662,悉达多,赫尔曼·黑塞,2017,上海译文出版社,6,18,18,《悉达多》是诺贝尔文学奖得主赫尔曼·黑塞最负盛名的中篇小说，被誉为“一首印度诗”。小说讲述了英俊聪慧的婆罗门之子悉达多为了追求生命的真谛，毅然告别优渥的生活，踏上了一条极尽艰辛的求道之路。他曾追随苦行僧修练，也曾在红尘中迷失于金钱与感官的诱惑。黑塞以其极其优美且具有灵性的笔触，通过悉达多在河边与摆渡人的对话，揭示了智慧无法通过言教传递而必须亲身经历的哲学命题。悉达多最终在河流的奔涌声中领悟到：时间是一种幻象，过去、现在与未来在永恒的瞬间中圆融统一。这不仅是一部探讨宗教修行的文学作品，更是一次关于自我觉醒与心灵自由的深度探索。它告诉读者：真正的救赎不在于遵循某种现成的教义，而在于勇敢地面对真实的自我并拥抱世界的每一个瞬间。全书语言简洁深邃且充满诗意，是每一位在迷茫中寻找人生意义、渴望内心宁静的现代读者的精神避风港。它是理解东方智慧与西方个人主义融合最完美的文学典范。
629,9787100067655,万国公法,惠顿,2012,商务印书馆,7,10,10,《万国公法》是晚清时期对中国外交与国际观念产生翻天覆地影响的法学巨著。作者惠顿通过严密的法学逻辑，系统阐述了主权国家在国际社会中的权利、义务以及战争与和平的法律准则。1864年由丁韪良翻译并呈送清政府后，这部著作彻底打破了中国传统“天朝上国”的华夷秩序，迫使清廷官员开始尝试用国际通行的规则进行外交博弈。书中详述了公海自由、外交豁免权以及条约履行的核心概念。这不仅是一部法律教材，更是中国近代史中世界观转型的关键物证。它记录了古老帝国在遭遇“三千年未有之大变局”时，是如何艰难地学习现代主权国家的生存法则的。书中对国际正义与实力政治之间博弈的论述，至今读来依然具有强烈的现实感。它引导读者反思制度文明的全球扩张如何重塑了地缘政治的版图。全书考据严谨且注释详尽，是研究中国近代外交史、法学史以及跨文化思想传播不可或缺的核心文献。它揭示了一个文明在被迫开放的过程中所经历的阵痛与觉醒。
630,9787111451128,混沌：开创新科学,詹姆斯·格雷克,2011,高等教育出版社,8,15,15,詹姆斯·格雷克的《混沌》是科普界公认的关于复杂系统科学最权威、最迷人的著作。作者通过生动的叙事，讲述了一群打破常规的科学家如何从气象预测、心脏跳动以及云朵形状中发现了一套全新的自然法则。书中详细介绍了著名的“蝴蝶效应”：即初始条件的微小偏差会导致系统演化出截然不同的未来。作者揭示了即便在看似杂乱无章的动力系统中，也隐藏着极其深邃且精美的几何结构，即分形。这不仅是一本物理学读物，更是一场关于科学范式的深刻革命。它挑战了自牛顿以来统治人类思想的机械决定论，揭示了非线性、不确定性与自组织才是宇宙的常态。书中对劳伦兹吸引子、曼德博集合的论述，将数学美感提升到了哲学的高度。它引导读者建立一套全新的思维模式，学会在无序中寻找秩序，在破碎中发现统一。全书文笔流畅且极具冲击力，是理解现代非线性科学、复杂系统理论以及社会现象规律演化的顶级科普名著。它告诉我们：自然界的美往往就产生于秩序与混乱之间的微妙边缘。
631,9787108003651,说园,陈从周,2010,同济大学出版社,9,20,20,陈从周先生的《说园》是中国古典园林研究领域的巅峰之作，被誉为园林艺术的圣经。作者以极其简练且优雅的文言与白话交织，阐述了中国园林“造景”的核心美学原则。书中认为：园林艺术并非简单的植物堆砌，而是文人心中“城市山林”理想的视觉实现。陈先生详细解析了园林中动与静、虚与实、疏与密、藏与露的对立统一关系，提出了“景无情不发，情无景不生”的情景交融理论。他指出：园林的窗格、漏墙与回廊实际上是空间的取景框，旨在通过有限的物理空间创造出无限的精神意境。这不仅是一本建筑学参考书，更是一部关于中国传统审美情趣与生活哲学的深度解析。它引导读者读懂苏州园林背后的文化密码，体悟那种不出城郭而获山林之性的旷达心境。书中文字精粹且充满感悟，展现了一位大师对民族传统文化的深厚情感与卓越见识。它是每一个想要理解东方空间艺术、提升中式审美素养的人必读的经典读本。阅读此书，就像是跟随作者在名园中漫步，领略那份历久弥新的艺术生命力。
635,9787111451129,量子之谜,布鲁斯·罗森布鲁姆,2012,湖南科学技术出版社,8,15,15,《量子之谜》探讨了现代物理学中由于量子力学而引发的最深刻的意识与现实之争。作者详尽解析了著名的“贝尔定理”与“爱因斯坦-波多尔斯基-罗森佯谬”，揭示了量子纠缠这种超越时空的奇特关联如何挑战了人类对定域现实的认知。书中通过生动的实验描述（如量子擦除实验与薛定谔的猫），引导读者思考一个核心难题：即观测者的意识是否在物理现实的坍缩中扮演了关键角色。这不仅是一本介绍波粒二象性的科普书，更是一次关于认识论的极限博弈。它挑战了传统科学那种将世界视为独立于观测者的纯粹物质客体的观念。作者以其严谨且开放的态度，梳理了物理学界对量子诠释的不同流派。全书论证精辟，将深奥的数学逻辑转化为直观的思维实验，让人领略到科学在最前沿处与哲学的剧烈交锋。它是理解二十一世纪科学世界观转型、探索生命与意识在宇宙中地位的必读前沿著作。它揭示了在那最微观的粒子舞动之下，隐藏着可能彻底重塑人类存在逻辑的神秘机制。
636,9787100067656,艺术心理学,列夫·维果茨基,2010,安徽文艺出版社,9,10,10,苏联著名心理学家维果茨基的《艺术心理学》是心理学与艺术批评交叉领域的基石之作。作者通过对寓言、悲剧及文学名著的个案分析，揭示了艺术作品如何通过形式的矛盾与情感的升华产生某种独特的“艺术快感”。维果茨基指出：艺术的本质不在于对现实的单纯模仿，而在于通过特定的结构诱发读者的情感宣泄（净化）。书中详细探讨了艺术创作中的潜意识机制，但拒绝了简单的弗洛伊德式还原，而是强调了社会文化环境对个体审美体验的建构作用。这不仅是一本心理学专著，更是一部关于人类情感逻辑的深度教材。它引导艺术创作者理解观众的感知规律，也教会观众如何通过分析自己的审美反应来洞察更深层次的人性。全书论证严密且思辨极强，展现了艺术作为一种高级心理机能如何帮助人类重塑现实并超越本能。它是通向理性审美、科学理解创意灵感产生机制的必经之路。对于文学、绘画及戏剧的研究者来说，本书提供的关于“情感与形式”的理论框架至今仍保持着强大的解释力与生命力。
637,9787111641249,软件架构：架构模式与最佳实践,马克·理查兹,2020,机械工业出版社,10,20,20,本书是现代分布式软件系统设计的进阶蓝图。作者马克·理查兹深入浅出地比较了五大主流架构模式：即分层架构、管道-过滤器架构、微内核架构、微服务架构以及基于空间的架构。书中不仅论述了每种模式的技术细节，更着重分析了它们在可扩展性、弹性、开发成本及可部署性方面的权衡取舍。作者强调：架构师最核心的工作不是寻找完美方案，而是评估各种方案所带来的负面影响。书中详细探讨了如何从传统的单体架构平滑演进到分布式架构，并解决了分布式一致性、数据解耦等核心难点。这不仅是一本架构设计书，更是一部关于系统性思考的方法论。它教会开发者如何从业务目标出发，利用定量指标来评估架构的稳定性与适应性。在云原生与大规模并发的今天，本书提供的架构评分矩阵与设计决策树，是每一位高级开发人员向首席架构师迈进的必备工具包。它深刻揭示了软件设计中那种通过结构化抽象来应对业务爆炸式增长的智慧艺术，是构建支撑亿级用户、海量数据应用系统的核心参考。
639,9787108010466,陈寅恪的最后二十年,陆键东,2013,三联书店,7,15,15,本书是关于二十世纪中国最具传奇色彩的历史学家陈寅恪先生晚年生活的深度纪实。作者通过海量的信件、档案以及口述史料，详细还原了这位“教授之教授”在岭南大学（后为中山大学）最后二十年的学术追求与生存境遇。陈寅恪先生坚持的“独立之精神，自由之思想”在那个风云变幻的年代显得尤为珍贵且孤独。书中详述了他在双目失明、体弱多病的情况下，依然凭借惊人的记忆力完成《柳如是别传》等巨著的艰辛历程。这不仅是一部关于大师晚年的个人传记，更是一部透视现代中国知识分子精神变迁的心灵史。它记录了传统文人在面对时代巨轮冲击时，如何通过守护学术尊严来捍卫文化命脉。书中对陈先生与学生、友人以及时代环境博弈的细腻描写，展现了极高的人文学术价值。它引导读者去反思知识的纯粹性与历史学家的道德底线。全书笔触饱含深情且不失客观，是理解近现代中国学术生态、感悟文化宗师风骨最感人至深的史学佳作。
641,9787100067658,美的解析,威廉·霍加斯,2011,商务印书馆,9,12,12,十八世纪英国杰出画家威廉·霍加斯在《美的解析》中尝试用科学的方法来界定“美”的视觉准则。作者提出了著名的“蛇形线”即“美之线”的概念，认为这种连续、波动且充满韵律的曲线是产生视觉愉悦的核心。书中不仅探讨了线条的动态，还详细解析了健身、比例、色彩以及多样性在构图中的平衡逻辑。霍加斯反对当时僵化的学院派教条，主张从大自然和日常观察中去寻找审美的真谛。他认为美是动态的且具有诱导观众视线移动的魔力。这不仅是一本关于绘画技法的专著，更是一部关于视觉心理学的早期探索。它引导读者突破静态的美感，去领略那种蕴含在复杂变化中的和谐秩序。书中配有大量作者精心设计的演示图，展示了从人体骨架到装饰花纹如何通过曲线实现艺术的升华。它是理解欧洲巴洛克与洛可可艺术风格转型的关键理论桥梁，也是每一个艺术创作者学习构图逻辑、提升视觉表现力的古典必备教本。阅读此书能让人深刻领悟到形式美背后的几何逻辑。
642,9787111135115,计算理论导论,Michael Sipser,2015,机械工业出版社,10,15,15,迈克尔·希普瑟的《计算理论导论》是计算机科学领域公认的最清晰、最严密的理论底石。全书分为形式语言与自动机、可计算性理论以及计算复杂性理论三大板块。作者以其极高的数学素养，由浅入深地论证了什么是计算机可以解决的问题，以及什么是计算机在物理极限下永远无法攻克的禁区。书中详细解析了图灵机模型、邱奇-图灵论题以及著名的P对NP问题。不同于侧重编程的实用书籍，本书专注于培养读者的逻辑证明能力与算法思维的深度。它揭示了计算这一行为背后那永恒的数学规律，帮助开发者从更高维度的抽象层面理解软件设计的边界。掌握了本书的内容，就意味着掌握了评估算法效率、识别计算死角以及设计复杂逻辑系统的硬核能力。全书排版严谨且逻辑环环相扣，是每一位立志于从事编译器设计、密码学、人工智能底层研究以及高等算法开发的工程师必须跨越的理论高峰。它深刻展现了人类理性在定义“计算”这一概念时所能达到的极致纯粹与优美。
643,9787532724664,一个孤独散步者的遐想,让-雅克·卢梭,2014,上海译文出版社,6,15,15,这是启蒙思想家卢梭晚年的绝笔之作，是一部极其特殊、充满自传色彩且带有诗意风格的思想小说。全书由十篇“漫步”组成，记录了卢梭在被社会排斥、流放并陷入深深的孤独中时，对大自然、自我意识、真理与道德的最后思考。不同于《忏悔录》中那种激烈的辩白，本书展示了一种前所未有的宁静与坦诚。卢梭在植物采集与湖边散步中，体验到了个体生命与自然法则融合的极乐感。他通过文字重构了自己的内心世界，将孤独转化为一种高贵的精神探索。这不仅是一部感伤主义文学的先驱，更是一次关于人类如何应对社会孤立与自我救赎的心理实验。书中关于“存在的快感”的描写，深刻影响了后世的浪漫主义文学与现代存在主义思潮。它告诉读者：当外部世界彻底封闭时，人类依然可以通过内省去寻找那份不被剥夺的自由。全书文字优美、思绪飞扬且极具感染力，是每一个疲于世俗纷扰、渴望在孤独中寻得精神尊严的读者的必读经典。它是文学史上关于个体灵魂与世界达成和解最动人的记录。
644,9787508630730,罗马人的故事：凯撒时代,盐野七生,2011,中信出版社,7,20,20,日本作家盐野七生以其极其宏大的视角与极富魅力的文笔，完整还原了罗马帝国从共和制向帝制转型的关键时刻。在《凯撒时代》这一核心卷册中，作者不仅详细记录了凯撒在高卢战争中的天才战略，更深入探讨了这位英雄人物如何通过政治改革、法律重构以及对“宽容”原则的贯彻，为罗马此后两百年的和平打下了坚实基础。盐野七生敏锐地指出：罗马的伟大不在于单纯的军事征服，而在于其无与伦比的制度同化能力与开放包容的技术智慧。书中通过对元老院斗争、军团移动以及公共工程建设的细致描写，展示了一个庞大帝国日常运作的底层逻辑。这不仅是一部波澜壮阔的人物传记，更是一部关于组织能力、地缘政治与权力美学的深度论文。它引导读者去思考：一个强有力的领导者如何通过远见卓识去平衡民主与效率的冲突。全书叙事节奏极快，充满了历史的现场感。它是理解西方文明根基、品读领导力与制度演进规律的绝佳史学读本。
645,9787544256233,众病之王：癌症传,悉达多·穆克吉,2013,中信出版社,8,15,15,这是一部获得普利策奖的杰作，被誉为关于人类对抗癌症最完整、最深刻的“传记”。作者悉达多·穆克吉作为一名肿瘤医生，以其兼具科学家理性与文学家感性的笔触，梳理了癌症从古埃及时期的发现直到现代靶向治疗、免疫疗法的漫长历史。书中详述了医学界在面对这种“疯狂生长”的细胞时，所经历的无数次失败、误解与偶然的突破。穆克吉指出：癌症本质上是人类演化过程中基因突变的一种副作用，它与我们自身的生命过程如影随形。这不仅是一本严谨的医学科普书，更是一部关于勇气、坚韧与生命尊严的史诗。它引导读者突破对疾病的单纯恐惧，去理解细胞生物学、遗传学以及公共卫生政策背后的复杂联系。书中对无数患者与科研人员感人故事的描写，赋予了科学数据以温暖的人文关怀。它是每一个关注人类健康、渴望理解生命微观机制与社会宏观保障的读者的必读之作。它告诉我们：人类虽然尚未彻底战胜癌症，但在追求真理的过程中，我们已经深刻重塑了对“生命”本身的定义。
646,9787100067659,装饰的法则,欧文·琼斯,2016,江苏美术出版社,9,10,10,十九世纪英国建筑师欧文·琼斯的《装饰的法则》是设计史上一部具有革命性意义的视觉圣经。全书详尽展示了从古埃及、希腊、庞贝、波斯直到中国与日本的历代装饰图案，并从中总结出了三十七条关于比例、色彩与构图的普世定律。琼斯强调：优秀的装饰不应当是简单的自然主义摹仿，而应当是通过几何化的抽象来体现秩序之美。他敏锐地指出：色彩应当按照比例进行分布，以达到视觉上的平衡与悦目。书中配有一百张精美绝伦的彩色石印图版，将古代工匠的艺术智慧直观地呈现在现代设计师面前。这不仅是一本装饰手册，更是一部关于世界文明视觉基因的深度图谱。它引导读者读懂纹样背后的宗教信仰、数学逻辑与技术限制。它的出版极大地推动了工艺美术运动的发展，其关于“形式服从功能”以及“文化多样性”的论述，至今仍是平面设计、室内设计以及工业设计领域的核心准则。它是每一位想要建立全球化审美视野、掌握图形设计底层逻辑的创作者的案头必备之书。
647,9787111641250,精益软件开发：管理与实践,Mary Poppendieck,2014,机械工业出版社,10,20,20,本书是软件工程领域将制造业的“精益生产”思维与软件开发实践完美结合的巅峰之作。作者玛丽与汤姆·波彭迪克系统地提出了消除浪费、增强学习、尽晚决策、尽早交付、赋能团队、构建质量以及全局优化这七大精益原则。书中深刻揭示了软件开发中那些隐性的“浪费”：如过度开发的需求、频繁的任务切换以及未经过充分测试的冗余代码。作者强调：软件开发的本质是一种流动的知识生产，而非简单的重复制造。通过引入价值流图、看板管理以及持续集成的工具，本书为解决大型复杂系统的开发延迟与质量瓶颈提供了极具操作性的路径。这不仅是一本管理指南，更是一部关于组织协作与系统思考的深度教材。它教会技术团队如何从交付代码的视角转变为交付用户价值的视角。在当前敏捷转型与DevOps盛行的行业背景下，本书提供的底层逻辑依然是指导团队提升交付效能、实现可持续发展的核心指南。它是每一位CTO、技术总监及高级项目经理构建高效研发体系的智力支柱。
1,9781639741207,The Infinite Shore,Alexander Reid,2025,HarperCollins,1,35,35,"The Infinite Shore is a sweeping speculative novel set in a near-future coastal world where rising sea levels have permanently reshaped civilization. Entire cities stand half-submerged, and humanity has adapted by building vertical communities anchored to the remains of skyscrapers. The story follows marine architect Julian Cross, who designs floating residential districts for global corporations while struggling with the loss of his childhood hometown beneath the ocean.

 When unusual seismic readings begin to ripple across the Atlantic Basin, Julian is recruited into a confidential research initiative investigating the possibility that the ocean floor is undergoing unnatural structural shifts. As he travels between fragmented city-states and offshore settlements, he discovers that the rising waters may not be solely the result of climate change, but part of a large-scale geoengineering experiment conducted decades earlier.

 Reid carefully balances environmental themes with deeply personal storytelling. Julian’s journey is as much about confronting his grief and complicity as it is about uncovering scientific truth. The novel explores questions of responsibility, technological arrogance, and collective denial. With vivid world-building and layered characters, The Infinite Shore becomes a meditation on survival, memory, and the moral cost of progress in an unstable world."
1135,9780000004068,My Life and Rugby,Eddie Jones,2019,Macmillan,11,5,5,"My Life and Rugby by Eddie Jones is an insightful autobiography detailing the career and personal journey of one of rugby's most respected coaches. Jones shares his experiences in coaching at the highest levels, including leading national teams, overcoming setbacks, and developing strategies that produce winning results. The book explores leadership, team dynamics, and the mental and physical preparation required for professional rugby, providing readers with a behind-the-scenes look at training, tactics, and decision-making. Jones also reflects on personal challenges, lessons learned, and the philosophies that have guided his approach to coaching. My Life and Rugby offers inspiration and practical wisdom for athletes, coaches, and fans, illustrating the dedication, resilience, and strategic thinking necessary to succeed in elite sports."
655,9780439023498,Catching Fire,Suzanne Collins,2009,Scholastic Press,1,5,5,"Catching Fire, the 2009 sequel to The Hunger Games by Suzanne Collins, continues the story of Katniss Everdeen as she faces new political threats and challenges within the dystopian society. The novel explores rebellion, social inequality, and personal growth. Collins' storytelling combines intense action sequences with emotional depth, providing readers with an immersive and thought-provoking experience. Themes of survival, courage, and moral dilemmas are central to the narrative."
656,9780439023511,Mockingjay,Suzanne Collins,2010,Scholastic Press,1,5,5,"Mockingjay, published in 2010 by Suzanne Collins, is the final book of the Hunger Games trilogy. It follows Katniss Everdeen as she leads a rebellion against an oppressive regime. The novel addresses themes of war, leadership, loss, and ethical decision-making. Collins provides a complex narrative with emotional depth, focusing on the personal and societal consequences of conflict. The book concludes the trilogy with resolution and reflection on human resilience and morality."
662,9780007447862,A Feast for Crows,George R. R. Martin,2005,Bantam Books,1,5,5,"A Feast for Crows, published in 2005 by George R. R. Martin, explores the aftermath of war in Westeros. The narrative examines political machinations, ethical dilemmas, and character development across various noble families. Martin's writing combines complex plotting with vivid world-building, offering readers a deep, immersive, and intellectually engaging fantasy experience."
658,9780007447848,A Storm of Swords 1: Steel and Snow,George R. R. Martin,2000,Bantam Books,1,5,5,"A Storm of Swords 1: Steel and Snow, written by George R. R. Martin in 2000, is part of the A Song of Ice and Fire series. The novel delves into war, politics, and family rivalries in the Seven Kingdoms. Characters face moral dilemmas, betrayal, and challenges to loyalty. Martin's complex narrative structure, multiple perspectives, and detailed world-building create an immersive fantasy experience that is both engaging and intellectually satisfying."
659,9780007447831,A Clash of Kings,George R. R. Martin,1998,Bantam Books,1,5,5,"A Clash of Kings, published in 1998 by George R. R. Martin, continues the saga of the Seven Kingdoms. The story weaves together political maneuvering, battles, and character-driven drama. Themes of honor, betrayal, and ambition are explored through multiple perspectives, providing a rich, complex narrative. Martin's descriptive world-building and interlaced plotlines create a compelling epic fantasy experience."
649,9787100119832,They Do It With Mirrors,Agatha Christie,1952,"Dodd, Mead and Company",1,5,5,"They Do It With Mirrors is a classic detective novel by Agatha Christie, first published in 1952. In this story, the famous detective Miss Marple investigates a mysterious death that occurs during a gathering at Stonygates, the home of the wealthy Amory family. The novel explores themes of deception, hidden motives, and the complexity of human relationships. As Miss Marple unravels the intricate web of clues, readers are taken through a suspenseful journey full of twists, red herrings, and the ultimate revelation of the murderer. The narrative combines Christie's signature clever plotting with a keen insight into the psychology of the characters, creating a gripping story that keeps the reader guessing until the final page. The book is notable for its exploration of social class and the subtleties of domestic life, providing both an engaging mystery and a reflection on human nature. The story's tension is built carefully, with each character's secrets slowly revealed, making it a compelling read that showcases Christie's mastery of the detective genre."
650,9787100120067,Sparkling Cyanide,Agatha Christie,1945,Collins Crime Club,1,5,5,"Sparkling Cyanide, written by Agatha Christie in 1945, is a gripping detective story revolving around a mysterious poisoning at a high-society dinner. The novel examines the lengths people will go to conceal secrets and protect reputations. As the investigation unfolds, each character reveals unexpected facets, and the story delves into themes of love, betrayal, and human psychology. Christie's ability to craft suspense ensures readers remain captivated while analyzing the interplay between deception and justice. The tension and narrative pacing make it a memorable classic in the detective genre."
652,9787100119849,Crooked House,Agatha Christie,1949,Collins Crime Club,1,5,5,"Crooked House, published by Agatha Christie in 1949, is a compelling story centered on the Leonides family, whose patriarch is found murdered. The novel delves into the secrets, tensions, and hidden rivalries among the family members, with Detective Charles Hayward investigating. Christie's intricate plotting and deep psychological insight make this novel a standout in her career. Readers are kept guessing through clever misdirection, surprising twists, and the exploration of motives and morality. The story exemplifies Christie's skill at combining suspense, character study, and a masterful revelation."
653,9787100119948,The Murder of Roger Ackroyd,Agatha Christie,1926,Collins Crime Club,1,5,5,"The Murder of Roger Ackroyd, first published in 1926 by Agatha Christie, is widely regarded as one of her most innovative works. The story is told through the perspective of Dr. James Sheppard, who becomes entwined in a complex murder investigation led by Hercule Poirot. Christie's unique narrative techniques, plot twists, and examination of human deception make it a classic in the detective genre. Themes of morality, truth, and hidden motives are explored, creating a suspenseful and intellectually engaging reading experience."
654,9780439023481,The Hunger Games,Suzanne Collins,2008,Scholastic Press,1,5,5,"The Hunger Games, written by Suzanne Collins in 2008 and published by Scholastic Press, is a thrilling dystopian novel that introduces readers to a post-apocalyptic society where children are selected to participate in a televised survival competition. The story follows Katniss Everdeen as she navigates danger, political intrigue, and moral challenges. Themes of sacrifice, resilience, and the struggle for freedom are deeply explored. Collins' compelling narrative, detailed world-building, and complex characters ensure the book captivates both young and adult readers."
651,9787100119894,4.50 From Paddington,Agatha Christie,1957,Collins Crime Club,1,5,5,"4.50 From Paddington, a 1957 novel by Agatha Christie, introduces a clever murder mystery involving an unusual death on a train journey. The story focuses on Detective Hercule Poirot as he navigates a series of enigmatic clues, misleading testimonies, and complex character relationships. Christie's narrative skillfully balances suspense with character development, providing readers with a psychologically rich and intricately plotted tale. Themes of human nature, morality, and justice are explored as Poirot uncovers the truth behind the incident, demonstrating Christie's masterful control of the detective genre and her talent for surprising endings. The novel also highlights Christie's attention to detail in depicting the social settings and the subtle interplay between the characters, making it a compelling read for fans of classic detective stories. Through careful pacing and carefully placed red herrings, readers are kept guessing until the final revelation, showcasing why Christie remains a timeless author in the mystery genre."
661,9780007466061,A Dance With Dragons 1: Dreams and Dust,George R. R. Martin,2011,Bantam Books,1,5,5,"A Dance With Dragons 1: Dreams and Dust, by George R. R. Martin, published in 2011, continues the intricate storylines of Westeros. The novel highlights power struggles, moral dilemmas, and personal ambitions across multiple POV characters. Martin's rich characterization, complex plotting, and detailed setting provide a comprehensive fantasy epic with high stakes, intrigue, and layered storytelling."
663,9780007447855,A Storm of Swords 2: Blood and Gold,George R. R. Martin,2000,Bantam Books,1,5,5,"A Storm of Swords 2: Blood and Gold, written in 2000 by George R. R. Martin, delves into political intrigue, battles, and personal struggles in Westeros. Characters navigate complex moral decisions, loyalty, and betrayal. The novel's multiple perspectives, detailed world-building, and narrative depth make it a rich, immersive epic fantasy."
672,9780000000005,Open,Andre Agassi,2009,Vintage,12,5,5,"“Open” by Andre Agassi is a candid and revealing autobiography that chronicles the life and career of one of tennis’s most celebrated athletes. Agassi reflects on his childhood, rigorous training, competitive experiences, personal struggles, and the pressures of professional sports. The book offers insights into the mental, emotional, and physical challenges of elite competition, as well as Agassi’s journey toward self-discovery and personal fulfillment. Readers gain an understanding of the sacrifices, dedication, and resilience required to succeed at the highest levels, alongside moments of vulnerability and reflection. Through honest storytelling, “Open” provides an inspiring and humanizing portrait of an iconic sports figure."
680,9780000000013,Greenlights,Matthew McConaughey,2020,Crown,12,5,5,"“Greenlights” by Matthew McConaughey is a memoir that combines stories, reflections, and life lessons drawn from the actor’s experiences in personal life and Hollywood career. McConaughey explores themes of resilience, risk-taking, self-discovery, and embracing opportunities, using the metaphor of “greenlights” to signify moments of alignment and progress. The book blends humor, philosophy, and candid storytelling, offering readers practical wisdom and inspiration. Readers gain insight into decision-making, personal growth, and the cultivation of meaningful experiences. Through engaging narrative and reflective guidance, “Greenlights” empowers readers to navigate life with intention, creativity, and optimism."
877,9780000002010,The Beach,Alex Garland,1996,Riverhead,14,5,5,"“The Beach” by Alex Garland is a novel exploring the allure and dangers of utopian ideals and isolated communities. The story follows a traveler who discovers a secret paradise in Thailand, only to confront moral dilemmas, environmental challenges, and human conflict. Garland examines themes of idealism, obsession, greed, and the consequences of attempting to create a perfect society. Readers gain insight into human psychology, cultural interactions, and the tension between fantasy and reality. Through suspenseful narrative, vivid setting descriptions, and complex character development, “The Beach” offers both thrilling adventure and a thought-provoking exploration of ambition, ethics, and the fragility of human dreams."
885,9780000002018,Walking the Amazon,Ed Stafford,2010,Plume,14,5,5,"“Walking the Amazon” by Ed Stafford is an extraordinary account of the author’s expedition to traverse the entire length of the Amazon River on foot. Stafford details the physical and psychological challenges of navigating dense jungle, facing extreme weather, dangerous wildlife, and isolation. The book explores themes of endurance, perseverance, and the human spirit in extreme conditions. Readers gain insight into survival strategies, ecological diversity, and cultural encounters with remote communities. Through vivid storytelling, immersive descriptions, and reflective narrative, “Walking the Amazon” captures the magnitude of human ambition and the awe-inspiring beauty and danger of one of the world’s most complex natural environments."
891,9780000002024,The Call of the Wild,Jack London,1903,Macmillan,14,5,5,"“The Call of the Wild” by Jack London is a classic novel following Buck, a domesticated dog, as he is thrust into the harsh environment of the Yukon during the Gold Rush. London explores themes of survival, instinct, adaptation, and the primal forces within all living beings. Readers gain insight into the challenges of wilderness life, animal behavior, and the interaction between nature and civilization. Through vivid imagery, dynamic narrative, and compelling characterization, “The Call of the Wild” portrays adventure, endurance, and the struggle to reconnect with innate instincts in a challenging environment."
899,9780000002032,The Old Patagonian Express,Paul Theroux,1979,Penguin,14,5,5,"“The Old Patagonian Express” by Paul Theroux recounts the author’s train journey from Boston to Patagonia, providing keen observation of landscapes, cultures, and people encountered along the way. Theroux explores themes of travel, cultural interaction, and personal reflection. Readers gain insight into the diversity of regions visited, the social and environmental context, and the transformative effects of travel. Through descriptive prose, narrative engagement, and reflective commentary, the book offers both a practical travelogue and a meditation on the human experience of journeying through varied and remote environments."
904,9780000002037,Sunset Limited,James McMurtry,2011,Gallery,14,5,5,"“Sunset Limited” by James McMurtry is a travel memoir reflecting on journeys across the American Southwest, exploring landscapes, history, and culture. McMurtry combines personal anecdote with historical and cultural observation, examining themes of place, identity, and transformation. Readers gain insight into regional geography, community life, and the impact of history on contemporary society. Through vivid description, reflective narrative, and engaging prose, “Sunset Limited” provides a nuanced and immersive exploration of the American Southwest and the transformative power of travel and observation."
911,9780000002044,The Places in Between,Rory Stewart,2004,Harcourt,14,5,5,"“The Places in Between” by Rory Stewart chronicles the author’s journey on foot across Afghanistan shortly after the fall of the Taliban, capturing the culture, geography, and human stories of the region. Stewart reflects on history, politics, and the resilience of local populations, exploring themes of understanding, risk, and personal growth. Readers gain insight into Afghan society, landscape, and post-conflict realities. Through vivid description, immersive storytelling, and reflective narrative, “The Places in Between” provides both a travelogue and a thoughtful analysis of culture, conflict, and human endurance."
919,9780000002052,Neither Here nor There,Bill Bryson,1991,Harper,14,5,5,"“Neither Here nor There” by Bill Bryson recounts the author’s travels across Europe, combining humor, anecdote, and cultural observation. Bryson explores the quirks, contrasts, and idiosyncrasies of different regions, providing both entertainment and insight into European life. The book examines themes of curiosity, cultural discovery, and the interplay between expectation and reality in travel. Readers gain understanding of history, geography, and societal customs as Bryson navigates cities and landscapes with wit and keen observation. Through engaging storytelling, humor, and immersive description, “Neither Here nor There” offers a delightful and insightful perspective on the joys and surprises of exploration."
1026,9780000003059,Ratio,Michael Ruhlman,2009,Scribner,15,5,5,"“Ratio” by Michael Ruhlman is a practical guide to understanding the fundamental ratios that underpin successful cooking. The book emphasizes the relationship between ingredients and proportions in creating breads, sauces, soups, and other staples. Ruhlman provides clear explanations, examples, and techniques that empower cooks to improvise and adjust recipes with confidence. By focusing on principles rather than strict recipes, “Ratio” equips readers with a deeper understanding of cooking science, encouraging experimentation, creativity, and mastery of essential culinary techniques that can be applied to a wide range of dishes."
1090,9780000004023,I Am Zlatan Ibrahimovic,Zlatan Ibrahimovic,2011,Penguin,11,5,5,"I Am Zlatan Ibrahimovic by Zlatan Ibrahimovic is a candid and inspiring autobiography detailing the life and career of one of football's most dynamic and controversial players. Zlatan recounts his journey from a tough childhood in Malmö, Sweden, to becoming a global football superstar, sharing insights into his determination, work ethic, and unwavering self-confidence. The book explores the psychological and physical challenges of professional sports, including discipline, resilience, injuries, and the competitive nature of elite football. Zlatan's storytelling is marked by humor, boldness, and honesty, offering readers a glimpse into his personality, personal values, and approach to overcoming obstacles. The autobiography also highlights the importance of individuality, perseverance, and mental toughness in achieving success at the highest level. Beyond the field, readers gain an understanding of Zlatan's influence on team dynamics, leadership, and his role in shaping modern football culture, making it both an entertaining and instructive read for sports enthusiasts and aspiring athletes."
931,9780000002064,Full Circle,Michael Palin,1997,BBC,14,5,5,"“Full Circle” by Michael Palin recounts the author’s journey around the Pacific Rim, exploring islands, coastlines, and cultures along the way. Palin combines adventure, historical context, and cultural observation, examining the interplay between geography and human experience. Readers gain insight into the traditions, challenges, and daily lives of communities across the Pacific region. Through vivid narrative, humor, and detailed description, the book offers both an educational and entertaining exploration of a diverse and complex part of the world, highlighting themes of exploration, adaptability, and cultural appreciation."
939,9780000002072,Jungle,Yossi Ghinsberg,1985,Skyhorse,14,5,5,"“Jungle” by Yossi Ghinsberg recounts the author’s harrowing survival in the Bolivian Amazon, blending memoir, adventure, and psychological reflection. Ghinsberg explores themes of resilience, human endurance, the unpredictability of nature, and the transformative power of extreme experience. Readers gain insight into survival strategies, tropical ecosystems, and the mental and physical challenges of navigating remote wilderness. Through vivid description, suspenseful narrative, and reflective commentary, the book provides both a gripping adventure and an inspiring study of human courage, resourcefulness, and the capacity to endure extraordinary circumstances."
944,9780000002077,The White Darkness,David Grann,2018,Doubleday,14,5,5,"“The White Darkness” by David Grann chronicles the journey of Antarctic explorer Henry Worsley, blending adventure narrative, historical context, and personal reflection. Grann explores themes of endurance, exploration, human courage, and obsession, highlighting the physical and psychological challenges of polar travel. Readers gain insight into Antarctic geography, historical expeditions, and the limits of human endurance. Through immersive storytelling, vivid description, and detailed research, the book provides both an educational and gripping account of exploration in one of the world’s harshest environments."
951,9780000002084,The Road to Little Dribbling,Bill Bryson,2015,Doubleday,14,5,5,"“The Road to Little Dribbling” by Bill Bryson recounts the author’s humorous journey across Britain, revisiting the landscapes, towns, and landmarks that shaped his understanding of the country. Bryson explores themes of national identity, cultural quirks, history, and social observation, offering readers insight into both the changes and the enduring characteristics of Britain. Through witty narrative, keen observation, and vivid description, the book combines travelogue, memoir, and cultural commentary, providing entertainment as well as thoughtful reflection on British life, geography, and society."
958,9780000002091,Between the Woods and the Water,Patrick Leigh Fermor,1986,John Murray,14,5,5,"“Between the Woods and the Water” by Patrick Leigh Fermor continues the author’s journey across Eastern Europe, blending memoir, historical reflection, and rich cultural observation. Fermor explores themes of travel, history, human encounters, and the interplay between geography and culture. Readers gain understanding of Eastern European traditions, political climates, and social life in the early 20th century. Through detailed narrative, immersive description, and reflective insight, the book provides both a compelling travel story and an educational exploration of history, geography, and human experience."
964,9780000002097,The Kindness of Strangers,Mike McIntyre,2011,National Geographic,14,5,5,"“The Kindness of Strangers” by Mike McIntyre recounts the author’s experiences encountering generosity, hospitality, and unexpected help from strangers while traveling the world. McIntyre explores themes of human connection, empathy, cross-cultural understanding, and the impact of small acts of kindness. Readers gain insight into the diversity of human behavior, cultural norms, and the transformative power of compassion. Through engaging storytelling, vivid anecdotes, and reflective commentary, the book provides both an uplifting narrative and an exploration of the universal capacity for kindness and human connection."
979,9780000003012,Cook Like a Pro,Ina Garten,2018,Clarkson Potter,15,5,5,"“Cook Like a Pro” by Ina Garten is a culinary guide for home cooks seeking professional techniques made accessible. Garten covers essential skills such as knife work, ingredient preparation, cooking methods, and plating, with clear step-by-step instructions and practical tips. The book includes recipes for appetizers, mains, sides, and desserts, emphasizing flavor, efficiency, and presentation. Through engaging anecdotes and comprehensive guidance, readers gain confidence in their abilities, improve culinary skills, and learn to execute elegant, restaurant-quality meals in a home setting while enjoying the process of cooking."
983,9780000003016,Cravings: Hungry for More,Chrissy Teigen,2018,Clarkson Potter,15,5,5,"Cravings: Hungry for More by Chrissy Teigen continues the lively, approachable, and entertaining style of the original Cravings cookbook, offering a diverse collection of recipes designed to delight and inspire home cooks. The book includes a variety of dishes spanning breakfasts, snacks, lunches, dinners, and desserts, all characterized by bold flavors and creative presentations. Teigen's writing interweaves humorous stories, kitchen adventures, and personal anecdotes, giving readers insight into her culinary journey and entertaining philosophy. Each recipe is carefully tested, providing clear instructions, ingredient substitutions, and tips to ensure success for cooks of all experience levels. Photography showcases the vibrant colors, textures, and appeal of the dishes, motivating readers to experiment and customize recipes in their own kitchens. This cookbook emphasizes flavor balance, efficiency in preparation, and confidence in cooking, making it accessible, educational, and inspiring. Cravings: Hungry for More teaches techniques, flavor combinations, and meal planning strategies that help readers elevate everyday meals and entertaining occasions."
1033,9780000003066,Japanese Cooking,Shizuo Tsuji,1980,Kodansha,15,5,5,"“Japanese Cooking” by Shizuo Tsuji is a comprehensive guide to the art, techniques, and traditions of Japanese cuisine. The book provides detailed instructions for preparing classic Japanese dishes, from sushi and tempura to soups and pickles, emphasizing seasonality, balance, and presentation. Tsuji delves into the cultural and historical context of Japanese food, explaining ingredients, cooking methods, and etiquette. The book serves as both an educational resource and practical manual, helping readers develop a deep understanding of Japanese culinary principles while enabling them to replicate authentic dishes with confidence and skill."
1040,9780000003073,Good Eats,Alton Brown,2003,Stewart Tabori,15,5,5,"“Good Eats” by Alton Brown is both a cookbook and educational guide, inspired by his television series. Brown explains the science, history, and techniques behind a wide array of recipes, making cooking informative and entertaining. Each chapter focuses on specific themes, ingredients, or techniques, blending humor, storytelling, and practical instruction. The book equips readers to understand why recipes work, how to troubleshoot problems, and how to apply scientific principles to everyday cooking. It is designed to enhance both culinary skill and enjoyment, providing a comprehensive and engaging resource for home cooks of all levels."
1046,9780000003079,Nothing Fancy,Alison Roman,2019,Clarkson Potter,15,5,5,"“Nothing Fancy” by Alison Roman highlights approachable, flavorful, and modern home cooking. Roman emphasizes simplicity, seasonal ingredients, and bold flavors while providing clear, accessible recipes. The book combines personal anecdotes, guidance on techniques, and tips for entertaining and sharing meals. Recipes are designed to be both achievable and impressive, encouraging home cooks to embrace creativity, flexibility, and confidence in the kitchen. It reflects a contemporary approach to cooking that balances practicality with enjoyment, making it suitable for everyday meals as well as special occasions."
1053,9780000003086,The Complete Cookbook for Young Chefs,America's Test Kitchen,2018,ATK,15,5,5,"“The Complete Cookbook for Young Chefs” by America’s Test Kitchen is designed to teach children and teens essential cooking skills through approachable, tested recipes. The book emphasizes safety, technique, flavor understanding, and kitchen confidence, presenting meals ranging from breakfasts and snacks to main courses and desserts. Step-by-step instructions, illustrations, and tips guide young cooks through preparation, measurement, and timing. It fosters curiosity, creativity, and independence in the kitchen, making cooking both educational and enjoyable. The book encourages lifelong culinary skills and an appreciation for good food from an early age."
995,9780000003028,Magnolia Table Vol. 2,Joanna Gaines,2020,William Morrow,15,5,5,"Magnolia Table Vol. 2 by Joanna Gaines continues the celebration of home-style cooking with a new collection of recipes that combine simplicity, flavor, and storytelling. This volume expands on the first, including a wide range of dishes from breakfasts and brunches to main courses, sides, and desserts. Each recipe comes with detailed instructions, ingredient suggestions, and variations to accommodate different skill levels and dietary preferences. Gaines emphasizes using fresh, wholesome ingredients and shares tips to enhance flavors and streamline preparation. Rich photography showcases the dishes in vibrant, inviting presentations, inspiring readers to recreate them in their own kitchens. In addition to recipes, Gaines provides anecdotes from her family life, reflections on her creative process, and insight into her culinary inspirations. Magnolia Table Vol. 2 encourages home cooks to approach cooking with confidence, creativity, and an appreciation for the joy of sharing meals with loved ones, making it a comprehensive guide to everyday and special-occasion cooking alike."
1005,9780000003038,Dinner in an Instant,Melissa Clark,2017,Clarkson Potter,15,5,5,"Dinner in an Instant by Melissa Clark is a cookbook that focuses on fast, flavorful, and convenient meals suitable for busy home cooks. The book includes a variety of recipes for breakfasts, lunches, dinners, sides, and desserts, all designed to be completed quickly without compromising taste or quality. Clark provides detailed instructions, ingredient substitutions, and tips for efficient preparation, making the recipes accessible and reliable. The cookbook emphasizes using fresh, seasonal ingredients and balances flavors to create satisfying meals. Photography captures the vibrant colors, textures, and appeal of each dish, inspiring readers to try them at home. Beyond recipes, Dinner in an Instant offers guidance on planning, prepping, and multitasking in the kitchen, helping home cooks streamline their workflow while maintaining high-quality results. The book empowers readers to create delicious, balanced meals in minimal time, providing both practical tips and culinary inspiration for everyday cooking."
1016,9780000003049,The Cake Bible,Rose Levy Beranbaum,1988,Morrow,15,5,5,"The Cake Bible by Rose Levy Beranbaum is a definitive guide to cake baking that combines technical precision, thorough explanations, and practical tips for home and professional bakers alike. The book covers a wide array of cakes, from layer cakes and sheet cakes to sponge, chiffon, and specialty cakes, each with detailed instructions, ingredient lists, and step-by-step techniques to ensure consistent, high-quality results. Beranbaum explains the science behind baking, including the roles of ingredients, mixing methods, temperature, and timing, providing readers with the understanding necessary to troubleshoot and perfect their creations. Photography illustrates the steps, textures, and finished cakes, offering both visual guidance and inspiration. In addition to recipes, The Cake Bible includes advice on flavor development, decorating techniques, and tips for adapting recipes to different occasions and skill levels. This comprehensive resource empowers bakers to approach cake-making with confidence, creativity, and technical mastery, making it an indispensable reference for anyone serious about the craft of baking."
1095,9780000004028,Rafa,Rafael Nadal,2011,Hyperion,11,5,5,"Rafa by Rafael Nadal is an in-depth autobiography that chronicles the life, career, and mindset of one of the greatest tennis players of all time. Nadal shares his journey from a young boy in Mallorca, Spain, to becoming a multiple Grand Slam champion, emphasizing his work ethic, mental toughness, and unwavering determination. The book explores the physical and psychological challenges of professional tennis, including injuries, competition, and the pressures of maintaining elite performance over time. Nadal provides personal anecdotes that reveal his training philosophy, strategic approach to matches, and reflections on teamwork and sportsmanship. Rafa also offers insights into resilience, focus, and maintaining balance between personal life and a demanding athletic career. The narrative is both inspiring and instructive, providing valuable lessons on perseverance, goal-setting, and the pursuit of excellence for athletes and readers alike."
1103,9780000004036,Iron War,Matt Fitzgerald,2020,VeloPress,11,5,5,"Iron War by Matt Fitzgerald provides a detailed examination of the legendary rivalry between cyclists Dave Scott and Mark Allen during the Ironman World Championship. The book delves into training regimens, mental preparation, race strategies, and the physical and psychological challenges of competing at the elite level of endurance sports. Fitzgerald offers readers insights into the importance of perseverance, strategic thinking, and the pursuit of excellence, illustrating how these athletes overcame obstacles and motivated each other to achieve greatness. The narrative combines compelling storytelling with technical knowledge, making it both informative and inspiring for athletes and sports enthusiasts alike."
1110,9780000004043,Life on the Run,Bill Rodgers,2013,St. Martin's,11,5,5,"Life on the Run by Bill Rodgers is a compelling memoir of one of America's most celebrated long-distance runners, detailing his training, races, and personal journey. Rodgers shares insights into the discipline, endurance, and mental resilience required for success in marathons and ultrarunning. The narrative explores the challenges and triumphs of an elite athlete, including balancing family, personal life, and competitive ambitions. Rodgers's storytelling offers inspiration and guidance for runners of all levels, emphasizing the joy, dedication, and perseverance necessary to achieve excellence in endurance sports."
1116,9780000004049,Inverting the Pyramid,Jonathan Wilson,2008,Orion,11,5,5,"Inverting the Pyramid by Jonathan Wilson is a seminal work on the history and development of football tactics, tracing the evolution from early formations to modern strategies. Wilson examines how tactical innovations, managerial philosophies, and cultural influences have shaped the game across different eras and countries. The book combines historical research, technical analysis, and narrative storytelling, providing readers with a deep understanding of football theory, player roles, and the intellectual aspects of team management. It is widely regarded as an authoritative reference for coaches, players, and enthusiasts interested in the strategic dimensions of football."
1123,9780000004056,Leading,Alex Ferguson,2015,Hodder,11,5,5,"Leading by Alex Ferguson is a comprehensive examination of leadership principles drawn from Ferguson's legendary managerial career at Manchester United. The book explores team-building, motivation, decision-making, and handling high-pressure situations, illustrating how effective leadership drives sustained success. Ferguson shares stories, strategies, and reflections on managing diverse personalities, dealing with crises, and creating a winning culture. Readers gain insights into leadership theory applied in practice, making this work valuable for sports professionals, business leaders, and anyone interested in achieving excellence through principled guidance."
1066,9780000003099,An Invitation to Indian Cooking,Madhur Jaffrey,1973,Knopf,15,5,5,"“An Invitation to Indian Cooking” by Madhur Jaffrey introduces readers to the foundational techniques, ingredients, and recipes of Indian cuisine. Jaffrey provides detailed, step-by-step guidance on creating flavorful curries, dals, rice dishes, breads, and desserts. The book explains spice blending, cooking methods, and ingredient selection while offering cultural context and personal anecdotes. Designed to make Indian cooking approachable, it equips home cooks with both technical knowledge and confidence. It is a comprehensive resource that celebrates the richness, complexity, and beauty of Indian culinary heritage."
1076,9780000004009,Finding Ultra,Rich Roll,2012,Harmony,11,5,5,"Finding Ultra by Rich Roll is a compelling memoir and guide to achieving peak performance through ultra-endurance sports, plant-based nutrition, and disciplined lifestyle choices. Roll recounts his personal journey from a sedentary lifestyle to becoming an elite ultra-endurance athlete, sharing insights into training, mental toughness, and physical conditioning. The book offers detailed guidance on workout routines, recovery, nutrition, and injury prevention, emphasizing the benefits of plant-based diets for performance and health. Beyond athletic instruction, Finding Ultra explores resilience, motivation, and the psychological strategies necessary to overcome challenges and achieve extraordinary results. Roll combines personal narrative, scientific research, and practical advice, making the book accessible to athletes of all levels. Readers gain inspiration, techniques, and a framework for pushing their limits, improving endurance, and cultivating balance in health, fitness, and personal growth."
1087,9780000004020,The Blind Side,Michael Lewis,2006,Norton,11,5,5,"The Blind Side by Michael Lewis combines sports biography and social commentary to explore the transformative impact of football on the life of Michael Oher, a young man from a disadvantaged background. Lewis examines themes of family, opportunity, education, and the intersections of race and socio-economic status, illustrating how mentorship, support, and resilience can profoundly shape individual outcomes. The book provides detailed insight into Oher's personal journey, athletic development, and the broader dynamics of football as both a sport and a vehicle for social mobility. Lewis's narrative blends storytelling, research, and contextual analysis, highlighting the role of human relationships, preparation, and determination in achieving success. The Blind Side is both an inspiring biography and an exploration of the societal structures surrounding sports, offering lessons in character, perseverance, and the transformative power of opportunity."
813,9780000001046,Built to Move,Kelly Starrett,2023,Knopf,13,5,5,"“Built to Move” by Kelly Starrett emphasizes the importance of functional mobility, strength, and movement for lifelong health and athletic performance. Starrett presents strategies to restore natural movement patterns, prevent injury, and optimize physical performance through targeted exercises, mobility routines, and corrective practices. Readers gain insight into biomechanics, posture, and muscle activation, along with practical guidance for integrating movement into daily life. Through actionable instructions and science-based recommendations, “Built to Move” empowers individuals to enhance flexibility, strength, and overall physical resilience, supporting both athletic goals and long-term health."
814,9780000001047,Yoga Anatomy,Leslie Kaminoff,2007,Human Kinetics,13,5,5,"“Yoga Anatomy” by Leslie Kaminoff provides a detailed exploration of the anatomical and physiological principles underlying yoga practice. Kaminoff explains how muscles, joints, and bones function during various asanas, emphasizing breath, alignment, and movement efficiency. The book includes illustrations, detailed descriptions, and practical guidance for improving technique, preventing injury, and deepening practice. Readers gain a thorough understanding of biomechanics, anatomy, and how proper alignment enhances flexibility, strength, and mind-body connection. Through science-based instruction and accessible explanations, “Yoga Anatomy” empowers yoga practitioners to practice safely, effectively, and mindfully."
815,9780000001048,The Yoga Bible,Christina Brown,2003,Walking Stick,13,5,5,"“The Yoga Bible” by Christina Brown is a comprehensive reference guide for yoga practitioners of all levels, providing detailed descriptions, instructions, and variations for hundreds of poses. The book covers alignment principles, breath work, and sequencing, offering guidance for flexibility, strength, and mental focus. Readers gain practical tools to structure personal yoga practices, explore new poses safely, and deepen understanding of mind-body connection. Through clear explanations, illustrations, and accessible guidance, “The Yoga Bible” empowers practitioners to enhance their physical capabilities, reduce stress, and cultivate mindfulness through yoga."
816,9780000001049,Light on Yoga,B.K.S. Iyengar,1966,Schocken,13,5,5,"“Light on Yoga” by B.K.S. Iyengar is a seminal work in the field of yoga, providing comprehensive instruction on asanas, pranayama, and philosophy. Iyengar emphasizes precision, alignment, and breath control to enhance physical, mental, and spiritual well-being. The book includes step-by-step instructions, illustrations, and guidance for both beginners and advanced practitioners. Readers gain insight into yoga principles, anatomy, and techniques for improving flexibility, strength, balance, and mindfulness. Through detailed instruction and holistic guidance, “Light on Yoga” empowers readers to develop a disciplined practice that promotes health, mental clarity, and spiritual growth."
1134,9780000004067,Undisputed Truth,Mike Tyson,2013,Blue Rider,11,5,5,"Undisputed Truth by Mike Tyson is an unflinching autobiography that offers a raw and personal look into the life of the heavyweight boxing champion. Tyson recounts his rise from a troubled childhood in Brooklyn to becoming the youngest heavyweight champion in history, sharing candid insights into his career, personal struggles, and controversies. The book explores the physical and psychological demands of boxing, the pressures of fame, and the choices that shaped Tyson's life, both inside and outside the ring. Tyson's narrative is marked by honesty, reflection, and a willingness to confront difficult truths about his experiences, relationships, and personal growth. Undisputed Truth also addresses themes of redemption, resilience, and self-discovery, making it a compelling read for sports enthusiasts, aspiring athletes, and anyone interested in understanding the human dimensions of extraordinary talent."
1142,9780000004075,Open Net,George Vecsey,2011,Knopf,11,5,5,"Open Net by George Vecsey is a compelling narrative that focuses on the human stories behind professional hockey. Vecsey explores the challenges, triumphs, and personal experiences of players navigating the pressures of the sport, both on and off the ice. The book highlights the intricacies of team dynamics, the mental and physical demands of the game, and the resilience required to succeed at elite levels. By combining historical accounts, interviews, and behind-the-scenes insights, Open Net provides readers with an understanding of the complexities of professional hockey, offering lessons on perseverance, focus, and the balance between personal life and competitive ambition."
1150,9780000004083,Bounce,Matthew Syed,2010,Harper,11,5,5,"Bounce by Matthew Syed delves into the psychology and science of expertise, examining how practice, mindset, and environment shape high performance. Syed challenges the notion of innate talent, emphasizing that deliberate practice, feedback, and resilience are crucial for achieving excellence in any field. Drawing on examples from sports, music, and business, Bounce explains how individuals can develop skills, overcome setbacks, and maximize potential through consistent, focused effort. The book also explores the role of culture, mentorship, and opportunity in fostering elite performance. Readers gain actionable insights into goal setting, learning strategies, and mental conditioning, making Bounce an essential guide for anyone striving to improve, whether in professional endeavors, athletics, or personal growth."
1158,9780000004091,Win Forever,Pete Carroll,2010,Portfolio,11,5,5,"Win Forever by Pete Carroll provides a comprehensive guide to leadership, teamwork, and creating a culture of excellence. Carroll shares his philosophy for success in sports, emphasizing preparation, mental toughness, and relentless pursuit of improvement. The book offers practical strategies for motivating teams, building trust, and fostering resilience in competitive environments. Drawing on examples from his coaching career, Carroll illustrates how principles such as clear communication, accountability, and adaptability contribute to sustained achievement. Win Forever is both an inspirational and instructional resource, offering readers lessons in leadership, performance optimization, and cultivating winning mindsets in sports and beyond."
1166,9780000004099,Lore of Running,Tim Noakes,1985,Oxford,11,5,5,"Lore of Running by Tim Noakes is a definitive exploration of endurance running, integrating physiology, biomechanics, nutrition, and psychology. Noakes provides a deep analysis of training methods, performance metrics, injury prevention, and the science of fatigue, drawing from decades of research and experience. The book covers topics such as VO2 max, lactate threshold, muscle function, and environmental factors affecting performance, while offering practical guidance for runners at all levels. Lore of Running is both a reference and a narrative, blending scientific rigor with anecdotal insights. It serves as an essential resource for athletes, coaches, and anyone seeking to understand the art and science of running in a comprehensive, evidence-based manner."
817,9780000001050,The Miracle of Mindfulness,Thich Nhat Hanh,1975,Beacon,13,5,5,"“The Miracle of Mindfulness” by Thich Nhat Hanh explores mindfulness practices, meditation, and conscious living to cultivate peace, focus, and awareness in daily life. Hanh provides exercises and guidance for breathing, walking meditation, and mindful observation, helping readers connect with the present moment. The book emphasizes compassion, stress reduction, and mental clarity, illustrating the benefits of mindfulness on emotional and physical health. Readers gain practical tools to integrate mindfulness into daily routines and enhance overall well-being. Through insightful guidance and reflective practices, “The Miracle of Mindfulness” empowers readers to cultivate a calmer, more aware, and intentional life."
818,9780000001051,Full Catastrophe Living,Jon Kabat-Zinn,1990,Delta,13,5,5,"“Full Catastrophe Living” by Jon Kabat-Zinn presents an evidence-based approach to mindfulness-based stress reduction (MBSR) for managing stress, pain, and illness. Kabat-Zinn provides practical exercises, meditation techniques, and guidance for integrating mindfulness into daily life. The book explores the physiological and psychological effects of stress and how mindfulness can enhance resilience, emotional balance, and overall health. Readers gain insights into meditation, body awareness, and mindful practices that support mental clarity, well-being, and recovery from chronic conditions. Through structured instruction and scientific explanation, “Full Catastrophe Living” empowers readers to cultivate mindfulness and improve quality of life."
819,9780000001052,"Wherever You Go, There You Are",Jon Kabat-Zinn,1994,Hyperion,13,5,5,"“Wherever You Go, There You Are” by Jon Kabat-Zinn is a practical guide to cultivating mindfulness in everyday life. Kabat-Zinn emphasizes observing thoughts, sensations, and emotions without judgment, promoting awareness, presence, and mental clarity. The book provides exercises, examples, and techniques for integrating mindfulness into work, relationships, and personal routines. Readers gain insights into meditation, breath work, and the transformative effects of being fully present. Through accessible guidance and practical strategies, “Wherever You Go, There You Are” empowers readers to reduce stress, enhance focus, and develop a deeper sense of peace and well-being in their daily lives."
820,9780000001053,The Power of Now,Eckhart Tolle,1997,New World,13,5,5,"“The Power of Now” by Eckhart Tolle explores the spiritual and psychological importance of living fully in the present moment. Tolle discusses how attachment to the past and future creates suffering, stress, and emotional imbalance. The book offers practical guidance, reflections, and exercises to develop mindfulness, awareness, and presence in everyday life. Readers gain insight into consciousness, thought patterns, and strategies to reduce mental clutter and emotional suffering. Through clear explanation and spiritual guidance, “The Power of Now” empowers readers to experience inner peace, clarity, and joy by embracing the present and cultivating conscious awareness."
821,9780000001054,A New Earth,Eckhart Tolle,2005,Penguin,13,5,5,"“A New Earth” by Eckhart Tolle expands on principles of spiritual awakening, consciousness, and ego transcendence. Tolle explains how ego-driven behaviors and thought patterns create conflict, dissatisfaction, and stress. The book provides guidance on self-awareness, mindfulness, and living with purpose, encouraging readers to awaken to a higher level of consciousness. Through practical advice, exercises, and insights, readers learn to observe thoughts, dissolve limiting patterns, and cultivate presence and compassion. “A New Earth” empowers individuals to achieve personal transformation, inner peace, and meaningful engagement with life, fostering harmony with themselves and the world."
822,9780000001055,Mindset,Carol Dweck,2006,Random House,13,5,5,"“Mindset” by Carol Dweck explores the concept of growth and fixed mindsets and how beliefs about intelligence, talent, and ability influence achievement, learning, and personal development. Dweck explains the psychological mechanisms behind mindset, providing examples from education, business, sports, and personal life. The book offers strategies to cultivate a growth mindset, embrace challenges, persist through setbacks, and foster continuous improvement. Readers gain insight into how mindset shapes motivation, resilience, and performance. Through evidence-based research and practical guidance, “Mindset” empowers individuals to develop adaptive thinking, enhance learning, and achieve long-term personal and professional growth."
675,9780000000008,Long Walk to Freedom,Nelson Mandela,1994,Back Bay,12,5,5,"“Long Walk to Freedom” by Nelson Mandela is the autobiography of the former South African president and anti-apartheid revolutionary. Mandela recounts his early life, education, political activism, imprisonment, and eventual leadership in the struggle against apartheid. The book explores themes of justice, perseverance, forgiveness, and moral courage, offering insights into Mandela’s philosophy and approach to leadership. Readers gain a firsthand account of historical events, personal sacrifices, and the unwavering commitment to equality and human rights. Through reflective storytelling and detailed recollections, “Long Walk to Freedom” provides an inspiring testament to resilience, integrity, and the transformative power of dedication and conviction."
676,9780000000009,The Autobiography of Malcolm X,Malcolm X,1965,Ballantine,12,5,5,"“The Autobiography of Malcolm X” chronicles the life, struggles, and transformation of Malcolm X, one of the most influential African-American leaders and activists of the 20th century. Co-written with Alex Haley, the book covers his early life, criminal involvement, conversion to Islam, activism, and fight for racial justice. Malcolm X’s reflections on identity, society, and empowerment provide profound insight into systemic racism, human rights, and personal transformation. Readers witness his evolution from a troubled youth to a powerful advocate for social change, gaining understanding of the historical, cultural, and political context that shaped his life. Through honest, raw, and compelling narrative, the autobiography inspires awareness, reflection, and action for justice and equality."
689,9780000000022,My Life,Bill Clinton,2004,Knopf,12,5,5,"“My Life” by Bill Clinton is the autobiography of the 42nd President of the United States, detailing his early life, political career, presidency, and personal experiences. Clinton reflects on his childhood, education, Arkansas governorship, and the challenges of leading the nation. The book explores policy decisions, international affairs, personal triumphs, and setbacks, offering insight into leadership, governance, and resilience. Readers gain an understanding of the complexities of political life, personal growth, and the balance between public service and private life. Through candid reflection and detailed narrative, “My Life” provides an informative and engaging account of a modern presidency."
1278,9780000005011,Blankets,Craig Thompson,2003,Top Shelf,16,5,5,"Blankets by Craig Thompson is a deeply introspective graphic novel that explores themes of family, faith, love, and personal growth. Set in the author's own childhood and adolescence, the narrative delves into his struggles with religious dogma, sibling relationships, and first love, presenting a coming-of-age story with profound emotional resonance. Thompson's detailed, expressive artwork enhances the storytelling, using intricate line work, panel composition, and visual symbolism to reflect inner conflict and the passage of time. Blankets is celebrated for its honesty, literary sophistication, and the way it captures universal experiences of growing up, questioning beliefs, and discovering one's identity through a visually compelling medium."
1285,9780000005018,Asterix the Gaul,René Goscinny,1961,Dargaud,16,5,5,"Asterix the Gaul by René Goscinny is a classic European comic series that combines historical parody, humor, and adventure. Set during the Roman occupation of Gaul, the story follows the clever warrior Asterix and his companions as they resist Roman forces through wit, strategy, and occasional magic potion-enhanced strength. Goscinny's witty writing blends clever wordplay, satire, and character-driven humor, while Albert Uderzo's detailed illustrations bring the ancient world vividly to life with dynamic action and expressive character designs. Asterix the Gaul is celebrated for its timeless appeal, cultural commentary, and ability to entertain readers of all ages while offering a sophisticated blend of humor, history, and adventure."
1294,9780000005027,Parasyte,Hitoshi Iwaaki,1988,Kodansha,16,5,5,"Parasyte by Hitoshi Iwaaki is a compelling manga that examines humanity, identity, and the coexistence of species through a suspenseful sci-fi narrative. The story centers on Shinichi Izumi, a teenager whose right hand is infected by a parasitic alien, leading to a dramatic exploration of human morality, survival instincts, and the nature of consciousness. Iwaaki's storytelling blends horror, philosophical reflection, and coming-of-age themes, while the detailed artwork captures both grotesque and subtle moments with precision. Parasyte is praised for its thought-provoking narrative, psychological depth, and the innovative way it merges body horror with ethical inquiry, making it a standout work in the science fiction and manga genres."
1301,9780000005034,Akame ga Kill!,Takahiro,2010,Square Enix,16,5,5,"Akame ga Kill! by Takahiro is a dark fantasy manga that chronicles the journey of Tatsumi, a young fighter who joins the assassination group Night Raid to combat a corrupt empire. The narrative balances intense action, political intrigue, and moral complexity, exploring themes of justice, loyalty, and the cost of warfare. Takahiro's storytelling is complemented by Tetsuya Tashiro's dynamic artwork, which conveys fluid battle sequences, emotional expression, and the stark realities of a violent world. Akame ga Kill! is praised for its gripping narrative, high-stakes action, and the exploration of ethical dilemmas in a morally gray universe."
1308,9780000005041,Pluto,Naoki Urasawa,2003,Shogakukan,16,5,5,"Pluto by Naoki Urasawa is a masterful reimagining of Osamu Tezuka's ""Astro Boy"" arc, blending science fiction, mystery, and psychological drama. The story follows Gesicht, a detective investigating a series of robot and human deaths, uncovering complex motivations, ethical dilemmas, and a hidden conspiracy that challenges the boundary between humans and robots. Urasawa's storytelling is layered, combining suspenseful plotting, rich character development, and philosophical exploration of consciousness, morality, and what it means to be alive. The artwork is detailed and cinematic, emphasizing emotional nuance, futuristic technology, and tense atmosphere. Pluto is widely celebrated for its sophisticated narrative, moral depth, and ability to appeal to both manga enthusiasts and literary audiences."
1316,9780000005049,Beastars,Paru Itagaki,2016,Akita Shoten,16,5,5,"Beastars by Paru Itagaki is a critically acclaimed manga set in a world of anthropomorphic animals, addressing themes of society, prejudice, identity, and personal growth. The story follows Legoshi, a large gray wolf, as he navigates complex relationships and societal expectations while grappling with his predatory instincts and emotional conflicts. Itagaki's unique art style captures expressive emotions, dynamic action, and subtle social cues that enhance the narrative depth. Beastars is celebrated for its sophisticated storytelling, exploration of social issues, and nuanced character development, making it a standout work in contemporary manga literature."
1332,9780000005065,Bakuman,Tsugumi Ohba,2008,Shueisha,16,5,5,"Bakuman by Tsugumi Ohba is a slice-of-life and drama manga that follows the journey of two aspiring manga creators, Moritaka Mashiro and Akito Takagi, as they strive to achieve success in the competitive manga industry. The narrative explores themes of ambition, creativity, friendship, love, and perseverance, providing an insightful look into the challenges and triumphs of professional manga creation. Ohba blends character-driven storytelling with authentic depictions of the manga industry, incorporating both emotional depth and humor. The artwork, illustrated by Takeshi Obata, showcases expressive character designs, detailed settings, and effective visual storytelling. Bakuman is acclaimed for its realistic portrayal of the creative process, inspiring narrative, and engaging characters that resonate with readers pursuing dreams and personal growth."
1340,9780000005073,Goodnight Punpun,Inio Asano,2007,Shogakukan,16,5,5,"Goodnight Punpun by Inio Asano is a coming-of-age manga that presents a dark, psychological, and deeply introspective journey of Punpun Punyama as he navigates adolescence, family struggles, love, and the harsh realities of life. Asano skillfully blends surrealism, tragedy, and dark humor to examine themes of mental health, existential angst, societal pressures, and personal development. The artwork alternates between abstract depictions of Punpun and realistic portrayals of the surrounding world, effectively reflecting his inner turmoil and emotional state. Goodnight Punpun is acclaimed for its unflinching examination of human nature, powerful storytelling, and the ability to evoke deep empathy and reflection on life's complexities and challenges."
668,9780000000001,Steve Jobs,Walter Isaacson,2011,Simon & Schuster,12,5,5,"“Steve Jobs” by Walter Isaacson is an in-depth biography that chronicles the life, innovations, and personality of Apple co-founder Steve Jobs. Drawing on extensive interviews with Jobs, family, friends, and colleagues, the book explores his visionary approach to technology, design, and business. It delves into his creative genius, leadership style, and relentless pursuit of excellence, as well as his personal complexities, triumphs, and failures. Readers gain insight into the development of iconic products, the culture of Apple, and Jobs’ impact on the modern technology landscape. Through detailed storytelling and comprehensive research, the book presents an unflinching portrait of one of the most influential figures in contemporary history."
824,9780000001057,The Body Keeps the Score,Bessel van der Kolk,2014,Viking,13,5,5,"“The Body Keeps the Score” by Bessel van der Kolk provides an in-depth examination of how trauma affects the body and mind. The book integrates clinical research, neuroscience, and case studies to illustrate the ways traumatic experiences are stored in bodily systems and influence mental health, cognition, and behavior. Van der Kolk explores innovative therapeutic approaches including EMDR (Eye Movement Desensitization and Reprocessing), yoga, mindfulness, neurofeedback, and somatic experiencing, highlighting their efficacy in treating trauma-related conditions. Through compelling narratives, the author demonstrates how trauma can manifest physically and psychologically, often beyond the reach of conventional talk therapy. The book provides guidance for clinicians and general readers alike, emphasizing strategies for reconnecting with the body, regulating emotions, and rebuilding agency after traumatic experiences. It is both scientifically rigorous and accessible, offering a holistic perspective on healing that combines empirical research with practical interventions for recovery, resilience, and long-term well-being."
731,9780000000064,Night,Elie Wiesel,1956,Hill and Wang,12,5,5,"“Night” by Elie Wiesel is a harrowing memoir recounting the author's experiences during the Holocaust, exploring themes of survival, faith, humanity, and the impact of atrocity. Wiesel shares his personal journey through concentration camps, reflecting on the physical, emotional, and spiritual challenges he faced. The book provides insight into the human capacity for resilience, the struggle for moral clarity, and the consequences of hatred and intolerance. Through vivid storytelling and reflection, readers gain understanding of historical events, individual suffering, and the importance of remembrance and education. “Night” is both a testimonial and an enduring reminder of the atrocities of the Holocaust, encouraging reflection on justice, empathy, and human dignity."
940,9780000002073,Amazonia,James Rollins,2002,Avon,14,5,5,"“Amazonia” by James Rollins is a thrilling adventure novel set in the Amazon rainforest, combining suspense, scientific intrigue, and environmental awareness. Rollins explores themes of survival, discovery, human ingenuity, and the mysteries of the natural world. Readers gain insight into the biodiversity, ecosystems, and cultural context of the Amazon, as well as the dangers and wonders of exploring one of the world’s most complex rainforests. Through fast-paced narrative, immersive description, and scientifically grounded plot, the book offers both excitement and educational insight into the rich and perilous environment of Amazonia."
825,9780000001058,Daring Greatly,Brene Brown,2012,Gotham,13,5,5,"“Daring Greatly” by Brené Brown explores the transformative power of vulnerability and courage in personal and professional life. Brown draws on extensive research in social sciences, interviews, and real-life stories to show how embracing vulnerability fosters creativity, connection, and growth. The book challenges the misconception that vulnerability is a weakness, instead framing it as essential for leadership, innovation, and meaningful human relationships. Readers learn practical techniques for confronting shame, building trust, and engaging authentically in their personal and professional interactions. The text emphasizes wholehearted living, encouraging individuals to take risks, confront uncertainty, and cultivate resilience. By combining evidence-based insights with engaging narrative, Brown provides a roadmap for embracing emotional openness, improving communication, and fostering empathy, making “Daring Greatly” a valuable guide for self-improvement, education, and organizational leadership."
669,9780000000002,Becoming,Michelle Obama,2018,Crown,12,5,5,"“Becoming” by Michelle Obama is a deeply personal memoir recounting her life from childhood on the South Side of Chicago to her years as First Lady of the United States. Obama reflects on her experiences with family, education, career, and public service, highlighting the challenges and triumphs that shaped her identity. The book explores themes of resilience, leadership, and empowerment, providing insight into the pressures and rewards of life in the public eye. Readers gain an intimate perspective on her values, relationships, and initiatives, including her work on health, education, and community engagement. Through candid storytelling and reflection, “Becoming” inspires readers to embrace their potential and navigate their own life journeys with courage and purpose."
1345,9780000005078,Dorohedoro: Complete Edition,Q Hayashida,2000,Shogakukan,16,5,5,"Dorohedoro: Complete Edition by Q Hayashida is a dark fantasy manga that follows Caiman, a man with a reptilian head and amnesia, and his search for the sorcerer who transformed him. Set in the gritty, chaotic city of Hole, the story combines intense action, dark humor, horror, and mystery. Hayashida crafts a richly detailed world filled with quirky characters, strange magic, and moral ambiguity. Themes of identity, revenge, friendship, and survival are explored throughout the series. The artwork emphasizes grotesque yet expressive character designs, dynamic combat scenes, and densely detailed environments that immerse readers in its unique setting. Dorohedoro is acclaimed for its originality, dark yet humorous tone, and the intricate weaving of storylines that keep readers captivated throughout."
1353,9780000005086,Noragami: Stray God Official Guide,Adachitoka,2010,Kodansha,16,5,5,"Noragami: Stray God Official Guide by Adachitoka is an in-depth companion to the Noragami manga series, providing comprehensive information on characters, divine lore, supernatural abilities, and plot development. The guide offers detailed profiles, explanations of the divine and human worlds, and exclusive artwork that enhances the reader's understanding of the series. It explores themes such as redemption, friendship, morality, and the responsibilities of gods and humans alike. The guide also includes insights into character relationships, motivations, and key events, serving as a valuable resource for fans seeking to deepen their engagement with the story. It is celebrated for its clarity, thoroughness, and visual presentation."
1359,9780000005092,Pluto: Urasawa x Tezuka,Naoki Urasawa,2003,Shogakukan,16,5,5,"Pluto: Urasawa x Tezuka by Naoki Urasawa is a masterful reimagining of Osamu Tezuka's Astro Boy story, combining thrilling mystery, emotional depth, and profound philosophical questions. Urasawa transforms the original tale into a darker, more mature narrative, focusing on robot and human coexistence, the nature of consciousness, and the morality of artificial intelligence. The story revolves around Gesicht, a robot detective, as he investigates a series of robot and human murders, uncovering a larger conspiracy that challenges the boundaries between humanity and machinery. The artwork is detailed and expressive, enhancing suspense and character emotion. The series is praised for its storytelling, psychological complexity, and ability to honor Tezuka's legacy while creating an original, thought-provoking experience."
1366,9780000005099,Saga: Official Guide,Brian K. Vaughan,2012,Image Comics,16,5,5,"Saga: Official Guide by Brian K. Vaughan is an in-depth companion to the acclaimed comic series Saga, providing extensive information on characters, planets, cultures, storylines, and interstellar politics. The guide delves into the backgrounds, motivations, and relationships of the central characters, Alana and Marko, and the intricacies of the universe they inhabit. It features exclusive artwork, maps, and commentary that enhances readers' understanding of plot developments, character growth, and thematic elements such as war, family, love, and morality. Vaughan's guide is praised for its comprehensiveness, visual richness, and ability to deepen readers' engagement with this epic, character-driven space opera."
823,9780000001056,Grit,Angela Duckworth,2016,Scribner,13,5,5,"“Grit” by Angela Duckworth explores the critical role of perseverance and passion in achieving long-term goals. Drawing on decades of psychological research and real-life examples, Duckworth emphasizes that effort and resilience often predict success better than innate talent or intelligence. The book delves into the science behind grit, including how individuals develop stamina, sustain motivation, and maintain focus over years of work. Duckworth provides practical strategies for cultivating grit in education, parenting, and professional environments. Readers will learn how to set meaningful goals, embrace challenges, and persist despite setbacks. The book also examines the cultural and social factors that influence perseverance, highlighting the importance of mentorship, community, and feedback in sustaining long-term commitment. By integrating personal anecdotes, case studies, and empirical research, Duckworth shows how consistent effort and a growth mindset can transform potential into achievement. “Grit” offers a comprehensive roadmap for anyone seeking to understand and enhance their capacity for determination and resilience, making it a cornerstone for personal development and success-oriented education programs."
833,9780000001066,Dynamic Aging,Katy Bowman,2017,Propriometrics,13,5,5,"“Dynamic Aging” by Katy Bowman focuses on maintaining health, mobility, and independence as people age. Drawing on biomechanics, movement science, and practical experience, Bowman explains how intentional movement can prevent common age-related issues such as joint stiffness, muscle loss, and balance problems. The book provides detailed guidance on exercises, daily movement patterns, and lifestyle adjustments that help older adults remain active and reduce the risk of injury. Bowman emphasizes that even small changes in posture, walking, and functional movement can have significant long-term benefits. Through real-life examples and scientific explanations, readers learn how to maintain flexibility, strength, and coordination, promoting longevity and quality of life. “Dynamic Aging” serves as a comprehensive resource for seniors, caregivers, and health professionals seeking to support healthy aging through functional movement, empowerment, and sustainable daily practices."
826,9780000001059,The Gifts of Imperfection,Brene Brown,2010,Hazelden,13,5,5,"“The Gifts of Imperfection” by Brené Brown offers readers a practical guide to living authentically and embracing their true selves. Based on extensive research on courage, compassion, and connection, the book explains how perfectionism and self-criticism hinder personal growth and emotional well-being. Brown presents actionable strategies for cultivating self-acceptance, resilience, and wholehearted living, emphasizing practices like gratitude, creativity, and meaningful relationships. Through relatable examples, the author illustrates how individuals can let go of societal expectations, embrace vulnerability, and develop a stronger sense of purpose and belonging. The book encourages readers to foster emotional intelligence, nurture self-compassion, and build authentic connections with others. By combining research insights with practical exercises and storytelling, “The Gifts of Imperfection” serves as a roadmap for personal transformation, emotional balance, and a more fulfilled life."
827,9780000001060,Rising Strong,Brene Brown,2015,Spiegel & Grau,13,5,5,"“Rising Strong” by Brené Brown focuses on the process of recovering from failure, setbacks, and emotional challenges. Drawing on social research, case studies, and personal experiences, Brown explains how individuals can transform vulnerability and disappointment into growth and resilience. The book presents a structured approach to navigating emotions, understanding patterns, and reclaiming agency after adversity. Readers learn how to acknowledge their feelings, reflect on experiences, and take actionable steps toward rebuilding confidence and purpose. Brown highlights the importance of storytelling, self-compassion, and social support in the journey of recovery. The text provides practical frameworks for developing resilience in personal, professional, and educational contexts, emphasizing that courage is not the absence of fear but the ability to rise strong despite it. By blending research, narrative, and exercises, “Rising Strong” equips readers to face challenges, embrace learning, and achieve personal empowerment."
828,9780000001061,Burn,Herman Pontzer,2021,Avery,13,5,5,"“Burn” by Herman Pontzer explores the science of metabolism, energy expenditure, and human health. Pontzer draws on evolutionary biology, anthropology, and physiology to explain how the human body regulates energy and maintains balance over time. The book examines the relationship between activity, diet, and long-term health outcomes, challenging common misconceptions about calorie burning and exercise. Through field research, experiments, and real-life examples, Pontzer illustrates how metabolic processes shape body weight, physical performance, and disease risk. Readers gain insights into optimizing lifestyle, understanding the biology of energy, and making informed decisions about exercise, nutrition, and health. “Burn” provides a comprehensive perspective on metabolism that combines scientific rigor with accessible explanations, offering practical advice for anyone interested in human biology, fitness, and sustainable health practices."
829,9780000001062,The Fitness Mindset,Brian Keane,2017,Independently,13,5,5,"“The Fitness Mindset” by Brian Keane combines science-based guidance with motivational insights to help readers achieve their physical, mental, and emotional goals. The book explores nutrition, exercise, sleep, and mindset strategies, emphasizing the interconnection between body and mind. Keane provides practical tools for building consistency, discipline, and long-term healthy habits while addressing common barriers and psychological challenges. Through personal stories, case studies, and step-by-step recommendations, readers learn how to optimize performance, improve well-being, and sustain motivation. The text encourages a holistic approach to health, integrating strength training, cardiovascular fitness, and cognitive resilience. “The Fitness Mindset” serves as a comprehensive guide for individuals seeking lasting lifestyle improvements and a deeper understanding of the relationship between physical fitness and mental clarity."
830,9780000001063,No Sweat,Michelle Segar,2015,AMACOM,13,5,5,"“No Sweat” by Michelle Segar offers a fresh approach to physical activity by emphasizing motivation, sustainability, and personal enjoyment. Segar challenges traditional exercise recommendations that rely on guilt or obligation, instead promoting strategies that align with personal goals, values, and lifestyle. Drawing on behavioral science and practical examples, the book guides readers to develop sustainable habits, overcome barriers, and maintain consistent movement without stress or burnout. Segar emphasizes the psychological and physiological benefits of regular activity, including improved mood, energy, and overall health. The book provides actionable tools for designing individualized exercise plans, setting realistic goals, and staying accountable. By focusing on autonomy, enjoyment, and intrinsic motivation, “No Sweat” empowers readers to integrate physical activity seamlessly into their daily lives while cultivating lasting well-being."
831,9780000001064,The Joy of Movement,Kelly McGonigal,2019,Avery,13,5,5,"“The Joy of Movement” by Kelly McGonigal explores how physical activity affects not only the body but also the mind, emotions, and social connection. McGonigal combines neuroscience, psychology, and personal narratives to show that movement can enhance well-being, reduce stress, and foster a sense of belonging. The book examines various forms of exercise, from running and dancing to team sports and outdoor activities, explaining how they contribute to mental health, resilience, and personal growth. McGonigal emphasizes that the joy of movement comes from engagement, challenge, and social interaction rather than obligation, and she provides strategies for integrating regular activity into daily life. Through inspiring stories and scientific evidence, readers learn how to develop sustainable exercise habits, experience flow, and cultivate a deeper connection to their bodies and communities. “The Joy of Movement” is both a practical guide and an empowering exploration of why physical activity is fundamental to a fulfilling life."
832,9780000001065,Move Your DNA,Katy Bowman,2014,Propriometrics,13,5,5,"“Move Your DNA” by Katy Bowman highlights the importance of natural, functional movement for human health. Drawing on biomechanics, anthropology, and physiology, Bowman argues that modern sedentary lifestyles have led to numerous chronic health issues, and that intentional movement patterns can restore bodily balance. The book provides guidance on incorporating varied, whole-body movements into daily life, explaining how posture, mobility, and joint health influence overall well-being. Bowman offers practical exercises and lifestyle adjustments that can counteract the negative effects of prolonged sitting, repetitive motions, and inactivity. By integrating research findings with actionable advice, “Move Your DNA” helps readers understand the interconnectedness of movement, musculoskeletal health, and longevity. The text encourages cultivating awareness of the body’s needs, promoting a holistic approach to fitness that is sustainable, engaging, and accessible for all individuals seeking to improve their physical function and vitality."
834,9780000001067,Roar,Stacy Sims,2016,Rodale,13,5,5,"“Roar” by Stacy Sims examines the unique physiology of female athletes and how understanding it can optimize performance, health, and recovery. Sims combines sports science, nutrition, and practical training insights to provide a comprehensive guide for women seeking to enhance their athletic potential. The book addresses topics such as energy metabolism, hormonal cycles, injury prevention, and endurance, offering evidence-based strategies tailored specifically to female physiology. Readers learn how to train smarter, fuel effectively, and recover efficiently while respecting their bodies’ natural rhythms. Sims also emphasizes mental resilience, goal setting, and the integration of nutrition and exercise for peak performance. Through clear explanations and practical recommendations, “Roar” empowers women to optimize athletic training, embrace their unique strengths, and achieve sustainable performance improvements, making it a critical resource for coaches, athletes, and health professionals."
835,9780000001068,Next Level,Stacy Sims,2022,Rodale,13,5,5,"“Next Level” by Stacy Sims builds on the principles outlined in “Roar,” providing an advanced guide for female athletes seeking to maximize performance and health. The book explores training strategies, nutrition plans, and recovery techniques that account for the specific physiological needs of women, including hormonal cycles, energy demands, and injury prevention. Sims combines scientific research with practical coaching advice, offering structured programs that help athletes achieve endurance, strength, and agility improvements safely. Readers are guided on how to monitor performance, adjust training, and make informed dietary choices to support both competitive goals and long-term health. The book also emphasizes mental toughness, motivation, and the importance of listening to the body’s signals. “Next Level” is a comprehensive resource for women at all levels of sport, empowering them to train intelligently, prevent burnout, and reach their full athletic potential while maintaining overall wellness."
836,9780000001069,The Runner's World Big Book of Marathon,Jennifer Van Allen,2016,Rodale,13,5,5,"“The Runner's World Big Book of Marathon” by Jennifer Van Allen serves as a complete guide for runners preparing for marathon distances. The book covers training plans for beginners, intermediate, and advanced athletes, detailing pacing strategies, injury prevention, nutrition, and mental preparation. Drawing on expert advice, scientific research, and real-world experience, Van Allen provides guidance on how to develop endurance, strength, and efficiency over long distances. The text emphasizes gradual progression, recovery, and the importance of individualized approaches to maximize performance. Additionally, the book addresses race-day preparation, hydration, and strategies for overcoming psychological and physical challenges during marathons. “The Runner's World Big Book of Marathon” is both an instructional manual and motivational resource, equipping runners with the knowledge and confidence to achieve personal goals while fostering long-term fitness and resilience."
837,9780000001070,Daniels' Running Formula,Jack Daniels,2005,Human Kinetics,13,5,5,"“Daniels' Running Formula” by Jack Daniels is a comprehensive guide to training for all levels of runners, emphasizing evidence-based principles for endurance, speed, and performance optimization. Daniels introduces concepts such as VO2 max, lactate threshold, and training paces, providing structured programs tailored to individual goals. The book includes detailed guidance on warm-ups, cool-downs, periodization, recovery, and injury prevention, ensuring a holistic approach to training. Through decades of coaching experience and research, Daniels demonstrates how consistent, scientifically grounded training can enhance running efficiency and achieve peak results. The text also explores mental preparation, goal setting, and strategies for staying motivated throughout training cycles. “Daniels' Running Formula” is an essential reference for competitive and recreational runners seeking to improve performance while minimizing risk of injury."
838,9780000001071,Eat and Run,Scott Jurek,2012,Houghton Mifflin,13,5,5,"“Eat and Run” by Scott Jurek combines autobiography, nutrition, and endurance running advice. Jurek shares his journey as an elite ultramarathon runner while providing insights into plant-based nutrition, training philosophy, and lifestyle habits that support long-distance running. The book explores the relationship between diet, recovery, and performance, emphasizing the role of whole foods, mindful eating, and balanced energy intake. Readers gain practical strategies for developing endurance, improving mental toughness, and integrating running into daily life sustainably. Jurek also reflects on challenges, injuries, and setbacks, illustrating resilience and determination as key components of success. By blending personal narrative with actionable advice, “Eat and Run” inspires readers to embrace a healthy, active lifestyle while pursuing athletic and personal goals."
839,9780000001072,Born to Run,Christopher McDougall,2009,Knopf,13,5,5,"“Born to Run” by Christopher McDougall explores the world of ultra-running, human endurance, and the Tarahumara people of Mexico. The book investigates why humans are capable of running extreme distances with minimal injury and how proper technique, nutrition, and mindset contribute to performance. McDougall combines storytelling, anthropology, sports science, and interviews with elite runners to illustrate principles of efficient movement, endurance training, and community support. The book challenges conventional ideas about footwear, biomechanics, and training methods, advocating a holistic approach to running. Readers learn how to cultivate resilience, mental focus, and joy in running, regardless of experience level. “Born to Run” is both an inspirational narrative and an informative guide, offering insights into the science and culture of human running and promoting a lifestyle that embraces fitness, exploration, and personal achievement."
841,9780000001074,The Champion's Mind,Jim Afremow,2013,Rodale,13,5,5,"“The Champion's Mind” by Jim Afremow focuses on the mental strategies that help athletes excel under pressure. The book combines sports psychology, coaching principles, and real-world examples to teach readers how to develop focus, confidence, and resilience. Afremow discusses visualization, goal setting, mindfulness, and coping with setbacks, emphasizing the mental side of athletic performance as equally important as physical training. The text provides exercises, reflection prompts, and actionable techniques to help athletes cultivate a winning mindset, enhance motivation, and sustain peak performance over time. By addressing both competitive and recreational athletes, “The Champion's Mind” equips readers with tools to approach challenges with clarity, embrace growth, and maximize potential across sports, academics, and life endeavors."
842,9780000001075,Relentless,Tim Grover,2013,Scribner,13,5,5,"“Relentless” by Tim Grover delves into the mindset and habits of elite performers in sports and business. Grover emphasizes mental toughness, discipline, and relentless pursuit of excellence as key factors for success. Drawing on years of experience training professional athletes, the book outlines strategies for building focus, overcoming fear, handling pressure, and maintaining consistency. Readers learn how to embrace challenges, take ownership of outcomes, and push beyond perceived limits. Grover categorizes performers into different types, illustrating how relentless individuals think, act, and maintain peak performance. The book combines anecdotes, motivational insights, and practical advice to inspire readers to adopt an unwavering commitment to their goals. “Relentless” serves as a guide for anyone seeking high achievement, resilience, and mastery in sports, business, or personal life."
843,9780000001076,Peak Performance,Brad Stulberg,2017,Rodale,13,5,5,"“Peak Performance” by Brad Stulberg explores how science and psychology can be applied to achieve sustained excellence in any field. Stulberg examines strategies used by elite performers in sports, business, and the arts to optimize energy, focus, and productivity. The book addresses the balance between stress and recovery, the role of habits, and the importance of mindset in achieving peak results. Through case studies, research findings, and actionable advice, readers learn to structure work and practice to maximize performance while maintaining health and well-being. Stulberg emphasizes incremental progress, resilience, and reflection as critical elements of growth. “Peak Performance” offers practical tools to help individuals cultivate consistency, harness motivation, and reach their full potential across personal and professional endeavors."
844,9780000001077,The Art of Learning,Josh Waitzkin,2007,Free Press,13,5,5,"“The Art of Learning” by Josh Waitzkin combines personal memoir with insights into mastering skills, performance psychology, and the learning process. Waitzkin draws on his experience as a chess prodigy and martial arts champion to explain how deliberate practice, focus, and emotional regulation contribute to expertise. The book explores strategies for embracing challenges, learning from mistakes, and sustaining motivation over time. Readers gain guidance on managing stress, developing resilience, and cultivating intuition and creativity in their pursuits. Waitzkin emphasizes the integration of mind and body, reflection, and adaptability as keys to achieving high-level performance. “The Art of Learning” provides a comprehensive framework for personal development, skill acquisition, and lifelong growth, applicable across competitive, creative, and professional domains."
845,9780000001078,Make Your Bed,William McRaven,2017,Grand Central,13,5,5,"“Make Your Bed” by William McRaven offers life lessons drawn from the author's experiences as a Navy SEAL. The book emphasizes discipline, responsibility, and the importance of small habits in achieving long-term success. McRaven shares anecdotes from military training, leadership, and team-building exercises to illustrate principles such as perseverance, accountability, and resilience. Readers are encouraged to adopt practical routines, maintain focus under pressure, and approach challenges with courage and determination. The book also highlights the value of service, teamwork, and making meaningful contributions. “Make Your Bed” serves as a motivational guide for cultivating personal effectiveness, leadership, and the mindset necessary to overcome adversity and achieve goals in life, work, and community involvement."
846,9780000001079,Tools of Titans,Timothy Ferriss,2016,Houghton Mifflin,13,5,5,"“Tools of Titans” by Timothy Ferriss is a compendium of tactics, routines, and habits collected from top performers across business, sports, and the arts. Ferriss synthesizes interviews, experiments, and personal observations to provide readers with actionable insights on health, wealth, and wisdom. The book covers topics including productivity, mental performance, physical training, and lifestyle design, offering step-by-step guidance for implementing best practices in daily life. Readers gain strategies for optimizing performance, learning efficiently, and developing resilience. Ferriss emphasizes experimentation, data-driven decision-making, and continuous improvement as keys to high achievement. “Tools of Titans” serves as both a reference and inspiration for readers seeking to adopt proven methods from elite performers and apply them to personal and professional growth."
847,9780000001080,Tribe of Mentors,Timothy Ferriss,2017,Houghton Mifflin,13,5,5,"“Tribe of Mentors” by Timothy Ferriss compiles life advice, habits, and strategies from a wide range of successful individuals in business, sports, and creative fields. The book provides guidance on decision-making, goal-setting, health, productivity, and mental resilience. Ferriss structures the content as interviews and reflections, offering practical tools for readers to incorporate into their own lives. Through real-life examples, anecdotes, and recommendations, readers learn how to navigate challenges, develop clarity, and cultivate sustainable success. The book emphasizes continuous learning, experimentation, and leveraging mentorship to enhance personal and professional outcomes. “Tribe of Mentors” is both inspirational and instructive, serving as a comprehensive resource for anyone seeking guidance from accomplished individuals across multiple disciplines."
848,9780000001081,The Wim Hof Method,Wim Hof,2020,Sounds True,13,5,5,"“The Wim Hof Method” by Wim Hof presents a comprehensive approach to improving physical and mental health through breathing techniques, cold exposure, and commitment. Hof combines personal experience, scientific research, and practical exercises to demonstrate how controlled breathing and cold adaptation can enhance immunity, focus, and resilience. The book provides step-by-step guidance for gradually integrating the method into daily life, emphasizing safety, consistency, and progressive adaptation. Readers learn how to leverage physiological responses to stress, optimize energy levels, and cultivate mental clarity. Hof also explores the psychological benefits of mindfulness, meditation, and disciplined practice. “The Wim Hof Method” empowers readers to take control of their body and mind, improve performance, and enhance overall well-being through scientifically informed and practical strategies."
718,9780000000051,Will,Will Smith,2021,Penguin Press,12,5,5,"“Will” by Will Smith is an autobiography that chronicles the life, career, and personal philosophies of the acclaimed actor and musician. Smith shares stories from his early life, family influences, and experiences in the entertainment industry, providing insight into the challenges, opportunities, and lessons learned along the way. The book emphasizes themes such as ambition, resilience, discipline, and creativity, illustrating how Smith navigated fame, setbacks, and personal growth. Readers gain perspective on his approach to success, relationships, and self-improvement, as well as the mindset required to pursue excellence across multiple fields. Through candid reflection, humor, and storytelling, “Will” offers an inspiring narrative that combines autobiography with motivational guidance, encouraging readers to embrace their potential and pursue meaningful goals."
850,9780000001083,The Oxygen Advantage,Patrick McKeown,2015,William Morrow,13,5,5,"“The Oxygen Advantage” by Patrick McKeown provides an in-depth look at breathing techniques designed to improve health, athletic performance, and resilience. McKeown integrates research from physiology, sports science, and clinical practice to show how proper breathing can optimize oxygen efficiency, reduce stress, and enhance endurance. The book details exercises for nasal breathing, breath-holding, and controlling respiratory patterns to strengthen cardiovascular and metabolic function. Readers gain practical guidance on integrating these techniques into daily life, training routines, and recovery protocols. McKeown emphasizes the importance of understanding the connection between breath, nervous system regulation, and overall performance. “The Oxygen Advantage” offers a comprehensive approach for athletes, professionals, and anyone seeking to improve well-being, energy levels, and mental focus through conscious breathing practices."
852,9780000001085,Undo It!,Dean Ornish,2019,Ballantine,13,5,5,"“Undo It!” by Dean Ornish provides evidence-based guidance on reversing chronic diseases and improving overall health through lifestyle modifications. Ornish emphasizes the power of diet, exercise, stress management, and social support in preventing and even reversing conditions such as heart disease, diabetes, and hypertension. The book outlines practical strategies for adopting plant-based nutrition, increasing physical activity, and integrating mindfulness practices into daily life. Readers are guided on goal-setting, tracking progress, and sustaining long-term behavior change. Ornish combines clinical research, case studies, and real-world applications to illustrate the effectiveness of lifestyle interventions. “Undo It!” empowers readers to take proactive control over their health, demonstrating that consistent, evidence-based choices can lead to profound improvements in longevity, vitality, and quality of life."
854,9780000001087,The Engine 2 Diet,Rip Esselstyn,2009,Grand Central,13,5,5,"“The Engine 2 Diet” by Rip Esselstyn presents a plant-based nutrition and lifestyle plan aimed at improving heart health, weight management, and overall wellness. Esselstyn draws on his experience as a professional athlete and a physician to demonstrate how whole-food, plant-based diets can prevent and even reverse chronic diseases such as heart disease, diabetes, and obesity. The book offers practical meal plans, shopping guides, and recipes designed to make the transition to a plant-based diet accessible and sustainable. Esselstyn also emphasizes the importance of understanding nutritional science, the impact of food on inflammation, cholesterol, and energy levels, and the integration of exercise and healthy habits. Through a combination of personal anecdotes, scientific evidence, and motivational guidance, readers learn how to adopt a lifestyle that supports longevity, vitality, and disease prevention while enjoying flavorful, nutrient-rich meals."
688,9780000000021,Team of Rivals,Doris Kearns Goodwin,2005,Simon & Schuster,12,5,5,"“Team of Rivals” by Doris Kearns Goodwin is a historical biography of Abraham Lincoln and the cabinet he assembled during his presidency. Goodwin examines Lincoln’s leadership, political acumen, and ability to manage competing personalities and perspectives. The book provides insight into decision-making during the Civil War, the Emancipation Proclamation, and strategies for uniting a divided nation. Readers gain an understanding of the challenges, relationships, and qualities that defined Lincoln’s presidency. Through meticulous research and engaging storytelling, “Team of Rivals” presents a comprehensive portrait of Lincoln and the men who shaped his administration."
709,9780000000042,Just as I Am,Cicely Tyson,2021,HarperCollins,12,5,5,"“Just as I Am” by Cicely Tyson is a candid autobiography detailing the life and career of the acclaimed actress. Tyson recounts her upbringing, struggles with racism and sexism, and the perseverance required to achieve success in the entertainment industry. The book provides insight into her personal philosophy, artistic approach, and the experiences that shaped her resilience and integrity. Through vivid storytelling and reflection, Tyson explores themes of identity, self-respect, and determination, offering readers an inspiring narrative of overcoming obstacles while maintaining authenticity. The book highlights both her professional milestones and intimate moments, illustrating how talent, dedication, and courage converge to create a legacy. “Just as I Am” serves as a compelling account for anyone seeking inspiration, understanding of social challenges, and the personal journey behind a celebrated career."
710,9780000000043,Losing My Virginity,Richard Branson,1998,Virgin,12,5,5,"“Losing My Virginity” by Richard Branson is the autobiography of the entrepreneur and founder of the Virgin Group. Branson chronicles his business ventures, adventurous spirit, and personal philosophy that combines risk-taking with creativity and innovation. The book covers his early life, challenges in starting businesses, and the strategies that led to global success. Branson shares insights on leadership, management, and the value of pursuing bold ideas while maintaining personal values and social responsibility. Through candid storytelling, humor, and reflection, readers gain an understanding of Branson’s mindset, decision-making, and resilience in the face of setbacks. “Losing My Virginity” is both an inspirational narrative and a practical guide to entrepreneurship, demonstrating how vision, persistence, and unconventional thinking can create remarkable achievements."
711,9780000000044,Life,Keith Richards,2010,Little Brown,12,5,5,"“Life” by Keith Richards is the autobiography of the legendary guitarist of The Rolling Stones, offering an unflinching look into his personal life, musical career, and the highs and lows of fame. Richards shares stories of creativity, collaboration, and the evolution of rock music through his perspective, highlighting the role of passion, dedication, and resilience in artistic success. The book delves into his songwriting process, touring experiences, and the cultural impact of the band. Alongside professional achievements, Richards discusses struggles with addiction, relationships, and personal growth, providing readers with insight into both the glamorous and challenging aspects of life in the music industry. “Life” is a rich, detailed narrative that combines candid reflection with historical context, celebrating the spirit of rock and the pursuit of artistic excellence."
729,9780000000062,Cash,Johnny Cash,1997,HarperCollins,12,5,5,"“Cash” by Johnny Cash is an autobiography of the legendary country music singer, recounting his personal life, musical journey, and the experiences that influenced his artistry. Cash shares stories of triumphs, struggles with addiction, relationships, and the cultural and social environment of his era. The book explores themes of resilience, redemption, and authenticity, providing insight into the creative and personal dimensions of his career. Through candid storytelling and reflection, Cash illustrates how personal experiences, faith, and social observation shaped his music and public persona. “Cash” serves as both an inspirational narrative and an informative account of a life dedicated to music, storytelling, and social commentary."
712,9780000000045,Miles: The Autobiography,Miles Davis,1989,Simon & Schuster,12,5,5,"“Miles: The Autobiography” by Miles Davis chronicles the life of the influential jazz musician, exploring his artistic innovation, personal struggles, and cultural impact. Davis recounts his experiences in the music industry, collaborations with other artists, and the evolution of his signature style. The book provides an intimate perspective on creativity, improvisation, and the challenges of fame, as well as the social and racial contexts that shaped his career. Readers gain insight into Davis’s philosophies on music, life, and personal expression, illustrating the balance between genius and vulnerability. Through candid storytelling and reflection, the autobiography offers a deep understanding of the complexities of artistic life and the dedication required to leave a lasting legacy. “Miles: The Autobiography” is essential for fans, musicians, and anyone interested in the life of one of the most influential figures in jazz history."
713,9780000000046,The Everything Store,Brad Stone,2013,Little Brown,12,5,5,"“The Everything Store” by Brad Stone provides a detailed account of the rise of Amazon and its founder, Jeff Bezos. Stone examines the company’s history, business strategy, and innovative culture, exploring how Bezos transformed e-commerce and technology. The book combines investigative journalism, interviews, and analysis to explain the leadership principles, risks, and decisions that shaped Amazon’s growth into a global powerhouse. Readers gain insight into the company’s operational philosophy, technological innovation, and the challenges faced along the way. Stone also explores the human side of the business, revealing how employees, competitors, and markets influenced Amazon’s trajectory. “The Everything Store” serves as both a biography and a business case study, offering lessons on entrepreneurship, strategy, and the impact of visionary leadership."
714,9780000000047,Permanent Record,Edward Snowden,2019,Metropolitan,12,5,5,"“Permanent Record” by Edward Snowden is a memoir detailing the experiences of the whistleblower who exposed global surveillance programs. Snowden recounts his career in intelligence, the ethical considerations that led to his decision to reveal classified information, and the personal consequences he faced. The book explores themes of privacy, government accountability, and the balance between security and civil liberties, providing an in-depth analysis of the digital age and the implications of mass surveillance. Snowden offers insight into the technological, political, and social contexts surrounding his revelations, emphasizing the importance of transparency and individual responsibility. Readers are presented with both factual recounting and personal reflection, making “Permanent Record” a compelling narrative on ethics, courage, and the evolving nature of information in contemporary society."
715,9780000000048,The Ride of a Lifetime,Bob Iger,2019,Random House,12,5,5,"“The Ride of a Lifetime” by Bob Iger is a memoir and leadership guide by the former CEO of Disney. Iger shares his journey in business, detailing the decisions, strategies, and principles that led to his success in transforming Disney into a global entertainment leader. The book explores leadership, corporate culture, innovation, and risk-taking, highlighting the importance of vision, empathy, and strategic thinking. Through anecdotes, case studies, and reflections on pivotal moments, Iger illustrates the challenges of leading a major corporation while balancing creativity, financial goals, and stakeholder interests. Readers gain insights into decision-making, talent management, and maintaining integrity under pressure. “The Ride of a Lifetime” offers lessons applicable to business leaders, aspiring executives, and anyone interested in understanding the dynamics of effective leadership and corporate growth."
725,9780000000058,Scar Tissue,Anthony Kiedis,2004,Hyperion,12,5,5,"“Scar Tissue” by Anthony Kiedis is the memoir of the Red Hot Chili Peppers' lead singer, exploring his personal life, struggles with addiction, and musical career. Kiedis recounts the challenges and triumphs of fame, the creative process, and the dynamics within the band, providing insight into artistic collaboration and personal development. The book addresses themes such as resilience, self-reflection, and the consequences of lifestyle choices, offering a candid portrayal of recovery and growth. Through storytelling and introspection, Kiedis illustrates how challenges can be transformed into lessons, enabling personal and professional evolution. “Scar Tissue” serves as both an inspiring narrative for readers interested in music and a guide to navigating adversity, recovery, and creative expression."
716,9780000000049,Spare,Prince Harry,2023,Penguin Random House,12,5,5,"“Spare” by Prince Harry is a memoir offering an intimate account of his life in the British royal family, personal struggles, and public experiences. The book explores themes of identity, duty, mental health, and resilience, providing insight into the pressures and expectations of royalty. Prince Harry shares reflections on family dynamics, personal growth, and his journey toward independence and purpose. Readers gain understanding of the challenges of living under public scrutiny, navigating personal relationships, and balancing tradition with modernity. The memoir combines candid storytelling, emotional reflection, and historical context, giving a nuanced view of royal life while emphasizing themes of self-discovery, service, and personal agency. “Spare” is both a personal narrative and a reflection on societal expectations and personal empowerment."
717,9780000000050,Finding Me,Viola Davis,2022,HarperOne,12,5,5,"“Finding Me” by Viola Davis is a compelling memoir exploring the life, struggles, and triumphs of the Academy Award-winning actress. Davis shares her experiences growing up in poverty, facing systemic racism, and confronting personal challenges while pursuing her acting career. The book delves into themes of identity, resilience, and self-discovery, highlighting how Davis cultivated inner strength, perseverance, and authenticity. Through candid storytelling, she reflects on her journey from adversity to success, offering insights into the creative process, professional growth, and the importance of mentorship and community. Readers gain an intimate understanding of her personal and professional evolution, as well as her advocacy for social justice, equality, and representation in the arts. “Finding Me” is both inspirational and enlightening, providing guidance for overcoming obstacles and embracing one's true self."
730,9780000000063,The Story of My Experiments with Truth,Mahatma Gandhi,1927,Beacon,12,5,5,"“The Story of My Experiments with Truth” by Mahatma Gandhi is an autobiographical account detailing his life, philosophy, and path toward spiritual and political leadership. Gandhi explores themes of nonviolence, ethical living, self-discipline, and social justice, providing insight into the moral and practical principles that guided his activism. The book reflects on personal experiences, formative influences, and the development of his strategies for social change and political engagement. Readers gain understanding of Gandhi's inner life, philosophical evolution, and the interplay between personal growth and societal impact. “The Story of My Experiments with Truth” is both a historical document and an inspirational guide for those seeking to integrate ethical principles into personal and public life."
719,9780000000052,"Friends, Lovers, and the Big Terrible Thing",Matthew Perry,2022,Flatiron,12,5,5,"“Friends, Lovers, and the Big Terrible Thing” by Matthew Perry is a memoir that provides a raw, honest, and humorous account of his life, career, and personal struggles. Perry recounts his experiences on the hit television show “Friends,” as well as his battles with addiction, mental health challenges, and relationships. The book explores themes of fame, vulnerability, resilience, and self-discovery, offering readers a candid look into the complexities of balancing public life with private struggles. Through storytelling, reflection, and insight, Perry illustrates how personal setbacks can lead to growth, transformation, and the pursuit of authenticity. The narrative combines entertainment industry anecdotes with deep personal revelations, making “Friends, Lovers, and the Big Terrible Thing” both an engaging and inspiring read for fans and general readers alike."
720,9780000000053,"Love, Pamela",Pamela Anderson,2023,Dey Street,12,5,5,"“Love, Pamela” by Pamela Anderson is an intimate memoir reflecting on the actress's personal life, career, and the challenges she faced in the public eye. Anderson candidly discusses her experiences in modeling, acting, and activism, exploring themes such as self-discovery, resilience, empowerment, and love. The book highlights her advocacy work, personal growth, and reflections on fame, providing readers with a nuanced perspective on the complexities of life in the spotlight. Through storytelling and reflection, Anderson shares insights into navigating relationships, public scrutiny, and personal challenges, emphasizing authenticity and the pursuit of meaningful goals. “Love, Pamela” is both engaging and enlightening, offering a rich narrative that combines memoir, inspiration, and social commentary."
721,9780000000054,Surrender,Bono,2022,Knopf,12,5,5,"“Surrender” by Bono is a reflective memoir that explores the life, career, and personal philosophies of the U2 lead singer and activist. Bono discusses his experiences in music, global humanitarian work, and the interplay between fame and personal responsibility. The book emphasizes themes such as creativity, spiritual reflection, social justice, and resilience, offering readers insight into the motivations, challenges, and decision-making processes that have shaped his life. Through candid storytelling and introspection, Bono provides an intimate perspective on his relationships, artistic journey, and dedication to causes worldwide. “Surrender” combines memoir, inspiration, and thoughtful reflection, making it a compelling narrative for fans and readers interested in the intersections of music, culture, and activism."
723,9780000000056,Hillbilly Elegy,J.D. Vance,2016,Harper,12,5,5,"“Hillbilly Elegy” by J.D. Vance is a memoir and social commentary that examines the struggles of working-class Americans in rural communities. Vance recounts his upbringing, family dynamics, and personal journey through poverty, addiction, and educational challenges. The book explores themes such as social mobility, resilience, cultural identity, and the effects of economic and social systems on individual lives. Readers gain insight into the complex interplay between family, community, and opportunity, as well as strategies for overcoming adversity. Vance's narrative combines personal experience with sociological analysis, offering a compelling perspective on contemporary social issues and the human stories behind them. “Hillbilly Elegy” is both informative and inspirational, highlighting perseverance, personal responsibility, and the pursuit of a better life."
724,9780000000057,"Eat, Pray, Love",Elizabeth Gilbert,2006,Penguin,12,5,5,"“Eat, Pray, Love” by Elizabeth Gilbert is a memoir that chronicles her journey of self-discovery, travel, and spiritual growth following a period of personal upheaval. Gilbert explores themes of healing, personal empowerment, emotional resilience, and the pursuit of happiness across different cultures and environments. The book is divided into sections that focus on pleasure, devotion, and balance, reflecting on the transformative experiences of eating in Italy, praying in India, and finding love in Indonesia. Through engaging storytelling, introspection, and vivid descriptions, Gilbert conveys lessons about embracing change, cultivating mindfulness, and creating a meaningful life. “Eat, Pray, Love” offers both inspiration and practical insight for readers seeking personal growth and holistic well-being."
726,9780000000059,Clapton,Eric Clapton,2007,Broadway,12,5,5,"“Clapton” by Eric Clapton is an autobiographical account of the legendary guitarist's life, music career, and personal experiences. Clapton details his journey through fame, artistic development, and the challenges he faced, including addiction and personal loss. The book explores the creative process, collaboration with other musicians, and the evolution of rock music from Clapton's perspective. Readers gain insight into the discipline, passion, and resilience required to succeed in the music industry, as well as the emotional and personal context behind iconic performances. Through candid storytelling, reflection, and anecdotes, “Clapton” offers a comprehensive view of both the artistic and human dimensions of Clapton's life, making it essential reading for music enthusiasts and aspiring musicians."
727,9780000000060,Just Kids,Patti Smith,2010,Ecco,12,5,5,"“Just Kids” by Patti Smith is a memoir exploring the artist's early years in New York City, her relationship with photographer Robert Mapplethorpe, and the formative experiences that shaped her creative life. Smith shares stories of artistic struggle, collaboration, and self-discovery, highlighting themes of resilience, inspiration, and the pursuit of authenticity. The book delves into the cultural and social context of the 1960s and 1970s art scene, illustrating how personal relationships and community influenced artistic growth. Through evocative storytelling and reflection, readers gain insight into Smith's evolution as a poet, musician, and performer. “Just Kids” is both an intimate narrative and a celebration of artistic dedication, offering inspiration for creatives and readers seeking understanding of the interplay between life and art."
728,9780000000061,Chronicles,Bob Dylan,2004,Simon & Schuster,12,5,5,"“Chronicles” by Bob Dylan is the acclaimed autobiography of the influential musician and songwriter, providing an in-depth look at his creative process, life experiences, and the evolution of his music. Dylan reflects on pivotal moments in his career, the cultural landscape, and the personal influences that shaped his artistry. The book combines storytelling, memoir, and reflection, offering readers a glimpse into the inspirations, challenges, and philosophies behind Dylan's work. Through candid anecdotes and introspection, readers understand the interplay of creativity, identity, and social context in shaping a lasting musical legacy. “Chronicles” is essential reading for music enthusiasts, historians, and anyone interested in the development of American popular music and its cultural impact."
732,9780000000065,Black Boy,Richard Wright,1945,Harper,12,5,5,"“Black Boy” by Richard Wright is a memoir exploring the author's experiences growing up as an African American in the segregated South. Wright reflects on poverty, racism, education, and the pursuit of identity and self-expression in a challenging social environment. The book addresses themes of resilience, systemic injustice, and personal growth, illustrating how adversity shaped his worldview and literary voice. Readers gain insight into the social, cultural, and historical context of early twentieth-century America, as well as Wright's determination to seek freedom, knowledge, and artistic fulfillment. “Black Boy” combines personal narrative with social critique, providing an illuminating account of race, inequality, and the human spirit."
733,9780000000066,Wild,Cheryl Strayed,2012,Knopf,12,5,5,"“Wild” by Cheryl Strayed is a memoir recounting her journey of self-discovery and healing along the Pacific Crest Trail. Strayed shares her experiences coping with grief, addiction, and personal loss, exploring themes of resilience, courage, and personal transformation. The book delves into the physical and emotional challenges of long-distance hiking, providing insight into the therapeutic and empowering aspects of nature and solitude. Readers learn how Strayed navigated obstacles, embraced vulnerability, and cultivated strength, both physically and mentally. “Wild” combines evocative storytelling with introspection, offering an inspiring narrative about recovery, self-reliance, and the journey toward personal growth and understanding."
734,9780000000067,The Color of Water,James McBride,1995,Riverhead,12,5,5,"“The Color of Water” by James McBride is a memoir that explores family, identity, race, and cultural heritage. McBride recounts his upbringing with a white Jewish mother and African American father, reflecting on the challenges, resilience, and lessons that shaped his life. The book examines themes of faith, love, perseverance, and self-discovery, providing insight into the complexities of familial relationships and personal development. Through storytelling and reflection, McBride offers readers a nuanced understanding of race, identity, and the role of family in shaping values and character. “The Color of Water” is both an intimate memoir and an exploration of social and cultural dynamics, offering inspiration and perspective on overcoming adversity and embracing heritage."
735,9780000000068,The Last Lecture,Randy Pausch,2008,Hyperion,12,5,5,"“The Last Lecture” by Randy Pausch is a memoir and motivational book reflecting on life lessons, personal achievement, and the importance of pursuing dreams. Pausch, a professor facing terminal illness, shares insights into time management, goal setting, and maintaining perspective in the face of adversity. The book combines storytelling, reflection, and practical advice to inspire readers to live fully, embrace challenges, and cultivate meaningful relationships. Readers gain guidance on overcoming obstacles, fostering creativity, and maintaining optimism, drawing lessons from Pausch's experiences and philosophy. “The Last Lecture” serves as both an educational resource and an emotional narrative, emphasizing the value of intentional living, perseverance, and personal fulfillment."
736,9780000000069,Einstein,Denis Brian,1996,Wiley,12,5,5,"“Einstein” by Denis Brian is a biography detailing the life, work, and personality of Albert Einstein. The book explores his scientific achievements, including the theory of relativity, as well as his philosophical, social, and political engagements. Brian delves into Einstein's personal relationships, challenges, and character, providing a comprehensive understanding of the man behind the genius. Readers gain insight into his creative process, intellectual curiosity, and the impact of his contributions on modern science and society. The biography combines historical research with narrative storytelling, offering a well-rounded portrait of one of history's most influential figures. “Einstein” is both informative and engaging, making it suitable for general readers, students, and science enthusiasts interested in understanding the life and legacy of Albert Einstein."
737,9780000000070,Churchill,Roy Jenkins,2001,Pan,12,5,5,"“Churchill” by Roy Jenkins is a detailed biography of Winston Churchill, exploring his political career, leadership, and personal life. Jenkins examines Churchill's role in historical events, including World War II, and his contributions to British and global politics. The book analyzes his character, decision-making, and strategies, highlighting the qualities that defined his leadership and resilience. Readers gain perspective on Churchill's successes, failures, and complex personality, as well as the historical context in which he operated. Through meticulous research and narrative analysis, “Churchill” provides an insightful and comprehensive portrayal of one of the twentieth century's most influential leaders, offering lessons on leadership, perseverance, and vision."
738,9780000000071,Napoleon: A Life,Andrew Roberts,2014,Penguin,12,5,5,"“Napoleon: A Life” by Andrew Roberts is a detailed biography that explores the life, military career, and political influence of Napoleon Bonaparte. Roberts draws on extensive historical documents, letters, and contemporary accounts to provide an in-depth analysis of Napoleon's personality, strategies, and accomplishments. The book examines his leadership, campaigns, reforms, and the cultural, social, and political context of Europe during his era. Readers gain insight into Napoleon's genius, ambition, and the challenges he faced in balancing power, strategy, and personal relationships. Roberts combines historical accuracy with compelling narrative to present a comprehensive portrait of one of history's most studied figures. “Napoleon: A Life” offers both educational value and an engaging exploration of a complex leader."
739,9780000000072,Catherine the Great,Robert Massie,2011,Random House,12,5,5,"“Catherine the Great” by Robert Massie is a biography of the Russian Empress, detailing her political acumen, personal life, and historical impact. Massie explores Catherine's rise to power, governance, reforms, and influence on Russian society and culture. The book provides insights into her leadership style, strategic thinking, and the challenges she faced as a female ruler in a male-dominated era. Readers gain understanding of the historical, social, and political context of eighteenth-century Russia, as well as Catherine's contributions to arts, education, and diplomacy. Massie's narrative combines rigorous research with storytelling, offering a comprehensive and engaging portrayal of Catherine the Great. The book serves as both an educational resource and an inspiring account of leadership, vision, and resilience."
1024,9780000003057,Heat,Bill Buford,2006,Knopf,15,5,5,"“Heat” by Bill Buford chronicles his immersion into the world of professional cooking, particularly under the mentorship of chef Mario Batali. Buford recounts his transformation from a passionate home cook to a fully engaged member of a high-pressure kitchen. The book details the discipline, creativity, and rigor of culinary training, along with humorous and insightful reflections on kitchen culture. Through vivid storytelling, Buford captures the intensity, camaraderie, and passion that define professional cooking, providing an entertaining and informative look behind the scenes of the modern restaurant industry."
671,9780000000004,The Diary of a Young Girl,Anne Frank,1947,Bantam,12,5,5,"“The Diary of a Young Girl” by Anne Frank is the poignant, firsthand account of a Jewish girl hiding from Nazi persecution during World War II. Written between 1942 and 1944, the diary captures Anne’s thoughts, fears, hopes, and reflections while living in a secret annex with her family and others. The book provides a deeply personal perspective on adolescence, human resilience, and the impact of war and oppression. Readers witness the growth of Anne’s voice, her insights into human nature, and the emotional realities of life in hiding. Through her eloquent and honest writing, “The Diary of a Young Girl” remains a timeless testament to courage, hope, and the enduring power of the human spirit."
740,9780000000073,Peter the Great,Robert Massie,1980,Random House,12,5,5,"“Peter the Great” by Robert Massie is a detailed biography exploring the life, reforms, and influence of Peter I, the Russian Tsar who modernized Russia. Massie examines Peter's ambitious efforts to transform Russia into a major European power, including military campaigns, administrative reforms, and cultural modernization. The book delves into his personal character, leadership style, relationships, and the challenges of ruling a vast and diverse empire. Readers gain insight into Peter's vision, determination, and the complexities of governing in a turbulent historical context. Massie combines meticulous historical research with narrative storytelling, presenting a vivid portrait of Peter's life and legacy, illustrating how ambition, innovation, and strategic insight can shape the course of a nation."
741,9780000000074,Einstein: The Life,Walter Isaacson,2007,Simon & Schuster,12,5,5,"“Einstein: The Life” by Walter Isaacson is a comprehensive biography of Albert Einstein, detailing his scientific discoveries, intellectual pursuits, and personal life. Isaacson explores Einstein's development of the theory of relativity, his contributions to physics, and his influence on modern science. The book also examines his personality, relationships, political views, and ethical considerations, providing a nuanced understanding of the man behind the genius. Readers gain insight into Einstein's thought processes, creativity, and the challenges he faced in balancing scientific inquiry with personal and social responsibilities. Through rich storytelling and rigorous research, Isaacson offers an inspiring and informative account of one of history's most remarkable minds."
742,9780000000075,The Immortal Life of Henrietta Lacks,Rebecca Skloot,2010,Crown,12,5,5,"“The Immortal Life of Henrietta Lacks” by Rebecca Skloot is a compelling narrative that intertwines science, ethics, and personal history. The book tells the story of Henrietta Lacks, whose cancer cells were taken without her consent in the 1950s, leading to groundbreaking medical research through the HeLa cell line. Skloot examines the scientific, ethical, and social implications of using human tissue in research while exploring the impact on Lacks's family. Readers learn about the intersections of race, medical ethics, and scientific advancement, as well as the human stories behind laboratory discoveries. Through meticulous research and narrative storytelling, the book provides insight into both the progress of modern medicine and the importance of consent, equity, and humanity in scientific practice."
744,9780000000077,Endurance,Alfred Lansing,1959,McGraw-Hill,12,5,5,"“Endurance” by Alfred Lansing is a gripping historical account of Ernest Shackleton's 1914 Antarctic expedition. Lansing chronicles the harrowing journey of Shackleton and his crew as they face extreme conditions, isolation, and survival challenges after their ship, Endurance, becomes trapped in ice. The book highlights leadership, courage, teamwork, and human resilience in the face of near-impossible circumstances. Readers experience the expedition through detailed narratives of struggle, adaptation, and perseverance, understanding both the physical and psychological demands of polar exploration. Lansing's work combines factual research with vivid storytelling, providing an inspiring account of endurance, ingenuity, and the human spirit in overcoming adversity."
746,9780000000079,The Diary of Frida Kahlo,Frida Kahlo,1995,Abrams,12,5,5,"“The Diary of Frida Kahlo” is a personal journal of the iconic Mexican artist, offering intimate insights into her thoughts, emotions, creative process, and experiences. The diary includes sketches, writings, and reflections, revealing Kahlo's struggles with physical pain, love, identity, and artistic expression. Readers gain an understanding of her perspective on life, suffering, and creativity, as well as the cultural and political environment of her time. The work illustrates the integration of art and life, providing a rich portrait of an artist navigating personal challenges while producing enduring, influential work. Kahlo's diary is both a deeply personal document and a testament to resilience, creativity, and individuality."
747,9780000000080,Frida,Hayden Herrera,1983,Harper,12,5,5,"“Frida” by Hayden Herrera is a comprehensive biography of Frida Kahlo, exploring her life, art, and enduring influence. Herrera examines Kahlo's personal experiences, relationships, political involvement, and artistic achievements, providing context for her work and its significance. The book delves into themes of identity, gender, pain, creativity, and resilience, illustrating how Kahlo transformed personal suffering into artistic expression. Readers gain insight into her cultural impact, the symbolism in her paintings, and the historical context of Mexico during her lifetime. Herrera's narrative combines rigorous research with vivid storytelling, offering a rich and engaging account of Kahlo's life, artistry, and legacy that continues to inspire generations of artists and admirers."
748,9780000000081,Steve Jobs: The Exclusive Biography,Walter Isaacson,2011,Simon & Schuster,12,5,5,"“Steve Jobs: The Exclusive Biography” by Walter Isaacson is an authoritative account of the life, vision, and career of Apple co-founder Steve Jobs. Isaacson draws on extensive interviews with Jobs, his family, colleagues, and competitors to provide a comprehensive portrait of his innovation, leadership, and personality. The book explores themes of creativity, entrepreneurship, design, and business strategy, detailing both successes and failures. Readers gain insight into Jobs's management style, product development philosophy, and the drive that revolutionized technology and consumer electronics. Through detailed storytelling, analysis, and reflection, the biography highlights the complexities of genius, ambition, and human imperfection, offering inspiration for aspiring innovators, business leaders, and creatives alike."
685,9780000000018,A Moveable Feast,Ernest Hemingway,1964,Scribner,12,5,5,"“A Moveable Feast” by Ernest Hemingway is a memoir reflecting on the author’s early years in Paris during the 1920s. Hemingway recounts his experiences with fellow writers, artists, and intellectuals, capturing the atmosphere, creativity, and challenges of life as an expatriate. The book explores themes of artistry, personal growth, friendship, and the pursuit of literary excellence. Readers gain insight into Hemingway’s writing process, influences, and the cultural milieu that shaped his work. Through vivid storytelling, reflection, and rich description, “A Moveable Feast” offers both a historical snapshot of a literary era and an intimate portrait of one of literature’s greatest voices."
749,9780000000082,"Elon Musk: Tesla, SpaceX, and the Quest",Ashlee Vance,2015,HarperCollins,12,5,5,"“Elon Musk: Tesla, SpaceX, and the Quest” by Ashlee Vance is a biography chronicling the life, career, and vision of Elon Musk. Vance examines Musk's entrepreneurial ventures, including Tesla, SpaceX, SolarCity, and Neuralink, highlighting his ambition, innovation, and risk-taking. The book explores Musk's personal and professional challenges, leadership style, and influence on technology, space exploration, and sustainable energy. Readers gain insight into Musk's problem-solving approach, strategic thinking, and relentless pursuit of transformative goals. Vance combines detailed research, interviews, and narrative storytelling to create a compelling portrait of one of the most influential innovators of the twenty-first century, offering inspiration and lessons in leadership, vision, and perseverance."
905,9780000002038,A Year in Provence,Peter Mayle,1989,Vintage,14,5,5,"“A Year in Provence” by Peter Mayle chronicles the author’s experiences living in Provence, France, highlighting the culture, cuisine, and seasonal rhythms of the region. Mayle combines personal narrative, humor, and detailed observation to explore themes of adaptation, enjoyment of life, and cultural appreciation. Readers gain insight into Provençal traditions, culinary practices, and local social dynamics. Through engaging storytelling, vivid description, and reflective commentary, “A Year in Provence” provides both an entertaining memoir and a cultural exploration that immerses readers in the charm and beauty of rural France."
750,9780000000083,Becoming (Memoir),Michelle Obama,2018,Crown,12,5,5,"“Becoming” by Michelle Obama is a memoir detailing the former First Lady's life, experiences, and personal journey. Obama recounts her childhood, education, career, and public service, highlighting the challenges and opportunities that shaped her values, character, and leadership. The book explores themes of identity, resilience, family, social responsibility, and empowerment, offering readers insight into her personal growth and dedication to community and advocacy. Through candid storytelling and reflection, Obama shares lessons on ambition, self-discovery, and navigating public life with integrity. “Becoming” serves as both an inspirational narrative and a guide for readers seeking personal development, social engagement, and meaningful contributions to society."
701,9780000000034,Into the Wild,Jon Krakauer,1996,Anchor,12,5,5,"“Into the Wild” by Jon Krakauer recounts the true story of Christopher McCandless, a young man who abandoned conventional life to journey into the Alaskan wilderness. Krakauer explores McCandless’s motivations, ideals, and the physical and psychological challenges he faced. The book delves into themes of freedom, self-discovery, and the human desire to confront nature and society. Through meticulous research, interviews, and narrative storytelling, readers gain insight into McCandless’s journey, the allure of adventure, and the consequences of idealism, making it a profound reflection on the search for meaning and independence."
751,9780000000084,Obama: An Intimate Portrait,Pete Souza,2017,Little Brown,12,5,5,"“Obama: An Intimate Portrait” by Pete Souza is a photographic memoir capturing the life and work of Barack Obama during his presidency. Souza, the official White House photographer, provides an unprecedented visual documentation of moments, both public and private, that defined Obama's tenure. The book explores themes of leadership, dedication, and personal character, illustrating the human side of political life. Readers gain insight into the President's decision-making, interactions with world leaders, and relationships with staff and family, alongside historical context. Souza's narrative through images tells a compelling story of service, resilience, and the responsibilities of the highest office, offering both inspiration and historical record."
752,9780000000085,Mandela: The Authorized Biography,Anthony Sampson,1999,Knopf,12,5,5,"“Mandela: The Authorized Biography” by Anthony Sampson is a comprehensive account of Nelson Mandela's life, political struggle, and legacy. Sampson explores Mandela's early years, imprisonment, anti-apartheid activism, and eventual presidency of South Africa. The book delves into themes of justice, resilience, reconciliation, and leadership, highlighting the moral courage and strategic vision that defined Mandela's journey. Readers gain insight into the social and political context of apartheid, the complexities of governance, and Mandela's personal sacrifices. Through meticulous research and narrative storytelling, Sampson provides a rich, inspiring portrait of a global icon whose life exemplifies perseverance, wisdom, and the transformative power of leadership."
753,9780000000086,Churchill: Walking with Destiny,Andrew Roberts,2018,Penguin,12,5,5,"“Churchill: Walking with Destiny” by Andrew Roberts is an in-depth biography examining Winston Churchill's life, political career, and leadership during some of the most pivotal events of the twentieth century. Roberts explores Churchill's early life, military service, political ascent, World War II leadership, and postwar contributions. The book highlights themes of resilience, strategic thinking, and personal determination, providing readers with a nuanced understanding of Churchill's character and decision-making. Roberts combines extensive historical research with engaging narrative, offering insight into the challenges, successes, and complexities of one of history's most influential leaders. “Churchill: Walking with Destiny” is both inspirational and educational, illustrating how perseverance and vision can shape the course of history."
754,9780000000087,Titan: Rockefeller,Ron Chernow,1998,Random House,12,5,5,"“Titan: Rockefeller” by Ron Chernow is a detailed biography chronicling the life, career, and influence of John D. Rockefeller, the industrial magnate and philanthropist. Chernow explores Rockefeller's rise in the oil industry, his business strategies, personal life, and philanthropic endeavors. The book examines themes of ambition, ethics, wealth, and social impact, providing readers insight into the complexities of power and economic development in nineteenth and twentieth-century America. Through rigorous research and compelling narrative, Chernow presents a nuanced portrait of Rockefeller's achievements, controversies, and legacy, illustrating how vision, discipline, and strategic insight can drive transformation at both individual and societal levels."
755,9780000000088,Grant,Ron Chernow,2017,Penguin Press,12,5,5,"“Grant” by Ron Chernow is an exhaustive biography of Ulysses S. Grant, covering his military career, presidency, personal life, and enduring legacy. Chernow examines Grant's leadership in the Civil War, his strategies and challenges as a military commander, and his subsequent role in guiding the nation through Reconstruction. The book explores themes of resilience, leadership, morality, and political challenges, offering a thorough understanding of Grant's character and decision-making. Readers gain insight into both the triumphs and difficulties of his life, as well as the historical and social context of nineteenth-century America. Chernow's narrative combines meticulous research with engaging storytelling, providing an informative and inspiring portrayal of one of America's pivotal figures."
756,9780000000089,Washington: A Life,Ron Chernow,2010,Penguin Press,12,5,5,"“Washington: A Life” by Ron Chernow is a definitive biography of George Washington, chronicling his life as a soldier, statesman, and the first President of the United States. Chernow explores Washington's leadership, character, personal challenges, and political vision, offering readers a comprehensive understanding of his role in shaping the nation. The book delves into themes of courage, integrity, diplomacy, and the burdens of leadership, highlighting Washington's contributions to American independence, governance, and civic culture. Chernow's meticulous research and narrative style provide both historical insight and engaging storytelling, portraying Washington as a complex, resilient, and enduring figure whose legacy continues to influence contemporary society."
757,9780000000090,Alexander the Great,Philip Freeman,2011,Simon & Schuster,12,5,5,"“Alexander the Great” by Philip Freeman is a biography detailing the life, military conquests, and enduring legacy of the Macedonian king. Freeman examines Alexander's upbringing, education under Aristotle, strategic brilliance, and campaigns that created one of the largest empires in history. The book explores themes of ambition, leadership, strategy, and cultural exchange, highlighting both the achievements and controversies of his rule. Readers gain insight into Alexander's personality, motivations, and the historical context of ancient Greece and Persia. Through careful research and engaging narrative, Freeman presents a vivid portrait of a figure whose vision, courage, and tactical skill shaped the course of world history, offering both inspiration and historical understanding."
758,9780000000091,Cleopatra: A Life,Stacy Schiff,2010,Little Brown,12,5,5,"“Cleopatra: A Life” by Stacy Schiff is a biography of the last pharaoh of Egypt, exploring her political acumen, personal relationships, and historical impact. Schiff examines Cleopatra's reign, alliances, and strategies to maintain power, as well as her cultural, diplomatic, and military accomplishments. The book delves into themes of leadership, intelligence, charisma, and resilience, providing readers with a nuanced portrait of Cleopatra beyond popular myths and stereotypes. Through detailed research and compelling storytelling, Schiff presents an in-depth view of her life, highlighting the challenges she faced in a male-dominated political world and the enduring legacy she left on Egyptian history and global imagination."
670,9780000000003,Elon Musk,Ashlee Vance,2015,HarperCollins,12,5,5,"“Elon Musk” by Ashlee Vance presents a detailed biography of the entrepreneur, inventor, and engineer Elon Musk, exploring his ventures such as Tesla, SpaceX, SolarCity, and PayPal. The book examines Musk’s vision for the future, his approach to innovation, risk-taking, and management, as well as the personal and professional challenges he faced. Through interviews with Musk, colleagues, and family, readers gain insight into his work ethic, creativity, and impact on multiple industries. Vance highlights both the triumphs and controversies that shaped Musk’s career, offering a nuanced portrait of a complex and driven figure whose ambitions continue to influence technology, energy, and space exploration worldwide."
759,9780000000092,Marie Antoinette,Stefan Zweig,1932,Penguin,12,5,5,"“Marie Antoinette” by Stefan Zweig is a biography examining the life of the last Queen of France before the French Revolution. Zweig explores her upbringing, marriage, political environment, and personal challenges, offering insight into her character, decisions, and influence. The book delves into themes of power, societal expectation, and personal resilience, highlighting the complexities of her life amidst social upheaval. Readers gain understanding of the historical context of eighteenth-century France, the royal court, and the forces leading to revolution. Zweig combines meticulous research with narrative storytelling to present a sympathetic and nuanced portrait of Marie Antoinette, illuminating her personal struggles, public image, and enduring historical significance."
760,9780000000093,Leonardo da Vinci (Biography),Walter Isaacson,2017,Simon & Schuster,12,5,5,"“Leonardo da Vinci” by Walter Isaacson is a comprehensive biography of the Renaissance genius, exploring his art, inventions, scientific observations, and personality. Isaacson examines da Vinci's curiosity, creativity, and relentless pursuit of knowledge across multiple disciplines. The book highlights themes of innovation, observation, experimentation, and perseverance, illustrating how da Vinci's approach to learning and creativity can inspire readers today. Through detailed research, analysis of notebooks, and narrative storytelling, Isaacson provides a vivid account of da Vinci's life, achievements, and legacy. Readers gain insight into the mind of a polymath who bridged art and science, leaving a lasting impact on human culture and understanding."
762,9780000000095,Edison,Edmund Morris,2019,Random House,12,5,5,"“Edison” by Edmund Morris is a biography of Thomas Edison, chronicling his inventive genius, entrepreneurial endeavors, and enduring impact on technology and society. Morris examines Edison's creative process, experiments, business strategies, and personal life, highlighting his persistence, problem-solving skills, and innovative thinking. The book explores themes of invention, resilience, and societal transformation, providing readers with insights into the challenges and triumphs of one of history's most prolific inventors. Through detailed research and narrative storytelling, Morris presents a vivid account of Edison's life, illustrating how curiosity, determination, and vision can drive technological advancement and shape the modern world."
763,9780000000096,Tesla: Inventor of the Electrical Age,W. Bernard Carlson,2013,Princeton,12,5,5,"“Tesla: Inventor of the Electrical Age” by W. Bernard Carlson is a biography exploring the life, inventions, and legacy of Nikola Tesla. Carlson examines Tesla's contributions to electricity, engineering, and science, as well as the personal challenges, eccentricities, and vision that defined his life. The book delves into themes of innovation, creativity, perseverance, and the balance between genius and practicality. Readers gain insight into Tesla's experimental methods, theoretical work, and influence on modern technology, along with the historical and social context of his time. Through narrative storytelling and meticulous research, Carlson provides a comprehensive account of Tesla's achievements and enduring impact on the electrical age and scientific innovation."
765,9780000000098,The Man Who Knew Infinity,Robert Kanigel,1991,Scribner,12,5,5,"“The Man Who Knew Infinity” by Robert Kanigel is a biography of the Indian mathematician Srinivasa Ramanujan, exploring his genius, collaboration with G.H. Hardy, and personal journey. Kanigel examines Ramanujan's early life, cultural background, and the challenges of navigating academic life in England, as well as his profound contributions to mathematics. The book highlights themes of intellectual brilliance, perseverance, cultural adaptation, and mentorship. Readers gain insight into the human story behind abstract mathematical achievements, understanding both the personal and professional struggles that shaped Ramanujan's legacy. Kanigel's narrative combines research, biography, and storytelling, offering inspiration and insight into the life of one of history's most remarkable mathematicians."
766,9780000000099,Surely You’re Joking (Alt),Richard Feynman,1985,W.W. Norton,12,5,5,"“Surely You’re Joking, Mr. Feynman!” (Alternate Edition) by Richard Feynman is a humorous and insightful collection of anecdotes from the life of the Nobel Prize-winning physicist. Feynman shares experiences from his scientific career, education, and personal life, illustrating his curiosity, problem-solving skills, and unconventional thinking. The book explores themes of creativity, scientific inquiry, resilience, and humor, providing readers with both educational insights and entertaining stories. Feynman's reflections reveal the personality and mindset that contributed to his groundbreaking work in physics and beyond. Through witty storytelling and candid reflection, the book offers inspiration for scientists, learners, and anyone interested in understanding the human side of discovery and intellectual exploration."
767,9780000000100,Feynman Lectures (Bio),James Gleick,1992,Pantheon,12,5,5,"“Feynman Lectures: A Biography” by James Gleick provides an account of Richard Feynman's life, achievements, and influence as a physicist, educator, and thinker. Gleick examines Feynman's contributions to quantum mechanics, teaching, and public engagement with science, highlighting his creativity, curiosity, and impact. The book explores themes of innovation, pedagogy, intellectual exploration, and personal resilience. Readers gain insight into both Feynman's scientific accomplishments and his distinctive personality, including his humor, storytelling, and approach to problem-solving. Through narrative biography and analysis, Gleick presents a rich portrait of Feynman's life and legacy, offering inspiration for learners, educators, and admirers of science."
853,9780000001086,Eat to Live,Joel Fuhrman,2003,Little Brown,13,5,5,"“Eat to Live” by Joel Fuhrman is a comprehensive guide to nutrition, health, and lifestyle, focusing on plant-based eating for optimal well-being. Fuhrman presents scientific research, dietary strategies, and practical advice to prevent disease, enhance energy, and promote longevity. The book explores themes of health, wellness, discipline, and personal responsibility, offering readers guidance on transforming eating habits and understanding the relationship between nutrition and overall health. Through detailed explanations, meal plans, and evidence-based recommendations, “Eat to Live” empowers readers to adopt sustainable, healthful habits, improve body composition, and reduce the risk of chronic illness, providing both educational value and practical tools for lasting lifestyle change."
768,9780000001001,The 4-Hour Body,Timothy Ferriss,2010,Crown,13,5,5,"“The 4-Hour Body” by Timothy Ferriss is a comprehensive guide to rapid physical transformation and lifestyle optimization. Ferriss explores unconventional methods to improve body composition, strength, endurance, and overall health, combining scientific research, personal experimentation, and anecdotal evidence. The book covers topics such as fat loss, muscle gain, sleep optimization, injury prevention, and performance enhancement. Readers gain insight into innovative techniques, data-driven experimentation, and practical strategies to achieve measurable results in physical fitness. Ferriss emphasizes self-tracking, biohacking, and efficiency, providing detailed protocols, tips, and exercises for readers seeking to optimize their body and lifestyle, making science and experimentation accessible for personal transformation."
769,9780000001002,How Not to Die,Michael Greger,2015,Flatiron,13,5,5,"“How Not to Die” by Michael Greger explores the role of diet, nutrition, and lifestyle in preventing and reversing chronic diseases. Greger examines scientific evidence linking plant-based nutrition to health outcomes, discussing heart disease, cancer, diabetes, and other conditions. The book provides actionable recommendations, meal planning strategies, and insights into food choices that can enhance longevity and quality of life. Readers gain a deeper understanding of how nutrition influences physiology, disease prevention, and overall well-being. Greger emphasizes evidence-based approaches, offering practical advice, tips, and lifestyle modifications to support optimal health. Through accessible explanations and clear guidance, the book empowers readers to take control of their health through informed dietary decisions."
770,9780000001003,Eat to Beat Disease,William Li,2019,Grand Central,13,5,5,"“Eat to Beat Disease” by William Li is a science-based guide to nutrition and disease prevention, emphasizing the role of specific foods in maintaining health and combating illness. Li examines the impact of diet on cancer, cardiovascular disease, diabetes, neurodegeneration, and other chronic conditions, highlighting bioactive compounds and mechanisms that support the body's defenses. The book provides practical advice on food selection, meal planning, and lifestyle integration to optimize immunity and health. Readers gain insight into the science of nutrition, the relationship between diet and disease, and actionable strategies to improve well-being. Through research-backed explanations and practical recommendations, Li empowers readers to make informed choices that enhance longevity, resilience, and overall quality of life."
771,9780000001004,The Plant-Based Diet for Beginners,Gabriel Miller,2019,Rockridge,13,5,5,"“The Plant-Based Diet for Beginners” by Gabriel Miller is a practical guide for transitioning to a plant-based lifestyle. The book offers guidance on nutrition, meal planning, grocery shopping, and cooking, emphasizing whole, nutrient-dense foods. Miller explores the health benefits of plant-based diets, including weight management, disease prevention, and increased energy. Readers gain insights into practical strategies for adopting plant-based habits, overcoming challenges, and creating balanced, flavorful meals. The book includes recipes, tips, and step-by-step guidance to support beginners in making sustainable dietary changes. Through clear instruction and motivational content, it empowers readers to embrace a plant-based diet that promotes long-term health, vitality, and wellness."
772,9780000001005,The Complete Ketogenic Diet for Beginners,Amy Ramos,2017,Rockridge,13,5,5,"“The Complete Ketogenic Diet for Beginners” by Amy Ramos is a practical guide to adopting a ketogenic lifestyle for weight management, improved energy, and metabolic health. The book explains the science behind ketosis, macronutrient ratios, and how the ketogenic diet affects metabolism and overall well-being. Ramos provides meal planning strategies, recipes, and tips for navigating common challenges, ensuring readers can implement the diet safely and effectively. Themes include nutritional science, habit formation, and sustainable lifestyle change. Readers gain a clear understanding of how to start, maintain, and optimize a ketogenic diet to achieve personal health goals. The book combines education, guidance, and actionable advice, making the ketogenic approach accessible for beginners seeking better health outcomes."
773,9780000001006,Bigger Leaner Stronger,Michael Matthews,2014,Legion,13,5,5,"“Bigger Leaner Stronger” by Michael Matthews is a fitness guide focused on strength training, fat loss, and building an athletic physique. Matthews emphasizes evidence-based exercise programs, proper nutrition, supplementation, and mindset strategies to achieve optimal results. The book includes workout routines, progressive training techniques, dietary guidance, and motivational principles for sustained improvement. Readers gain insight into the science of muscle growth, metabolism, and body composition, learning how to maximize efficiency in the gym and kitchen. Matthews also addresses common misconceptions, pitfalls, and strategies for overcoming plateaus, providing readers with a comprehensive roadmap to achieve bigger, leaner, and stronger results in a structured, sustainable way."
774,9780000001007,Thinner Leaner Stronger,Michael Matthews,2015,Legion,13,5,5,"“Thinner Leaner Stronger” by Michael Matthews is a fitness and nutrition guide designed for individuals seeking to lose fat, build lean muscle, and enhance overall health. The book provides evidence-based exercise routines, dietary strategies, and motivational guidance to support long-term lifestyle transformation. Matthews explains scientific principles behind metabolism, muscle growth, and fat loss, offering practical, actionable steps for sustainable results. Readers gain insights into workout programming, nutrition planning, supplementation, and habit formation to achieve their fitness goals efficiently. Through clear instructions and motivational support, the book empowers readers to develop a healthier, stronger, and more confident body while emphasizing sustainable lifestyle changes over quick fixes."
775,9780000001008,The Blue Zones,Dan Buettner,2008,National Geographic,13,5,5,"“The Blue Zones” by Dan Buettner explores regions around the world where people live longer, healthier lives, analyzing lifestyle, diet, social practices, and environmental factors contributing to longevity. Buettner identifies patterns in nutrition, physical activity, social engagement, and purpose that are common among these populations. The book provides actionable advice for adopting similar habits to improve well-being, health span, and quality of life. Readers gain insights into behavioral, cultural, and nutritional factors that promote longevity, along with strategies to incorporate these practices into daily life. Buettner combines research, interviews, and storytelling to inspire readers to embrace lifestyle changes that foster vitality, resilience, and extended healthy living."
776,9780000001009,The Blue Zones Kitchen,Dan Buettner,2019,National Geographic,13,5,5,"“The Blue Zones Kitchen” by Dan Buettner is a companion to “The Blue Zones,” providing practical guidance, recipes, and nutritional insights based on the diets of the world's longest-living populations. The book emphasizes plant-based, nutrient-rich foods, traditional cooking techniques, and sustainable habits that promote health and longevity. Readers learn how to incorporate these practices into daily life, including meal planning, preparation, and ingredient selection. Buettner explains the scientific and cultural foundations of these diets, highlighting their role in disease prevention, vitality, and longevity. Through practical instruction, storytelling, and detailed recipes, the book empowers readers to adopt healthy, sustainable eating habits inspired by real-world longevity practices."
777,9780000001010,Atomic Habits,James Clear,2018,Avery,13,5,5,"“Atomic Habits” by James Clear explores the power of small, consistent changes in shaping behavior and achieving long-term success. Clear presents strategies for habit formation, breaking negative patterns, and designing systems that support personal and professional goals. The book combines psychological research, practical examples, and actionable guidance to demonstrate how incremental improvements compound over time. Readers gain insight into behavior change, motivation, and performance optimization, learning how to create environments and routines that make desired behaviors easier and undesirable ones more difficult. Clear emphasizes the importance of identity, focus, and feedback loops, providing a structured approach for cultivating lasting habits that lead to measurable, positive outcomes."
778,9780000001011,Why We Sleep,Matthew Walker,2017,Scribner,13,5,5,"“Why We Sleep” by Matthew Walker is a scientific exploration of the importance of sleep for physical, mental, and cognitive health. Walker examines the stages of sleep, the effects of sleep deprivation, and the role of sleep in memory, learning, immune function, and emotional regulation. The book provides evidence-based strategies for improving sleep quality and quantity, discussing lifestyle, environmental, and behavioral interventions. Readers gain insights into the biological, neurological, and psychological processes of sleep, as well as the societal implications of widespread sleep loss. Walker combines research, case studies, and engaging explanations to convey the critical role sleep plays in overall health, longevity, and well-being, empowering readers to prioritize and optimize this essential biological function."
779,9780000001012,Spark,John Ratey,2008,Little Brown,13,5,5,"“Spark” by John Ratey examines the connection between physical exercise and brain performance, mental health, and cognitive function. Ratey explores how exercise affects mood, learning, memory, and neurological resilience, drawing on scientific studies and real-world examples. The book emphasizes the importance of regular physical activity for optimizing brain function, reducing stress, and preventing cognitive decline. Readers gain insights into the physiological and psychological mechanisms by which exercise enhances mental and emotional well-being, and practical recommendations for incorporating physical activity into daily life. Through evidence-based analysis and accessible writing, “Spark” provides a compelling case for the transformative power of movement in supporting both body and mind."
780,9780000001013,The Obesity Code,Jason Fung,2016,Greystone,13,5,5,"“The Obesity Code” by Jason Fung explores the underlying causes of obesity, challenging conventional wisdom about calories and diet. Fung examines hormonal regulation, insulin resistance, intermittent fasting, and lifestyle factors that influence weight gain and metabolic health. The book provides evidence-based strategies for achieving sustainable weight loss, improving metabolic function, and enhancing overall health. Readers gain insights into the physiology of obesity, the impact of dietary patterns, and practical methods for managing body composition. Through scientific explanation, case studies, and actionable guidance, Fung offers a roadmap for addressing obesity at its root causes rather than merely focusing on calorie restriction, empowering readers to achieve long-term health outcomes."
781,9780000001014,The Diabetes Code,Jason Fung,2018,Greystone,13,5,5,"“The Diabetes Code” by Jason Fung is a comprehensive guide to understanding, preventing, and managing type 2 diabetes through diet, fasting, and lifestyle interventions. Fung examines the role of insulin, blood sugar regulation, and metabolic dysfunction in the development of diabetes. The book provides practical strategies, evidence-based recommendations, and case studies to help readers improve glucose control, reduce medication dependency, and prevent complications. Readers gain insights into the physiological mechanisms underlying diabetes, the impact of nutrition, and actionable approaches to restore metabolic health. Through accessible explanations and guidance, Fung empowers individuals to take control of their condition and make informed lifestyle choices that support long-term well-being."
782,9780000001015,Fast. Feast. Repeat.,Gin Stephens,2020,St. Martin's,13,5,5,"“Fast. Feast. Repeat.” by Gin Stephens is a comprehensive guide to intermittent fasting, exploring the science, strategies, and benefits of time-restricted eating. Stephens explains different fasting protocols, metabolic effects, and practical approaches to integrate fasting into daily life. The book addresses weight management, energy levels, health optimization, and sustainable lifestyle changes. Readers gain insights into the physiological, psychological, and practical aspects of fasting, including tips for starting, maintaining, and troubleshooting fasting routines. Through research-backed explanations and accessible guidance, the book empowers readers to understand their bodies, optimize eating patterns, and achieve improved health outcomes using intermittent fasting as a structured, flexible, and effective approach."
906,9780000002039,French Lessons,Peter Mayle,2001,Vintage,14,5,5,"“French Lessons” by Peter Mayle continues the author’s exploration of life in Provence, detailing experiences with language, local customs, and cultural adaptation. Mayle blends humor, personal insight, and observation to explore themes of cultural immersion, learning, and personal growth. Readers gain understanding of French society, regional traditions, and the challenges and delights of living abroad. Through engaging narrative, descriptive prose, and reflective commentary, “French Lessons” provides both entertainment and practical insight into adapting to a new culture."
785,9780000001018,Outlive,Peter Attia,2023,Harmony,13,5,5,"“Outlive” by Peter Attia is a guide to longevity, health optimization, and disease prevention, focusing on evidence-based strategies for extending lifespan and enhancing quality of life. Attia explores nutrition, exercise, sleep, mental health, and medical interventions that contribute to long-term well-being. The book emphasizes proactive, personalized approaches to health, providing readers with actionable guidance for reducing risk factors, maintaining functionality, and improving resilience. Readers gain insights into physiology, preventive medicine, and lifestyle strategies grounded in scientific research. Through clear explanations, practical advice, and case studies, “Outlive” empowers individuals to take control of their health and make informed decisions that support longevity and vitality."
786,9780000001019,The Longevity Diet,Valter Longo,2018,Avery,13,5,5,"“The Longevity Diet” by Valter Longo presents a science-based approach to diet and nutrition aimed at promoting health, reducing disease risk, and extending lifespan. Longo explores fasting-mimicking diets, nutrient timing, plant-based nutrition, and other strategies that optimize metabolic health and longevity. The book provides practical guidance, meal planning, and research-backed explanations for implementing dietary interventions. Readers gain insights into the relationship between nutrition, aging, and disease prevention, along with tools for sustainable lifestyle change. Through evidence-based strategies and accessible explanations, Longo empowers readers to make informed dietary choices that support long-term health, vitality, and resilience."
787,9780000001020,"Eat Fat, Get Thin",Mark Hyman,2016,Little Brown,13,5,5,"“Eat Fat, Get Thin” by Mark Hyman challenges traditional notions of fat consumption, advocating for a diet that includes healthy fats to improve metabolism, energy, and overall health. Hyman explains the role of different fats, insulin regulation, inflammation, and nutritional balance in promoting weight management and disease prevention. The book provides actionable dietary strategies, recipes, and lifestyle guidance to support metabolic health and sustainable habits. Readers gain insights into the science behind fat, carbohydrates, and protein, along with practical tools to optimize body composition and vitality. Through clear explanation and evidence-based recommendations, Hyman empowers readers to embrace healthy fats as part of a balanced, effective nutritional approach."
789,9780000001022,In Defense of Food,Michael Pollan,2008,Penguin,13,5,5,"“In Defense of Food” by Michael Pollan is a comprehensive exploration of modern nutrition, dietary habits, and the cultural context of eating. Pollan advocates for a return to whole, minimally processed foods, emphasizing plant-based meals and traditional dietary patterns. The book examines the pitfalls of processed food, the influence of the food industry, and the impact of modern diets on health. Readers gain practical advice for making healthier choices, meal planning, and understanding nutrition principles. Through research, narrative, and clear recommendations, Pollan empowers readers to navigate contemporary food culture, adopt sustainable eating habits, and improve overall health, energy, and longevity through informed dietary decisions."
790,9780000001023,Cooked,Michael Pollan,2013,Penguin,13,5,5,"“Cooked” by Michael Pollan explores the transformative power of cooking and the relationship between food, culture, and health. Pollan examines how cooking enhances nutrition, social connection, and culinary creativity, emphasizing the benefits of preparing meals from whole ingredients. The book covers the historical, scientific, and cultural dimensions of cooking, providing readers with practical insights into meal preparation, ingredient selection, and cooking techniques. Readers gain understanding of how home cooking influences health, family dynamics, and environmental sustainability. Through engaging storytelling and informative guidance, Pollan encourages readers to embrace cooking as a pathway to healthier eating, richer experiences, and a deeper connection with food and culture."
792,9780000001025,Grain Brain,David Perlmutter,2013,Little Brown,13,5,5,"“Grain Brain” by David Perlmutter explores the relationship between diet, brain health, and neurological function. Perlmutter emphasizes the impact of carbohydrates, gluten, and sugar on cognitive performance, mental health, and the risk of neurodegenerative diseases. The book provides scientific explanations, dietary strategies, and practical guidance for protecting and enhancing brain function. Readers gain insight into nutritional neuroscience, inflammation, and lifestyle factors that influence cognition and emotional well-being. Through evidence-based recommendations and actionable steps, Perlmutter empowers readers to make dietary and lifestyle choices that support optimal brain health, prevent cognitive decline, and promote long-term neurological resilience."
793,9780000001026,Brain Maker,David Perlmutter,2015,Little Brown,13,5,5,"“Brain Maker” by David Perlmutter explores the crucial connection between gut health and brain function, showing how the microbiome affects mood, cognition, immunity, and neurological resilience. The book presents scientific research, practical dietary strategies, and lifestyle modifications to optimize gut microbiota. Perlmutter emphasizes the role of fermented foods, probiotics, fiber, and anti-inflammatory nutrition in maintaining both gut and brain health. Readers gain insight into the mechanisms linking gut bacteria to mental clarity, emotional balance, and long-term cognitive performance. Through detailed guidance, actionable steps, and evidence-based explanations, the book empowers readers to nurture their microbiome for overall wellness and enhanced neurological function."
794,9780000001027,Clean Gut,Alejandro Junger,2013,Harper,13,5,5,"“Clean Gut” by Alejandro Junger provides a science-based program to detoxify the body, restore gut health, and improve overall wellness. Junger examines the impact of inflammation, poor diet, and environmental toxins on digestive function and systemic health. The book offers practical strategies, meal plans, recipes, and lifestyle recommendations to repair the gut lining, balance microbiota, and enhance metabolic efficiency. Readers learn the importance of nutrient-dense foods, elimination diets, and holistic approaches for maintaining digestive and overall health. Through comprehensive explanations and actionable steps, the book empowers individuals to improve energy, mood, immunity, and long-term wellness by addressing the root causes of gut dysfunction."
795,9780000001028,Clean Eats,Alejandro Junger,2014,Harper,13,5,5,"“Clean Eats” by Alejandro Junger is a practical guide to healthy, anti-inflammatory, and nutrient-rich eating that supports digestive health and overall well-being. Junger emphasizes whole, unprocessed foods, mindful eating, and recipes that are both flavorful and therapeutic. The book provides meal planning strategies, cooking tips, and step-by-step instructions to help readers transition to a sustainable, gut-friendly lifestyle. Readers gain insight into the connection between diet, inflammation, and chronic disease, as well as practical tools to improve energy, immunity, and vitality. Through clear guidance and accessible recipes, “Clean Eats” empowers readers to cultivate long-term health, balance, and wellness through nutrition."
796,9780000001029,Eat Dirt,Josh Axe,2016,Harper,13,5,5,"“Eat Dirt” by Josh Axe explores the vital relationship between gut bacteria, soil microbes, and human health. Axe highlights how modern lifestyles, diet, and environmental factors negatively impact the microbiome, contributing to chronic illness, inflammation, and autoimmune disorders. The book offers practical advice on probiotics, prebiotics, fermented foods, and lifestyle practices to restore gut flora and strengthen immunity. Readers gain an understanding of the gut-brain connection, the immune system, and the critical role of microbiome diversity in overall wellness. Through science-backed explanations and actionable guidance, “Eat Dirt” encourages readers to embrace strategies that promote gut restoration, digestive balance, and lifelong health."
797,9780000001030,The Autoimmune Solution,Amy Myers,2015,Harper,13,5,5,"“The Autoimmune Solution” by Amy Myers provides a comprehensive approach to preventing and managing autoimmune diseases through diet, lifestyle, and environmental interventions. Myers examines the root causes of autoimmune disorders, including gut dysfunction, chronic inflammation, and toxin exposure. The book presents actionable strategies such as elimination diets, nutrient optimization, stress management, and detoxification protocols. Readers gain insights into understanding autoimmune triggers, supporting immune regulation, and reducing symptoms naturally. Through evidence-based guidance, practical advice, and step-by-step plans, Myers empowers readers to take control of their health, improve immune function, and achieve sustainable well-being by addressing the underlying causes of autoimmune conditions."
798,9780000001031,The Whole30,Melissa Hartwig,2015,Houghton Mifflin,13,5,5,"“The Whole30” by Melissa Hartwig is a 30-day nutritional reset program designed to eliminate processed foods, sugar, grains, dairy, and legumes to identify food sensitivities and promote overall health. The book provides step-by-step guidelines, meal planning strategies, and practical tips to help readers successfully complete the program. Hartwig emphasizes the benefits of whole, nutrient-dense foods for weight management, energy, mental clarity, and digestive health. Readers gain insights into habit formation, mindful eating, and sustainable lifestyle changes. Through structured guidance, motivational support, and science-based explanations, “The Whole30” empowers readers to transform their eating habits, improve health, and establish a foundation for long-term wellness."
799,9780000001032,It Starts with Food,Dallas Hartwig,2012,Victory Belt,13,5,5,"“It Starts with Food” by Dallas Hartwig provides a comprehensive overview of the Whole30 program, explaining how nutrition, lifestyle, and food choices impact physical health, energy, and mental clarity. Hartwig explores the science behind inflammation, sugar dependency, and food sensitivities while offering practical strategies for dietary change. The book includes meal plans, recipes, and guidelines to support readers in eliminating problematic foods and resetting their metabolism. Readers gain insight into the physiological and psychological benefits of whole-food nutrition and learn how to adopt sustainable habits for long-term wellness. Through clear explanations and actionable advice, the book empowers readers to take control of their health and develop a balanced, nourishing relationship with food."
800,9780000001033,Practical Paleo,Diane Sanfilippo,2012,Victory Belt,13,5,5,"“Practical Paleo” by Diane Sanfilippo offers a detailed guide to adopting a paleo lifestyle with practical meal plans, recipes, and nutritional advice. Sanfilippo emphasizes whole, unprocessed foods, nutrient density, and the elimination of grains, dairy, and refined sugar to improve health, energy, and metabolic function. The book provides step-by-step guidance for transitioning to paleo eating, addressing common challenges and offering solutions for meal planning, shopping, and cooking. Readers gain insight into the science of nutrition, the impact of food on the body, and strategies to support digestion, immunity, and overall wellness. Through actionable recommendations and practical recipes, “Practical Paleo” empowers readers to implement sustainable dietary habits for long-term health and vitality."
859,9780000001092,The Pegan Diet,Mark Hyman,2021,Little Brown,13,5,5,"“The Pegan Diet” by Mark Hyman combines principles of paleo and vegan diets to promote health, weight management, and disease prevention. Hyman explains the science behind food choices, macronutrient balance, and metabolic effects, offering practical guidance for daily nutrition. The book emphasizes whole, unprocessed foods, plant-based meals, and mindful consumption, encouraging long-term wellness. Readers gain understanding of dietary strategies, nutritional science, and lifestyle integration for better health outcomes. Through clear explanation, research, and actionable advice, “The Pegan Diet” provides a comprehensive framework for improving diet and well-being."
801,9780000001034,The Paleo Solution,Robb Wolf,2010,Victory Belt,13,5,5,"“The Paleo Solution” by Robb Wolf explores the principles of paleo nutrition, ancestral health, and lifestyle optimization. Wolf examines the effects of modern diets on metabolism, inflammation, and chronic disease while presenting evidence-based strategies for eating, exercise, and habit formation aligned with human evolutionary biology. The book provides meal planning guidance, recipes, and practical tips for implementing paleo principles in everyday life. Readers gain insight into nutrition science, metabolic health, and strategies to improve energy, body composition, and resilience. Through comprehensive explanations and actionable steps, “The Paleo Solution” empowers readers to adopt a sustainable, whole-food approach to eating and living for optimal health and longevity."
802,9780000001035,The Bulletproof Diet,Dave Asprey,2014,Rodale,13,5,5,"“The Bulletproof Diet” by Dave Asprey presents a high-performance nutrition and lifestyle program aimed at improving energy, mental clarity, weight management, and overall well-being. Asprey emphasizes biohacking principles, healthy fats, intermittent fasting, and elimination of inflammatory foods. The book provides meal planning, recipes, and guidance on supplements, sleep, and exercise to optimize performance and health. Readers gain insight into the science of metabolism, neurobiology, and longevity strategies, along with practical approaches to apply these concepts in daily life. Through evidence-based recommendations and actionable steps, “The Bulletproof Diet” empowers readers to maximize energy, mental performance, and overall vitality while supporting sustainable health habits."
803,9780000001036,Super Human,Dave Asprey,2019,Harper,13,5,5,"“Super Human” by Dave Asprey explores advanced biohacking techniques, nutrition strategies, and lifestyle interventions to enhance physical and cognitive performance. Asprey provides scientific explanations, practical tips, and protocols for optimizing metabolism, brain function, and longevity. The book covers areas such as supplements, fasting, exercise, sleep, stress management, and technological tools to improve resilience and vitality. Readers gain insights into personalized approaches for health optimization, performance enhancement, and long-term wellness. Through detailed guidance and evidence-based advice, “Super Human” empowers readers to take control of their biology, optimize daily functioning, and achieve peak performance across multiple domains of life."
694,9780000000027,Benjamin Franklin: An American Life,Walter Isaacson,2003,Simon & Schuster,12,5,5,"“Benjamin Franklin: An American Life” by Walter Isaacson is a biography exploring the life, inventions, writings, and political career of Benjamin Franklin. Isaacson examines Franklin’s early life, scientific contributions, diplomatic efforts, and role as a founding father. The book highlights his intellect, creativity, and moral philosophy, as well as the personal and social influences that shaped his achievements. Readers gain insight into the development of American society, governance, and innovation through Franklin’s experiences. Through careful research and engaging narrative, the biography provides a comprehensive view of Franklin’s life, accomplishments, and enduring legacy."
804,9780000001037,Head Strong,Dave Asprey,2017,Harper,13,5,5,"“Head Strong” by Dave Asprey focuses on optimizing brain function, cognitive performance, and mental clarity through diet, biohacking, and lifestyle adjustments. Asprey emphasizes nutrition, supplementation, sleep, and exercise strategies that support neural efficiency and resilience. The book provides actionable guidance, scientific explanations, and practical tools to enhance focus, memory, mood, and overall brain health. Readers gain insights into personalized approaches for mental optimization, strategies to reduce cognitive decline, and methods to support long-term neurological vitality. Through research-backed recommendations and step-by-step protocols, “Head Strong” empowers readers to improve cognitive performance and maintain optimal brain health throughout life."
805,9780000001038,The End of Dieting,Joel Fuhrman,2014,Harper,13,5,5,"“The End of Dieting” by Joel Fuhrman presents a science-based approach to achieving sustainable weight management, health improvement, and disease prevention through nutrient-dense, plant-rich diets. Fuhrman examines the physiological and metabolic effects of food choices, offering evidence-based strategies for optimizing health without restrictive dieting or calorie obsession. The book provides meal plans, recipes, and lifestyle guidance for long-term wellness, focusing on nutrient quality, anti-inflammatory eating, and whole-food principles. Readers gain insight into the science of nutrition, the impact of dietary patterns on chronic disease, and practical tools to achieve health and vitality. Through accessible explanations and actionable recommendations, Fuhrman empowers readers to adopt sustainable eating habits that promote longevity and overall well-being."
806,9780000001039,Eat for Life,Joel Fuhrman,2020,Harper,13,5,5,"“Eat for Life” by Joel Fuhrman is a comprehensive guide to healthful, nutrient-dense eating for disease prevention, weight management, and longevity. Fuhrman emphasizes plant-based, whole-food nutrition, providing detailed explanations of how different foods affect metabolism, immunity, and chronic disease risk. The book offers meal planning strategies, recipes, and practical guidance for adopting a sustainable, health-promoting diet. Readers gain insight into the scientific principles behind optimal nutrition, the role of micronutrients, and strategies for improving energy, body composition, and long-term wellness. Through evidence-based advice and actionable steps, “Eat for Life” empowers readers to make informed dietary choices that enhance overall health, resilience, and quality of life."
807,9780000001040,Fit for Life,Harvey Diamond,1985,Warner,13,5,5,"“Fit for Life” by Harvey Diamond provides guidance on digestive health, nutrition, and lifestyle strategies to achieve optimal energy, weight management, and wellness. Diamond explores food combining principles, natural eating patterns, and habits that support metabolic balance and overall vitality. The book offers practical recommendations, meal planning guidance, and approaches to improve digestion, nutrient absorption, and energy levels. Readers gain insight into the relationships between diet, health, and daily habits, learning methods to optimize well-being through mindful, structured eating practices. Through clear instruction and practical advice, “Fit for Life” encourages readers to embrace dietary and lifestyle changes that foster long-term health, balance, and vitality."
860,9780000001093,Food Fix,Mark Hyman,2020,Little Brown,13,5,5,"“Food Fix” by Mark Hyman explores the complex relationship between modern food systems, health, and public policy. Hyman examines industrial agriculture, processed foods, and nutritional misinformation, advocating for systemic changes to improve diet and reduce chronic disease. The book provides insight into sustainable eating, environmental impact, and strategies for individual and collective health improvement. Readers gain understanding of food policy, nutrition science, and actionable steps to enhance well-being. Through research, analysis, and practical recommendations, “Food Fix” empowers readers to navigate food choices and advocate for healthier systems."
674,9780000000007,Unbroken,Laura Hillenbrand,2010,Random House,12,5,5,"“Unbroken” by Laura Hillenbrand recounts the extraordinary life of Louis Zamperini, an Olympic runner and World War II bombardier who survived being shot down, drifting at sea, and brutal imprisonment as a Japanese POW. Hillenbrand explores Zamperini’s resilience, courage, and indomitable spirit, detailing his physical and psychological struggles, survival strategies, and post-war challenges. The book combines historical context, personal narrative, and meticulous research to highlight human endurance, perseverance, and redemption. Readers gain a vivid understanding of the hardships faced by Zamperini and the remarkable strength of the human spirit. Through compelling storytelling, “Unbroken” inspires resilience, hope, and determination in the face of adversity."
702,9780000000035,Seabiscuit,Laura Hillenbrand,2001,Ballantine,12,5,5,"“Seabiscuit” by Laura Hillenbrand chronicles the life of the underdog racehorse Seabiscuit, his owners, and the team that helped him become a symbol of hope during the Great Depression. Hillenbrand blends biography, history, and sports narrative to explore the horse’s remarkable achievements and the human stories intertwined with his success. Readers gain an understanding of perseverance, teamwork, and the cultural significance of sports heroes. Through vivid storytelling and extensive research, the book highlights the resilience, determination, and spirit that inspired a nation and cemented Seabiscuit’s place in American history."
677,9780000000010,Angela’s Ashes,Frank McCourt,1996,Scribner,12,5,5,"“Angela’s Ashes” by Frank McCourt is a memoir depicting his impoverished childhood in Limerick, Ireland, and the struggles of his family amid hardship and adversity. McCourt recounts his early experiences with wit, humor, and vivid storytelling, capturing both the challenges and the resilience of his upbringing. The book explores themes of poverty, family, education, and determination, offering a deeply personal perspective on growth and survival. Readers gain insight into the social, cultural, and economic circumstances of McCourt’s youth, alongside the personal lessons that shaped his character. Through evocative narrative and candid reflection, “Angela’s Ashes” provides an inspiring story of endurance, hope, and the human capacity to overcome adversity."
678,9780000000011,Shoe Dog,Phil Knight,2016,Scribner,12,5,5,"“Shoe Dog” by Phil Knight is the memoir of the co-founder of Nike, detailing the early struggles, risks, and triumphs in building one of the world’s most iconic brands. Knight recounts the challenges of entrepreneurship, financial uncertainty, product development, and competition, as well as the lessons learned along the way. The book provides a candid and personal look at the creative and business processes behind Nike’s growth, emphasizing innovation, persistence, and leadership. Readers gain insight into the mindset, resilience, and strategic thinking required to create a global company. Through honest storytelling and engaging narrative, “Shoe Dog” inspires entrepreneurs, business leaders, and anyone seeking to overcome challenges and pursue their ambitions."
679,9780000000012,Educated,Tara Westover,2018,Random House,12,5,5,"“Educated” by Tara Westover is a memoir recounting her journey from growing up in a strict and isolated family in rural Idaho to earning a PhD from Cambridge University. Westover reflects on her struggles with education, family dynamics, and self-discovery, highlighting the transformative power of knowledge and critical thinking. The book explores themes of resilience, identity, and the pursuit of learning against significant obstacles. Readers gain an intimate understanding of the challenges she overcame, the sacrifices made, and the personal growth achieved through education. Through candid storytelling and reflective insight, “Educated” inspires readers to value learning, question assumptions, and pursue personal and intellectual growth."
681,9780000000014,Born a Crime,Trevor Noah,2016,Spiegel & Grau,12,5,5,"“Born a Crime” by Trevor Noah is a memoir detailing the comedian’s childhood in apartheid and post-apartheid South Africa, highlighting the complexities of race, identity, and family. Noah recounts his experiences with wit, humor, and poignancy, exploring the challenges of growing up as a mixed-race child in a racially divided society. The book delves into family relationships, societal constraints, and personal resilience, providing insight into cultural, historical, and social dynamics. Readers gain a vivid understanding of Noah’s life, the impact of systemic injustice, and the ways humor and perspective can navigate adversity. Through engaging storytelling, “Born a Crime” inspires reflection, empathy, and an appreciation of resilience and personal growth."
682,9780000000015,When Breath Becomes Air,Paul Kalanithi,2016,Random House,12,5,5,"“When Breath Becomes Air” by Paul Kalanithi is a profound memoir reflecting on life, mortality, and the meaning of existence. Kalanithi, a neurosurgeon diagnosed with terminal lung cancer, explores his experiences as a physician and patient, contemplating the intersections of medicine, identity, and mortality. The book combines personal narrative, philosophical reflection, and literary eloquence to examine human vulnerability, purpose, and the pursuit of a meaningful life. Readers gain insight into confronting mortality, making choices with integrity, and cherishing relationships and accomplishments. Through deeply moving storytelling, “When Breath Becomes Air” inspires reflection on life, death, and what it means to live fully and authentically."
683,9780000000016,Einstein: His Life and Universe,Walter Isaacson,2007,Simon & Schuster,12,5,5,"“Einstein: His Life and Universe” by Walter Isaacson is an in-depth biography of Albert Einstein, exploring both his scientific achievements and personal life. Isaacson draws on extensive research, including letters and personal writings, to provide insight into Einstein’s revolutionary theories, such as relativity, and their impact on physics and the world. The book delves into Einstein’s intellectual curiosity, creativity, and the challenges he faced in both professional and personal spheres. Readers gain an understanding of the scientific process, ethical considerations, and the human side of one of history’s most iconic thinkers. Through detailed narrative and analysis, the biography illuminates Einstein’s genius and enduring legacy."
684,9780000000017,Churchill: A Life,Martin Gilbert,1991,Henry Holt,12,5,5,"“Churchill: A Life” by Martin Gilbert is a comprehensive biography of Winston Churchill, chronicling his political career, leadership during World War II, and personal life. Gilbert examines Churchill’s early years, military service, political achievements, and the decisions that shaped modern history. The book provides insight into his character, resilience, and strategic thinking, as well as his flaws and personal struggles. Readers gain a deep understanding of Churchill’s influence on global events, diplomacy, and leadership during crises. Through thorough research and detailed narrative, the biography presents a complete portrait of one of the 20th century’s most influential leaders."
686,9780000000019,Titan: The Life of John D. Rockefeller,Ron Chernow,1998,Random House,12,5,5,"“Titan: The Life of John D. Rockefeller” by Ron Chernow is a comprehensive biography of John D. Rockefeller, the founder of Standard Oil and one of history’s wealthiest individuals. Chernow explores Rockefeller’s early life, business strategies, philanthropy, and influence on American industry and society. The book examines his leadership style, ethical dilemmas, and the cultural and economic context of his era. Readers gain insight into the complexities of wealth, corporate power, and social responsibility. Through meticulous research and engaging narrative, “Titan” provides a detailed portrait of Rockefeller’s achievements, challenges, and lasting impact on the modern world."
690,9780000000023,Dreams from My Father,Barack Obama,1995,Crown,12,5,5,"“Dreams from My Father” by Barack Obama is a memoir tracing his life from childhood through his early adult years, exploring his identity, family, and community. Obama reflects on his experiences growing up with diverse cultural influences, his educational journey, and his work in community organizing. The book explores themes of self-discovery, racial identity, and social responsibility. Readers gain insight into Obama’s formative experiences, challenges, and values that shaped his worldview and future leadership. Through eloquent narrative and reflective storytelling, “Dreams from My Father” provides an intimate portrait of personal growth and the shaping of a public figure."
691,9780000000024,I Am Malala,Malala Yousafzai,2013,Little Brown,12,5,5,"“I Am Malala” by Malala Yousafzai is the memoir of the youngest Nobel Peace Prize laureate, recounting her life in Pakistan, her advocacy for girls’ education, and her survival of an assassination attempt. Yousafzai shares her experiences growing up in a region affected by Taliban rule, the challenges she faced, and her determination to pursue education and human rights. The book explores courage, activism, and the transformative power of knowledge. Readers gain insight into cultural, political, and social obstacles, as well as the strength and resilience required to stand up for equality and justice. Through compelling narrative, “I Am Malala” inspires advocacy, empowerment, and global awareness."
692,9780000000025,Leonardo da Vinci,Walter Isaacson,2017,Simon & Schuster,12,5,5,"“Leonardo da Vinci” by Walter Isaacson is a biography exploring the life, work, and genius of the Renaissance polymath. Isaacson examines Leonardo’s art, scientific inquiry, inventions, and insatiable curiosity, connecting his creative processes across multiple disciplines. The book delves into his notebooks, observations, and personal challenges, providing insight into his innovative thinking and relentless pursuit of knowledge. Readers gain understanding of Leonardo’s contributions to art, science, and engineering, as well as the intellectual mindset that enabled his extraordinary accomplishments. Through rich narrative and meticulous research, the biography offers a comprehensive view of Leonardo da Vinci’s enduring legacy."
695,9780000000028,Kitchen Confidential,Anthony Bourdain,2000,Ecco,12,5,5,"“Kitchen Confidential” by Anthony Bourdain is a memoir revealing the inner workings, culture, and experiences of the professional culinary world. Bourdain shares stories from his career as a chef, exploring the challenges, creativity, and intensity of working in kitchens. The book provides insight into the personalities, hierarchy, and behind-the-scenes realities of the restaurant industry. Readers gain understanding of the dedication, skill, and lifestyle required to succeed in professional cooking, along with humorous and candid anecdotes. Through engaging storytelling and honest reflection, “Kitchen Confidential” offers a vivid, entertaining, and revealing portrait of culinary life."
696,9780000000029,Persepolis,Marjane Satrapi,2003,Pantheon,12,5,5,"“Persepolis” by Marjane Satrapi is a graphic memoir recounting the author’s childhood and early adulthood in Iran during and after the Islamic Revolution. Satrapi explores political upheaval, cultural shifts, and personal experiences with family, identity, and education. The book combines visual storytelling with narrative reflection, conveying the impact of war, oppression, and social change on daily life. Readers gain insight into Iranian history, human resilience, and the challenges of growing up in a complex political landscape. Through compelling illustrations and honest storytelling, “Persepolis” provides a deeply personal, informative, and emotionally engaging memoir."
697,9780000000030,"Surely You’re Joking, Mr. Feynman!",Richard Feynman,1985,W.W. Norton,12,5,5,"“Surely You’re Joking, Mr. Feynman!” by Richard Feynman is a humorous and insightful collection of anecdotes and stories from the life of the Nobel Prize-winning physicist. Feynman reflects on his work in science, his curiosity, adventures, and unconventional thinking. The book explores themes of creativity, problem-solving, and intellectual playfulness, providing a window into both the scientific mind and personal experiences. Readers gain an understanding of Feynman’s approach to learning, discovery, and life, as well as the culture of scientific inquiry. Through entertaining narrative and candid reflection, the book inspires curiosity, humor, and appreciation for intellectual exploration."
698,9780000000031,Can’t Hurt Me,David Goggins,2018,Lioncrest,12,5,5,"“Can’t Hurt Me” by David Goggins is a memoir and self-development guide chronicling the author’s journey from a challenging childhood to becoming a Navy SEAL and endurance athlete. Goggins details mental toughness, discipline, and resilience strategies that helped him overcome obstacles, adversity, and self-doubt. The book combines personal narrative with practical advice for pushing beyond limits and achieving goals. Readers gain insight into perseverance, mindset, and the power of self-discipline to transform life outcomes. Through raw storytelling and actionable guidance, “Can’t Hurt Me” motivates readers to confront challenges, build mental strength, and pursue excellence in personal and professional endeavors."
699,9780000000032,On Writing,Stephen King,2000,Scribner,12,5,5,"“On Writing” by Stephen King is part memoir, part guide to the craft of writing. King shares his experiences, techniques, and philosophies developed over a prolific career in fiction. The book offers advice on narrative structure, character development, grammar, and discipline, alongside reflections on the personal and professional life of an author. Readers gain insight into the creative process, overcoming obstacles, and the persistence required to succeed in writing. Through engaging storytelling and practical guidance, “On Writing” inspires aspiring writers to refine their skills, develop their voice, and embrace the challenges and rewards of literary creation."
704,9780000000037,The Audacity of Hope,Barack Obama,2006,Crown,12,5,5,"“The Audacity of Hope” by Barack Obama presents the author’s political philosophy, personal reflections, and vision for America. Obama explores themes of democracy, social justice, and civic responsibility, sharing experiences from his early political career and personal life. The book provides insight into the challenges of leadership, the importance of compromise, and the role of values in guiding public service. Readers gain an understanding of contemporary political issues, ethical considerations, and the processes that shape governance. Through thoughtful analysis and personal narrative, “The Audacity of Hope” encourages engagement, reflection, and informed participation in society."
705,9780000000038,Decision Points,George W. Bush,2010,Crown,12,5,5,"“Decision Points” by George W. Bush is a memoir recounting pivotal moments in the life and presidency of the 43rd President of the United States. Bush reflects on key decisions involving domestic policy, international conflicts, personal growth, and leadership challenges. The book provides insight into decision-making under pressure, moral considerations, and the complexities of governing a nation. Readers gain understanding of political strategy, crisis management, and the interplay between personal convictions and public responsibility. Through candid reflection and detailed narrative, “Decision Points” offers an informative perspective on contemporary history and the personal experiences that shaped a presidency."
706,9780000000039,Total Recall,Arnold Schwarzenegger,2012,Grand Central,12,5,5,"“Total Recall” by Arnold Schwarzenegger is an autobiography that chronicles the actor, bodybuilder, and politician’s extraordinary life. Schwarzenegger reflects on his early years in Austria, his rise in bodybuilding, Hollywood success, and political career as Governor of California. The book explores ambition, perseverance, and the challenges of pursuing diverse goals across different fields. Readers gain insight into personal discipline, strategic thinking, and the mindset required for success in competitive environments. Through candid storytelling and engaging anecdotes, “Total Recall” offers both inspiration and practical lessons on achieving excellence in life and career."
708,9780000000041,The Princess Diarist,Carrie Fisher,2016,Blue Rider,12,5,5,"“The Princess Diarist” by Carrie Fisher is a memoir reflecting on the actress and writer’s experiences during the filming of the original Star Wars trilogy and her personal life. Fisher shares intimate thoughts, behind-the-scenes stories, and reflections on fame, creativity, and personal growth. The book explores the challenges of public life, relationships, and self-identity while providing humorous and poignant insights. Readers gain understanding of the entertainment industry, the human side of celebrity, and the resilience required to navigate personal and professional challenges. Through candid storytelling and reflective narrative, “The Princess Diarist” combines humor, honesty, and memoir to offer a compelling portrait of Carrie Fisher’s life and experiences."
855,9780000001088,Forks Over Knives,Gene Stone,2011,Experiment,13,5,5,"“Forks Over Knives” by Gene Stone advocates a whole-food, plant-based diet to improve health and prevent chronic disease. Stone explains the scientific evidence supporting dietary choices, shares practical guidance, and provides examples of lifestyle changes that promote longevity and wellness. The book emphasizes the connection between nutrition, metabolism, and disease prevention, encouraging readers to adopt habits that reduce the risk of heart disease, diabetes, and other conditions. Through clear explanation, research, and actionable advice, “Forks Over Knives” empowers readers to make informed decisions about food, health, and lifestyle for sustained well-being."
856,9780000001089,Prevent and Reverse Heart Disease,Caldwell Esselstyn,2007,Avery,13,5,5,"“Prevent and Reverse Heart Disease” by Caldwell Esselstyn presents medical research, case studies, and dietary recommendations to reduce cardiovascular risk. Esselstyn advocates a plant-based diet, low in fat and cholesterol, explaining how nutrition can prevent and reverse heart disease. The book provides actionable advice for lifestyle modification, emphasizing the importance of informed decision-making in maintaining heart health. Readers gain insight into the mechanisms of heart disease, preventive strategies, and the transformative power of nutrition. Through scientific explanation and practical guidance, this book serves as a comprehensive resource for improving cardiovascular wellness."
857,9780000001090,How to Eat,Mark Bittman,2020,Houghton Mifflin,13,5,5,"“How to Eat” by Mark Bittman is a guide to making informed food choices that balance health, taste, and practicality. Bittman explores nutrition, meal planning, and the impact of diet on long-term wellness, providing practical advice for daily life. The book encourages thoughtful consumption, understanding food sources, and developing sustainable eating habits. Readers gain insight into culinary techniques, nutritional science, and the personal and societal benefits of mindful eating. Through clear guidance, examples, and accessible explanations, “How to Eat” empowers readers to cultivate a healthier relationship with food while enjoying the pleasures of cooking and eating."
858,9780000001091,Eat a Little Better,Sam Kass,2018,Clarkson Potter,13,5,5,"“Eat a Little Better” by Sam Kass provides practical advice on gradually improving dietary habits for better health. Kass emphasizes small, achievable changes that enhance nutrition without drastic restrictions, making healthy eating sustainable and enjoyable. The book explores principles of meal planning, food quality, and behavioral strategies to create lasting habits. Readers gain insight into the connection between diet, well-being, and lifestyle, as well as tools for making informed food choices. Through accessible guidance, examples, and motivational advice, “Eat a Little Better” empowers readers to improve health through mindful, practical dietary improvements."
892,9780000002025,White Fang,Jack London,1906,Macmillan,14,5,5,"“White Fang” by Jack London tells the story of a wild wolfdog’s journey from the wild to domestication, highlighting the interplay between instinct and environment, cruelty and kindness. London explores themes of survival, adaptation, loyalty, and the transformative power of human interaction. Readers gain insight into natural behavior, animal psychology, and the harsh realities of life in the wilderness. Through vivid storytelling, immersive description, and psychological depth, “White Fang” captures adventure, resilience, and the delicate balance between nature and nurture."
861,9780000001094,The Circadian Code,Satchin Panda,2018,Rodale,13,5,5,"“The Circadian Code” by Satchin Panda explains the science of circadian rhythms and their impact on health, metabolism, and longevity. Panda provides practical advice on aligning daily routines, eating schedules, and sleep patterns with natural biological rhythms to optimize physical and mental performance. The book explores scientific studies, lifestyle recommendations, and strategies for improving energy, weight management, and disease prevention. Readers gain insight into chronobiology, behavior modification, and the connection between timing, nutrition, and overall health. Through clear explanation and actionable guidance, “The Circadian Code” offers a roadmap for living in harmony with the body’s natural cycles."
863,9780000001096,Metabolical,Robert Lustig,2021,Harper,13,5,5,"“Metabolical” by Robert Lustig examines the biochemical and hormonal processes underlying obesity, diabetes, and metabolic disorders. Lustig explains the impact of processed foods, sugar, and lifestyle factors on health, offering strategies for disease prevention and reversal. The book provides practical guidance on diet, behavior modification, and metabolic optimization. Readers gain insight into the science of metabolism, nutrition, and the connection between lifestyle choices and chronic disease. Through clear explanation, evidence-based recommendations, and actionable advice, “Metabolical” empowers readers to improve health and metabolic function."
864,9780000001097,Fat Chance,Robert Lustig,2012,Hudson Street,13,5,5,"“Fat Chance” by Robert Lustig delves into the factors contributing to obesity, including sugar consumption, processed foods, and environmental influences. Lustig examines the science of metabolism, hormones, and behavior, offering practical strategies for prevention and intervention. The book provides insight into societal, physiological, and personal factors affecting weight management. Readers gain understanding of nutritional science, lifestyle modification, and the complexities of obesity. Through evidence-based analysis, narrative examples, and actionable guidance, “Fat Chance” educates and empowers readers to make informed decisions for health and longevity."
865,9780000001098,The Case Against Sugar,Gary Taubes,2016,Knopf,13,5,5,"“The Case Against Sugar” by Gary Taubes investigates the role of sugar in obesity, diabetes, and chronic disease. Taubes reviews scientific research, historical context, and industry practices, explaining the impact of excessive sugar consumption on health. The book offers insight into nutrition, public health, and policy implications, as well as strategies for reducing sugar intake. Readers gain understanding of metabolic processes, health risks, and dietary choices. Through thorough research, engaging analysis, and practical advice, “The Case Against Sugar” equips readers with knowledge to make informed decisions about sugar and overall health."
866,9780000001099,"Good Calories, Bad Calories",Gary Taubes,2007,Knopf,13,5,5,"“Good Calories, Bad Calories” by Gary Taubes explores the science of diet, fat, sugar, and their role in chronic diseases. Taubes challenges conventional wisdom, examining evidence from research on nutrition, metabolism, and health outcomes. The book provides insight into historical, scientific, and societal factors influencing dietary recommendations. Readers gain understanding of how macronutrients affect the body, the impact of processed foods, and strategies for healthier eating. Through comprehensive analysis, narrative, and scientific explanation, “Good Calories, Bad Calories” equips readers with the tools to make informed dietary choices for improved health and wellness."
867,9780000001100,Why Zebras Don't Get Ulcers,Robert Sapolsky,1994,W.H. Freeman,13,5,5,"“Why Zebras Don’t Get Ulcers” by Robert Sapolsky explains the physiological and psychological effects of stress on the human body. Sapolsky uses scientific research and engaging examples to explore how chronic stress contributes to disease, behavior, and health outcomes. The book provides practical insight into coping strategies, lifestyle changes, and the mind-body connection. Readers gain understanding of stress mechanisms, hormonal regulation, and adaptive responses in humans compared to animals. Through accessible writing, humor, and evidence-based analysis, “Why Zebras Don’t Get Ulcers” educates and empowers readers to manage stress, improve health, and enhance well-being."
873,9780000002006,A Walk in the Woods,Bill Bryson,1998,Broadway,14,5,5,"“A Walk in the Woods” by Bill Bryson chronicles the author’s attempt to hike the Appalachian Trail, combining humor, personal reflection, and natural history. Bryson explores the challenges of long-distance hiking, the beauty and hazards of the wilderness, and the interactions with fellow hikers and local culture. The book delves into environmental awareness, physical endurance, and the human spirit’s engagement with nature. Readers gain insight into ecological systems, survival skills, and the joys and difficulties of outdoor adventure. Through engaging narrative, witty observation, and educational content, “A Walk in the Woods” offers entertainment, insight, and inspiration for readers interested in travel and nature."
874,9780000002007,The Lost City of Z,David Grann,2009,Doubleday,14,5,5,"“The Lost City of Z” by David Grann recounts the true story of British explorer Percy Fawcett, who ventured into the Amazon in search of a mysterious ancient city. Grann blends historical research, adventure narrative, and personal exploration to examine Fawcett’s expeditions, motivations, and ultimate disappearance. The book delves into themes of obsession, courage, and the lure of the unknown, as well as the complexities of exploration in uncharted territories. Readers gain insight into the challenges of navigating dense jungle, the cultural and environmental context of the Amazon, and the human desire to discover and achieve beyond conventional limits. Through vivid storytelling, meticulous research, and suspenseful narrative, the book captures the essence of adventure, history, and human ambition."
876,9780000002009,Vagabonding,Rolf Potts,2002,Random House,14,5,5,"“Vagabonding” by Rolf Potts is a practical and philosophical guide to long-term travel and exploration. Potts discusses the mindset, planning, and lifestyle adjustments necessary to travel extensively while maintaining personal and professional responsibilities. The book provides insight into minimalism, cultural immersion, and the transformative effects of extended journeys. Readers gain understanding of how travel can broaden perspectives, enhance creativity, and foster resilience and adaptability. Through engaging narrative, practical advice, and reflective insights, “Vagabonding” encourages readers to embrace uncertainty, pursue adventure, and cultivate a life rich in experience, learning, and personal growth."
878,9780000002011,In Patagonia,Bruce Chatwin,1977,Penguin,14,5,5,"“In Patagonia” by Bruce Chatwin is a travel memoir that chronicles the author’s journey through the remote region of Patagonia in South America. Chatwin blends history, folklore, and personal observation to capture the landscape, culture, and people of the area. The book explores themes of adventure, discovery, human migration, and the search for meaning in isolated regions. Readers gain insight into the interaction between geography, history, and human narrative, as well as the challenges of travel in remote, rugged terrain. Through lyrical prose, engaging storytelling, and detailed cultural and historical context, “In Patagonia” inspires curiosity, exploration, and appreciation for the diversity and complexity of the world."
879,9780000002012,The Road to Oxiana,Robert Byron,1937,Penguin,14,5,5,"“The Road to Oxiana” by Robert Byron is a classic travelogue detailing the author’s journey through Persia and Afghanistan, focusing on architectural heritage, culture, and history. Byron combines observation, historical research, and narrative reflection to provide an immersive account of the journey. The book examines themes of exploration, preservation of cultural heritage, and the interplay between traveler and environment. Readers gain insight into the architectural beauty, historical significance, and social context of the regions visited. Through rich description, critical analysis, and engaging narrative, “The Road to Oxiana” offers both an informative and inspiring account of travel, discovery, and cultural appreciation."
880,9780000002013,Travels with Charley,John Steinbeck,1962,Viking,14,5,5,"“Travels with Charley” by John Steinbeck chronicles the author’s cross-country road trip across the United States with his poodle, Charley. Steinbeck explores the American landscape, regional cultures, and societal changes during the journey, reflecting on personal and national identity. The book delves into themes of exploration, human connection, and the observation of social trends. Readers gain insight into mid-20th-century America, the diversity of communities, and the evolving cultural landscape. Through reflective narrative, keen observation, and engaging prose, “Travels with Charley” captures both the spirit of adventure and the complexities of a nation in transition."
881,9780000002014,Blue Highways,William Least Heat-Moon,1982,Back Bay,14,5,5,"“Blue Highways” by William Least Heat-Moon recounts the author’s journey along secondary roads in the United States after personal and professional upheaval. Heat-Moon explores small towns, regional culture, and human stories, reflecting on American identity and the meaning of home. The book examines themes of self-discovery, simplicity, and engagement with diverse communities. Readers gain understanding of societal nuances, cultural variation, and the restorative power of travel. Through detailed narrative, evocative descriptions, and insightful observation, “Blue Highways” offers both practical travel experience and profound reflection on life, society, and personal growth."
882,9780000002015,The Great Railway Bazaar,Paul Theroux,1975,Penguin,14,5,5,"“The Great Railway Bazaar” by Paul Theroux is a travel narrative recounting the author’s journey by train through Asia, exploring cultures, landscapes, and human experiences along the route. Theroux combines vivid observation, historical context, and reflective insight to capture the diversity and complexity of the regions visited. The book examines themes of adventure, human connection, and the interplay between traveler and environment. Readers gain insight into cultural practices, societal structure, and the transformative nature of extended travel. Through rich description, engaging storytelling, and reflective commentary, “The Great Railway Bazaar” provides an immersive and inspiring account of journeying through foreign lands."
883,9780000002016,Dark Star Safari,Paul Theroux,2002,Houghton Mifflin,14,5,5,"“Dark Star Safari” by Paul Theroux chronicles the author’s overland journey from Cairo to Cape Town, exploring Africa’s landscapes, cultures, and social challenges. Theroux examines historical, political, and environmental contexts while reflecting on personal experiences and interactions. The book explores themes of travel, cultural understanding, and human resilience in diverse settings. Readers gain insight into African societies, colonial and postcolonial legacies, and the realities of long-distance travel in challenging conditions. Through narrative detail, critical reflection, and vivid description, “Dark Star Safari” provides an engaging and educational account of adventure, exploration, and human observation."
884,9780000002017,The Tao of Travel,Paul Theroux,2011,Houghton Mifflin,14,5,5,"“The Tao of Travel” by Paul Theroux is a reflective exploration of the philosophy, art, and practice of travel. Drawing from personal experience and literary observation, Theroux discusses the joys, challenges, and insights of journeying through the world. The book examines themes of curiosity, cultural immersion, and personal transformation, emphasizing how travel shapes understanding, perspective, and character. Readers gain appreciation for thoughtful, mindful travel, as well as insights into human interaction, geography, and history. Through contemplative narrative, practical anecdotes, and literary reflection, “The Tao of Travel” inspires readers to engage deeply with the world and their own experiences."
886,9780000002019,The Snow Leopard,Peter Matthiessen,1978,Penguin,14,5,5,"“The Snow Leopard” by Peter Matthiessen is a contemplative travel memoir recounting the author’s journey to the remote mountains of Nepal in search of the elusive snow leopard. Matthiessen blends natural observation, personal introspection, and Tibetan Buddhist philosophy to explore themes of spirituality, solitude, and the connection between humans and nature. Readers gain insight into the challenging terrain, wildlife conservation, and the meditative aspects of deep immersion in wilderness. Through lyrical prose, rich descriptive passages, and profound reflection, “The Snow Leopard” offers both an adventure narrative and a meditation on life, mortality, and the pursuit of understanding."
887,9780000002020,Seven Years in Tibet,Heinrich Harrer,1952,Tarcher,14,5,5,"“Seven Years in Tibet” by Heinrich Harrer recounts the author’s experiences in Tibet from 1944 to 1951, including his escape from British internment in India and subsequent journey across the Himalayas. Harrer describes his immersion in Tibetan culture, the political and spiritual environment, and his friendship with the young Dalai Lama. The book examines themes of adaptation, cultural understanding, personal growth, and historical context during a period of geopolitical change. Readers gain insight into Tibetan society, the challenges of exploration in extreme conditions, and the interplay between tradition and modernity. Through engaging narrative and detailed observation, the book offers both an adventurous journey and an informative cultural portrait."
889,9780000002022,Kon-Tiki,Thor Heyerdahl,1948,Simon & Schuster,14,5,5,"“Kon-Tiki” by Thor Heyerdahl documents the author’s 1947 expedition across the Pacific Ocean on a balsa wood raft to prove the possibility of prehistoric South Americans reaching Polynesia. Heyerdahl combines adventure narrative, scientific observation, and historical context to explore themes of exploration, experimentation, and human daring. Readers gain insight into navigation, oceanic conditions, and the intersection of hypothesis and practical adventure. Through suspenseful storytelling, detailed maritime description, and reflections on cultural history, “Kon-Tiki” presents an inspiring account of curiosity, perseverance, and the quest to challenge conventional understanding of human migration and ingenuity."
890,9780000002023,Touching the Void,Joe Simpson,1988,HarperCollins,14,5,5,"“Touching the Void” by Joe Simpson recounts the near-fatal climbing expedition in the Peruvian Andes that Simpson and his climbing partner Simon Yates undertook. Simpson describes the accident, survival against extreme odds, and the moral and psychological dilemmas faced during life-threatening situations. The book explores themes of survival, human endurance, courage, and ethical decision-making in extreme conditions. Readers gain insight into mountaineering challenges, risk assessment, and the resilience of the human spirit. Through gripping narrative, vivid environmental description, and intense personal reflection, “Touching the Void” provides an extraordinary story of adventure, adversity, and triumph over seemingly insurmountable obstacles."
893,9780000002026,Desert Solitaire,Edward Abbey,1968,Ballantine,14,5,5,"“Desert Solitaire” by Edward Abbey is a memoir reflecting on the author’s experiences as a park ranger in the remote deserts of Utah. Abbey examines environmental conservation, solitude, and the beauty and harshness of desert landscapes. The book explores themes of nature preservation, human impact on the environment, and philosophical reflection on solitude and simplicity. Readers gain insight into ecology, environmental ethics, and the spiritual significance of wilderness. Through lyrical prose, candid reflection, and vivid depiction of natural surroundings, “Desert Solitaire” offers both adventure and a call to thoughtful engagement with the natural world."
894,9780000002027,Into Africa,Martin Dugard,2003,Doubleday,14,5,5,"“Into Africa” by Martin Dugard recounts the story of explorers Henry Morton Stanley and David Livingstone in their quest to map and understand the African continent. Dugard combines historical research, adventure narrative, and biographical detail to examine the risks, challenges, and achievements of African exploration. The book explores themes of courage, discovery, cultural encounter, and the complexities of colonial history. Readers gain insight into African geography, history, and the resilience of explorers facing physical and social challenges. Through engaging storytelling, vivid depiction of landscapes, and historical context, “Into Africa” provides a thrilling and informative account of exploration, adventure, and human ambition."
895,9780000002028,The River of Doubt,Candice Millard,2005,Doubleday,14,5,5,"“The River of Doubt” by Candice Millard chronicles Theodore Roosevelt’s perilous expedition into the uncharted tributary of the Amazon, known as the River of Doubt. Millard combines historical research, vivid narrative, and personal insight to illustrate the dangers, endurance, and leadership involved. The book explores themes of courage, exploration, human resilience, and the unpredictability of nature. Readers gain understanding of the Amazon’s treacherous environment, the psychological and physical challenges faced, and Roosevelt’s determination and leadership qualities. Through suspenseful storytelling, immersive description, and historical accuracy, “The River of Doubt” provides an inspiring and educational account of exploration and survival."
896,9780000002029,Hero,Ranulph Fiennes,2013,Simon & Schuster,14,5,5,"“Hero” by Ranulph Fiennes is a memoir and adventure narrative detailing the author’s extraordinary feats of endurance, including polar expeditions, mountain climbing, and extreme challenges. Fiennes examines physical preparation, mental resilience, and the personal motivations that drive him to undertake dangerous journeys. The book explores themes of courage, perseverance, human limits, and the pursuit of personal excellence. Readers gain insight into survival techniques, expedition planning, and the psychological demands of extreme adventure. Through vivid recounting, immersive storytelling, and reflective insight, “Hero” inspires admiration for human determination and offers lessons on pushing beyond perceived limitations."
897,9780000002030,"Mad, Bad and Dangerous to Know",Ranulph Fiennes,2007,Hodder,14,5,5,"“Mad, Bad and Dangerous to Know” by Ranulph Fiennes combines historical biography and travel narrative, focusing on the lives of notorious figures and explorers. Fiennes explores their daring actions, psychological makeup, and the cultural context of their exploits. The book examines themes of courage, risk, human ambition, and moral complexity. Readers gain insight into historical adventure, character study, and the motivations behind extraordinary endeavors. Through engaging storytelling, analytical reflection, and descriptive narrative, this work illuminates the challenges, dangers, and inspirations found in the lives of remarkable individuals across history."
898,9780000002031,Arabian Sands,Wilfred Thesiger,1959,Penguin,14,5,5,"“Arabian Sands” by Wilfred Thesiger recounts the author’s travels through the deserts of Arabia, living among Bedouin tribes. Thesiger details the harsh environmental conditions, cultural practices, and daily life of desert communities. The book explores themes of endurance, cultural understanding, and the spiritual and physical aspects of desert life. Readers gain insight into nomadic lifestyles, traditional customs, and the interplay between environment and human adaptation. Through vivid description, immersive narrative, and careful observation, “Arabian Sands” provides both an adventure story and an anthropological perspective on one of the world’s most challenging and culturally rich regions."
900,9780000002033,Ghost Train to the Eastern Star,Paul Theroux,2008,Houghton Mifflin,14,5,5,"“Ghost Train to the Eastern Star” by Paul Theroux details the author’s overland journey from London through Asia to Singapore, exploring the cultures, landscapes, and social realities of each region. Theroux combines personal narrative with observation, historical context, and critical insight to capture the nuances of travel. The book examines themes of exploration, cultural understanding, and the unpredictable nature of long-distance journeys. Readers gain insight into the complexities of societies, the challenges of travel, and the reflections of an experienced traveler. Through immersive description and analytical narrative, this work provides both an informative and captivating account of adventure."
901,9780000002034,Riding the Iron Rooster,Paul Theroux,1988,Penguin,14,5,5,"“Riding the Iron Rooster” by Paul Theroux narrates the author’s train journey across China, capturing detailed observations of landscapes, people, and urban-rural contrasts. Theroux blends travel narrative, cultural reflection, and personal insight to explore themes of adaptation, curiosity, and human interaction. Readers gain understanding of Chinese society, geography, and historical context, along with the experiences of navigating foreign environments. Through descriptive storytelling, analytical reflection, and engaging prose, “Riding the Iron Rooster” provides both entertainment and cultural education for readers interested in global travel and exploration."
902,9780000002035,Deep South,Paul Theroux,2015,Houghton Mifflin,14,5,5,"“Deep South” by Paul Theroux is a travel memoir documenting the author’s journey through the southern United States, exploring culture, history, and social dynamics. Theroux examines regional identity, social issues, and the interplay between tradition and modernity. The book explores themes of observation, cultural awareness, and personal reflection. Readers gain insight into southern history, community life, and the diversity of human experiences. Through detailed narrative, vivid descriptions, and reflective commentary, “Deep South” offers both a travelogue and a thoughtful examination of society in the American South."
903,9780000002036,The Happy Isles of Oceania,Paul Theroux,1992,Penguin,14,5,5,"“The Happy Isles of Oceania” by Paul Theroux chronicles the author’s voyage through the islands of the South Pacific, capturing the culture, environment, and daily life of each location. Theroux blends travel narrative, historical observation, and personal reflection to explore themes of adventure, cultural immersion, and human connection. Readers gain insight into the diversity of Pacific Island societies, geographical challenges, and the impact of modernization. Through immersive description, reflective commentary, and engaging storytelling, the book provides an informative and entertaining account of the complexities and wonders of Oceania."
907,9780000002040,Under the Tuscan Sun,Frances Mayes,1996,Broadway,14,5,5,"“Under the Tuscan Sun” by Frances Mayes is a memoir recounting the author’s renovation of an old villa in Tuscany, Italy, and her immersion into local life. Mayes explores themes of personal transformation, cultural discovery, and the pleasures of slow living. Readers gain insight into Italian architecture, cuisine, traditions, and the connection between environment and personal growth. Through evocative description, engaging narrative, and reflective observation, the book captures both the charm of Tuscany and the transformative power of embracing a new life in a foreign land."
908,9780000002041,Bella Tuscany,Frances Mayes,1999,Broadway,14,5,5,"“Bella Tuscany” by Frances Mayes continues the narrative of life in Tuscany, highlighting local culture, seasonal changes, culinary experiences, and personal reflection. The book explores themes of adaptation, appreciation of beauty, and the joy of immersion in a different environment. Readers gain insight into Italian life, regional customs, and the lifestyle benefits of embracing local traditions. Through vivid description, humor, and reflective storytelling, “Bella Tuscany” provides both inspiration and practical perspective on living fully and mindfully in a culturally rich setting."
909,9780000002042,The Geography of Bliss,Eric Weiner,2008,Twelve,14,5,5,"“The Geography of Bliss” by Eric Weiner is a travel memoir exploring the concept of happiness around the world. Weiner visits various countries, observing cultural practices, societal norms, and personal stories that illuminate what contributes to human contentment. The book examines themes of psychological well-being, cultural influence, and personal reflection. Readers gain insight into global diversity, the interplay between environment and happiness, and strategies for cultivating joy. Through engaging narrative, humor, and reflective observation, “The Geography of Bliss” provides both entertaining travel experiences and thoughtful insights into human fulfillment."
910,9780000002043,A Walk Across America,Peter Jenkins,1979,Harper,14,5,5,"“A Walk Across America” by Peter Jenkins recounts the author’s journey on foot across the United States, exploring landscapes, communities, and human connections. Jenkins reflects on societal values, regional differences, and personal transformation through the experiences of travel. The book explores themes of adventure, resilience, and understanding of the human condition. Readers gain insight into American geography, cultural diversity, and the interpersonal lessons derived from encountering strangers and communities. Through narrative storytelling, descriptive observation, and reflective commentary, “A Walk Across America” offers both adventure and profound insight into American life."
912,9780000002045,The Motorcycle Diaries,Ernesto Che Guevara,1995,Verso,14,5,5,"“The Motorcycle Diaries” by Ernesto Che Guevara is a travel memoir documenting Guevara’s journey across South America as a young man. Guevara reflects on social conditions, poverty, and cultural diversity, which shaped his political consciousness. The book explores themes of self-discovery, social justice, and the impact of travel on personal development. Readers gain insight into Latin American geography, society, and historical context. Through narrative storytelling, vivid descriptions, and personal reflection, “The Motorcycle Diaries” offers both adventure and an understanding of the experiences that influenced a revolutionary figure."
913,9780000002046,Turn Right at Machu Picchu,Mark Adams,2011,Dutton,14,5,5,"“Turn Right at Machu Picchu” by Mark Adams chronicles the author’s journey retracing the 1911 expedition of Hiram Bingham, who rediscovered the lost Incan city. Adams combines historical research, personal narrative, and travel writing to explore themes of adventure, archaeology, and cultural discovery. Readers experience the challenges of navigating rugged Andean terrain, encountering local communities, and reflecting on historical context. The book also examines the interplay between human curiosity, ambition, and the natural environment, emphasizing both the excitement of exploration and the insights gained from immersing oneself in the past and present of Peru’s landscapes and culture. Through vivid description, humor, and narrative engagement, Adams creates a work that is informative, adventurous, and deeply human."
914,9780000002047,Walking Home,Lynn Schooler,2010,Counterpoint,14,5,5,"“Walking Home” by Lynn Schooler recounts the author’s journey through Alaska’s wilderness following a period of personal grief and reflection. The narrative combines adventure, introspection, and detailed observation of natural landscapes. Schooler explores themes of solitude, personal transformation, and the healing power of nature. Readers gain insight into the physical and psychological challenges of traversing remote terrain, as well as the intricate ecosystems and wildlife of Alaska. Through immersive narrative, lyrical description, and reflective storytelling, the book offers a deeply human exploration of resilience, discovery, and the interconnection between personal growth and the natural world."
915,9780000002048,The Sun Is a Compass,Caroline Van Hemert,2019,Little Brown,14,5,5,"“The Sun Is a Compass” by Caroline Van Hemert details the author’s journey along the remote Alaskan coastline, living in isolation and confronting extreme conditions. Van Hemert interweaves travel narrative, natural history, and personal reflection to explore themes of survival, self-discovery, and environmental awareness. Readers gain understanding of the wildlife, climate challenges, and the profound solitude encountered in remote wilderness areas. Through vivid description, reflective insights, and engaging storytelling, the book offers a compelling account of endurance, adventure, and the human connection to nature in its most raw and beautiful form."
916,9780000002049,North,Scott Jurek,2018,Little Brown,14,5,5,"“North” by Scott Jurek recounts the author’s ultramarathon journey along the Appalachian Trail, blending memoir, adventure, and exploration of human endurance. Jurek reflects on his motivations, physical and mental challenges, and the beauty of natural landscapes traversed. The book explores themes of perseverance, self-discipline, personal growth, and the interplay between human ambition and the natural environment. Readers gain insight into ultrarunning strategies, nutrition, and the spiritual and psychological aspects of extreme endurance sports. Through vivid storytelling, detailed depiction of trails and wilderness, and introspective narrative, “North” provides inspiration, practical guidance, and an intimate look at the limits and resilience of the human body and mind."
918,9780000002051,The Art of Travel,Alain de Botton,2002,Pantheon,14,5,5,"“The Art of Travel” by Alain de Botton explores the philosophy and psychology of travel, examining why humans journey, what they seek, and how experiences shape our perception of the world. De Botton blends literary analysis, personal reflection, and philosophical inquiry to explore themes of curiosity, observation, desire, and self-discovery. Readers gain insight into the interplay between external landscapes and internal reflection, the influence of art and literature on travel experiences, and the deeper meaning behind journeys. Through thoughtful prose, reflective narrative, and analysis of historical examples, “The Art of Travel” encourages readers to approach travel with mindfulness, appreciation, and philosophical awareness, blending practical insights with intellectual enrichment."
920,9780000002053,Notes from a Small Island,Bill Bryson,1995,Harper,14,5,5,"“Notes from a Small Island” by Bill Bryson chronicles the author’s journey across Great Britain, offering reflections on its landscapes, culture, and people. Bryson combines humor, historical commentary, and personal narrative to explore themes of identity, belonging, and appreciation of everyday life. Readers gain insight into British society, traditions, and geography, alongside Bryson’s observations on human behavior and cultural quirks. Through witty narrative, vivid description, and reflective commentary, the book provides an entertaining and affectionate portrait of Britain, blending travelogue with thoughtful insights on the nation’s character and idiosyncrasies."
921,9780000002054,Down Under,Bill Bryson,2000,Broadway,14,5,5,"“Down Under” by Bill Bryson documents the author’s travels across Australia, combining humor, history, and keen observation to explore the country’s natural environment, cities, and unique culture. Bryson examines themes of exploration, adaptation, and cultural understanding, reflecting on the contrasts between expectation and reality in his journeys. Readers gain insight into Australian landscapes, wildlife, and societal customs, as well as the historical context shaping contemporary life. Through engaging storytelling, vivid description, and humor, “Down Under” provides both entertainment and informative perspective on Australia’s geography, history, and cultural identity."
922,9780000002055,The Lost Continent,Bill Bryson,1989,Harper,14,5,5,"“The Lost Continent” by Bill Bryson is a travel memoir exploring the author’s journey across small-town America, blending humor, historical reflection, and cultural observation. Bryson examines themes of nostalgia, social change, and the quirks of American life. Readers gain insight into regional differences, human behavior, and the complexities of American society outside major urban centers. Through witty narrative, descriptive storytelling, and thoughtful commentary, the book provides both entertainment and reflection on the evolution of America’s cultural and geographical landscape, offering a humorous and affectionate portrait of a rapidly changing nation."
924,9780000002057,The Great Alone,Kristin Hannah,2018,St. Martin's,14,5,5,"“The Great Alone” by Kristin Hannah is a historical fiction novel set in Alaska, following a family’s struggle to survive both the harsh natural environment and personal turmoil. Hannah explores themes of resilience, isolation, human relationships, and the transformative power of endurance. Readers gain insight into the challenges of wilderness life, psychological struggles, and the strength required to face adversity. Through vivid description, compelling narrative, and emotional depth, the book immerses readers in both the breathtaking landscapes of Alaska and the intense interpersonal dynamics that define the family’s survival and personal growth."
925,9780000002058,The Beach Beneath the Streets,McKenzie Wark,2011,Verso,14,5,5,"“The Beach Beneath the Streets” by McKenzie Wark is a memoir and historical reflection on growing up in New York City, exploring urban life, subculture, and personal identity. Wark examines themes of memory, place, culture, and the interplay between personal experience and social environment. Readers gain insight into city life, cultural movements, and the formative influence of urban spaces on individual development. Through rich narrative, reflective prose, and vivid description, the book offers both personal memoir and social commentary, highlighting the intersections between individual experience and the broader cultural landscape of the city."
926,9780000002059,Tracks,Robyn Davidson,1980,Vintage,14,5,5,"“Tracks” by Robyn Davidson recounts her solo journey across the Australian desert with camels, blending memoir, adventure, and cultural observation. Davidson explores themes of self-discovery, endurance, solitude, and the interaction between humans and challenging natural environments. Readers gain insight into desert survival, indigenous communities, and the psychological aspects of long-distance travel in extreme conditions. Through vivid description, immersive storytelling, and reflective narrative, “Tracks” provides an inspiring account of human resilience, courage, and the transformative power of adventure in remote landscapes."
927,9780000002060,West with the Night,Beryl Markham,1942,North Point,14,5,5,"“West with the Night” by Beryl Markham is an autobiographical account of the author’s life in Kenya, focusing on her experiences as a pioneering aviator and horse trainer. Markham combines personal narrative, adventure, and vivid observation of the African landscape to explore themes of courage, independence, exploration, and the relationship between humans and the natural world. Readers gain insight into early aviation, colonial Africa, and the challenges faced by a woman breaking societal norms. Through lyrical prose, descriptive storytelling, and reflective insights, the book captures both the thrill of adventure and the nuanced interplay between personal ambition and cultural context."
928,9780000002061,Sahara,Michael Palin,2002,Weidenfeld,14,5,5,"“Sahara” by Michael Palin documents the author’s journey across the Sahara Desert, blending travel narrative, cultural observation, and historical context. Palin explores the geography, people, and diverse cultures of the region, examining themes of endurance, curiosity, and cross-cultural understanding. Readers gain insight into desert environments, historical trade routes, and the daily lives of communities in extreme conditions. Through engaging storytelling, vivid description, and humor, the book provides both entertainment and educational insight into the vast and complex Sahara, offering a balanced perspective on adventure and cultural immersion."
929,9780000002062,Himalaya,Michael Palin,2004,Weidenfeld,14,5,5,"“Himalaya” by Michael Palin recounts the author’s travels across the Himalayan mountain range, combining adventure, personal reflection, and cultural observation. Palin explores themes of exploration, endurance, spirituality, and the interaction between human beings and extreme natural environments. Readers gain insight into Himalayan geography, local traditions, and the challenges of high-altitude travel. Through vivid narrative, descriptive prose, and engaging storytelling, the book provides both an adventurous account and an informative perspective on the history, culture, and natural wonders of the Himalayas."
930,9780000002063,Pole to Pole,Michael Palin,1992,BBC,14,5,5,"“Pole to Pole” by Michael Palin chronicles the author’s ambitious journey from the North Pole to the South Pole, exploring diverse regions, cultures, and environments along the way. Palin blends travel narrative, cultural insight, and historical context to examine themes of exploration, adaptability, and human curiosity. Readers gain understanding of geographical extremes, cultural diversity, and environmental challenges. Through engaging storytelling, detailed observation, and reflective commentary, “Pole to Pole” offers both an educational and entertaining travelogue, highlighting the wonders, difficulties, and richness of global exploration."
932,9780000002065,Brazil,Michael Palin,2012,Weidenfeld,14,5,5,"“Brazil” by Michael Palin documents the author’s travels across Brazil, blending personal narrative, cultural observation, and historical insight. Palin explores diverse landscapes, cities, and communities, examining themes of social change, environmental diversity, and human resilience. Readers gain understanding of Brazilian culture, history, and natural environments, as well as the challenges and opportunities faced by its people. Through engaging storytelling, detailed observation, and humor, the book provides a rich and immersive account of Brazil, combining adventure with cultural and historical perspective."
933,9780000002066,Around the World in 80 Days,Michael Palin,1989,BBC,14,5,5,"“Around the World in 80 Days” by Michael Palin chronicles the author’s attempt to recreate the journey made famous by Jules Verne, traveling across multiple continents and countries within a set timeframe. Palin blends adventure, historical context, and cultural exploration, highlighting the logistical, environmental, and interpersonal challenges of such a journey. Readers gain insight into global geography, diverse cultures, and human ingenuity. Through humor, vivid description, and engaging narrative, the book provides an entertaining and informative perspective on global travel, exploring both the excitement of adventure and the insights gained from immersing oneself in different societies and environments."
935,9780000002068,The New Silk Roads,Peter Frankopan,2018,Knopf,14,5,5,"“The New Silk Roads” by Peter Frankopan explores the contemporary geopolitical, economic, and cultural shifts along the modern equivalents of the Silk Roads. Frankopan analyzes the rise of Asia, the evolving global balance of power, and the implications for trade, politics, and international relations. Readers gain insight into globalization, emerging markets, and the historical context behind current geopolitical trends. Through clear exposition, analytical depth, and engaging narrative, the book offers a thought-provoking examination of modern global interconnectedness, emphasizing continuity and change from historical trade routes to today’s complex international networks."
936,9780000002069,Walking in the Himalayas,John Keay,1988,Oxford,14,5,5,"“Walking in the Himalayas” by John Keay narrates the author’s trekking journey across the Himalayan mountains, blending adventure, historical insight, and natural observation. Keay explores themes of endurance, cultural discovery, and environmental awareness, providing detailed descriptions of terrain, local communities, and traditions. Readers gain understanding of Himalayan geography, high-altitude challenges, and the interaction between humans and extreme environments. Through vivid narrative, descriptive prose, and reflective commentary, the book offers both an immersive travelogue and a thoughtful exploration of human resilience, cultural diversity, and the awe-inspiring landscapes of the Himalayas."
937,9780000002070,The Road Less Traveled,M. Scott Peck,1978,Simon & Schuster,14,5,5,"“The Road Less Traveled” by M. Scott Peck combines psychological insight, spiritual reflection, and self-help guidance, offering readers a framework for personal growth, discipline, and emotional development. Peck explores themes of love, responsibility, spiritual growth, and the challenges inherent in human relationships. Readers gain practical and philosophical insights into overcoming obstacles, understanding human behavior, and cultivating meaningful personal and interpersonal experiences. Through reflective narrative, case studies, and thought-provoking discussion, the book provides a comprehensive guide to navigating life’s complexities with self-awareness, compassion, and resilience."
938,9780000002071,The Lost City of the Monkey God,Douglas Preston,2017,Grand Central,14,5,5,"“The Lost City of the Monkey God” by Douglas Preston chronicles the author’s expedition into the dense Honduran rainforest to uncover the legendary “White City,” blending adventure, archaeology, and historical investigation. Preston explores themes of exploration, scientific discovery, human curiosity, and the challenges of remote and dangerous environments. Readers gain insight into the intersection of modern archaeology, ancient civilizations, and the physical and psychological demands of expeditionary work. Through immersive narrative, detailed observation, and compelling storytelling, the book offers both thrilling adventure and informative exploration of history, culture, and human resilience."
941,9780000002074,The Ice Master,Jennifer Niven,2000,Hyperion,14,5,5,"“The Ice Master” by Jennifer Niven recounts the ill-fated 1913 expedition of the Karluk in the Arctic, blending historical research, adventure, and human drama. Niven explores themes of leadership, survival, human endurance, and the unforgiving nature of extreme environments. Readers gain insight into Arctic exploration, decision-making under pressure, and the psychological and physical challenges faced by the crew. Through detailed narrative, historical context, and compelling storytelling, the book offers a gripping and educational account of human courage, error, and perseverance in one of the most hostile environments on Earth."
942,9780000002075,Alone on the Ice,David Roberts,2013,Norton,14,5,5,"“Alone on the Ice” by David Roberts narrates Douglas Mawson’s Antarctic expedition, blending historical detail, adventure, and human psychology. Roberts explores themes of isolation, resilience, leadership, and the interaction between humans and extreme natural conditions. Readers gain understanding of early Antarctic exploration, logistical challenges, and survival strategies in polar environments. Through vivid description, detailed research, and narrative engagement, the book provides both an educational and compelling account of human courage, endurance, and the drive to explore the most inhospitable regions of the planet."
943,9780000002076,In the Kingdom of Ice,Hampton Sides,2014,Doubleday,14,5,5,"“In the Kingdom of Ice” by Hampton Sides recounts the 1879–1881 Arctic expedition led by Adolphus Greely, blending history, adventure, and scientific endeavor. Sides examines themes of human ambition, survival, exploration, and the harsh realities of polar expeditions. Readers gain insight into Arctic geography, historical challenges, and the psychological and physical demands on explorers. Through meticulous research, vivid narrative, and immersive storytelling, the book provides both thrilling adventure and an informative perspective on the courage, failure, and endurance of men facing extreme conditions."
945,9780000002078,River Town,Peter Hessler,2001,Harper,14,5,5,"“River Town” by Peter Hessler recounts the author’s experience teaching English in Fuling, China, combining memoir, cultural observation, and social commentary. Hessler explores themes of cultural exchange, adaptation, education, and personal growth, offering insight into local customs, societal structures, and the everyday life of people in rural China. Readers gain understanding of the interplay between tradition and modernity, linguistic and cultural immersion, and the challenges and rewards of cross-cultural experience. Through reflective narrative, vivid description, and personal storytelling, the book provides an engaging, educational, and deeply human account of life along the Yangtze River."
946,9780000002079,Oracle Bones,Peter Hessler,2006,Harper,14,5,5,"“Oracle Bones” by Peter Hessler examines contemporary China through the lens of historical, cultural, and social analysis, focusing on the lives of individuals navigating rapid change. Hessler explores themes of modernization, identity, governance, and the human impact of societal transformation. Readers gain insight into China’s history, political dynamics, and cultural shifts, alongside personal stories that illuminate broader societal trends. Through immersive narrative, detailed research, and thoughtful reflection, the book provides an informative and engaging exploration of a complex and evolving nation."
947,9780000002080,Country Driving,Peter Hessler,2010,Harper,14,5,5,"“Country Driving” by Peter Hessler offers a detailed account of his experiences traveling through rural China, combining memoir, reportage, and cultural analysis. Hessler examines themes of modernization, infrastructure development, and the impact of transportation on society and culture. Readers gain understanding of China’s rural life, economic transformation, and societal challenges through narrative that blends personal observation with historical and cultural context. Through engaging prose, vivid description, and analytical reflection, the book provides both informative insight and compelling storytelling about the dynamic forces shaping contemporary China."
948,9780000002081,The Great Railway Bazaar (Alt),Paul Theroux,1975,Penguin,14,5,5,"“The Great Railway Bazaar” by Paul Theroux narrates the author’s extensive journey by train across Asia, blending travelogue, cultural observation, and historical context. Theroux explores themes of mobility, exploration, human connection, and the diversity of cultures encountered along the railway network. Readers gain insight into geography, traditions, and the social fabric of the countries visited, while experiencing the challenges and pleasures of long-distance train travel. Through vivid narrative, descriptive prose, and reflective commentary, the book provides both entertainment and educational insight into Asia’s landscapes, peoples, and cultures."
949,9780000002082,In a Sunburned Country,Bill Bryson,2000,Broadway,14,5,5,"“In a Sunburned Country” by Bill Bryson explores Australia’s natural landscapes, history, and culture, blending humor, travel narrative, and keen observation. Bryson examines themes of geography, biodiversity, human settlement, and cultural identity, offering readers both entertainment and educational insights. Readers gain understanding of Australia’s unique environments, wildlife, and social customs, alongside Bryson’s personal reflections and humorous encounters. Through engaging storytelling, vivid description, and thoughtful commentary, the book provides a comprehensive and enjoyable portrait of the Australian continent."
950,9780000002083,Notes from a Big Country,Bill Bryson,1998,Harper,14,5,5,"“Notes from a Big Country” by Bill Bryson offers humorous reflections on life in the United States, exploring cultural quirks, social behaviors, and personal experiences. Bryson examines themes of identity, observation, and cross-cultural perspective, offering readers insight into American society and daily life. Through witty narrative, vivid description, and keen observation, the book provides both entertainment and thoughtful commentary, blending memoir with social reflection to create a richly engaging travelogue that captures the contrasts, challenges, and charm of life in America."
952,9780000002085,Last Train to Zona Verde,Paul Theroux,2013,Houghton Mifflin,14,5,5,"“Last Train to Zona Verde” by Paul Theroux follows the author on a journey through Africa, exploring railways, cities, and remote regions. Theroux blends adventure, cultural observation, and historical context, examining the continent’s diverse landscapes, people, and socio-political dynamics. Readers gain insight into African life, colonial legacies, infrastructure challenges, and the interactions between tradition and modernity. Through engaging storytelling, detailed description, and reflective commentary, the book provides an immersive experience of travel, adventure, and cultural understanding across multiple African countries."
953,9780000002086,The Pillars of Hercules,Paul Theroux,1995,Penguin,14,5,5,"“The Pillars of Hercules” by Paul Theroux narrates a journey around the Mediterranean, exploring historical sites, cultures, and modern societies along the way. Theroux examines themes of history, cultural heritage, human diversity, and the relationship between geography and civilization. Readers gain understanding of Mediterranean civilizations, historical transformations, and contemporary life in the region. Through vivid narrative, descriptive observation, and reflective storytelling, the book offers both an informative and entertaining account of travel, history, and human experience across one of the world’s most storied regions."
954,9780000002087,Fresh Off the Boat,Eddie Huang,2013,Spiegel & Grau,14,5,5,"“Fresh Off the Boat” by Eddie Huang is a memoir recounting the author’s experience growing up as a Taiwanese-American in Florida, blending humor, cultural critique, and personal reflection. Huang explores themes of identity, race, assimilation, and family dynamics, offering readers insight into the immigrant experience in America. Through witty narrative, vivid anecdotes, and candid storytelling, the book highlights both the challenges and the humor inherent in navigating multiple cultural worlds. It provides an engaging, thought-provoking, and often humorous look at identity, food, culture, and the complexities of growing up between two cultures."
955,9780000002088,The Caliph's House,Tahir Shah,2006,Bantam,14,5,5,"“The Caliph’s House” by Tahir Shah chronicles the author’s move into a historic house in Casablanca, Morocco, blending memoir, cultural observation, and adventure. Shah explores themes of adaptation, cultural immersion, architectural restoration, and the intersection of tradition and modernity. Readers gain insight into Moroccan society, local customs, and the challenges of living in a foreign culture. Through engaging storytelling, vivid description, and humorous anecdotes, the book provides both entertainment and educational perspective on cross-cultural experience, human ingenuity, and the transformative power of place."
956,9780000002089,Driving Over Lemons,Chris Stewart,1999,Sort Of Books,14,5,5,"“Driving Over Lemons” by Chris Stewart narrates the author’s life in rural Spain after leaving England, blending memoir, humor, and cultural observation. Stewart explores themes of rural life, adaptation, human resilience, and the beauty and challenges of living close to nature. Readers gain insight into Spanish rural customs, landscapes, and daily life, as well as the personal transformations that come from embracing a slower, simpler lifestyle. Through witty narrative, vivid imagery, and engaging storytelling, the book provides both entertainment and reflection on life, culture, and personal growth in a foreign land."
957,9780000002090,A Time of Gifts,Patrick Leigh Fermor,1977,John Murray,14,5,5,"“A Time of Gifts” by Patrick Leigh Fermor recounts the author’s epic journey on foot across Europe in the 1930s, blending adventure, historical reflection, and cultural observation. Fermor explores themes of exploration, historical change, cultural encounters, and the passage of time. Readers gain insight into pre-World War II Europe, diverse traditions, and the landscapes and peoples encountered along the journey. Through descriptive narrative, vivid observation, and literary style, the book provides both an engaging travelogue and a historical reflection, capturing the charm, complexity, and transformation of Europe during a pivotal era."
959,9780000002092,The Broken Road,Patrick Leigh Fermor,2013,John Murray,14,5,5,"“The Broken Road” by Patrick Leigh Fermor concludes the author’s overland journey from the Netherlands to Constantinople, combining adventure, historical context, and cultural observation. Fermor explores themes of exploration, historical transformation, human resilience, and cross-cultural encounters. Readers gain insight into the landscapes, societies, and traditions of the regions traversed, as well as the challenges and rewards of long-distance travel. Through rich narrative, detailed description, and reflective storytelling, the book provides both entertainment and educational perspective on the historical, cultural, and human dimensions of this epic journey."
960,9780000002093,Walking the Nile,Levison Wood,2015,Grove,14,5,5,"“Walking the Nile” by Levison Wood chronicles the author’s journey along the length of the Nile River, blending adventure, cultural exploration, and historical context. Wood examines themes of endurance, human resilience, and cultural diversity along one of the world’s longest rivers. Readers gain insight into African geography, local communities, environmental challenges, and historical significance of the Nile. Through immersive narrative, vivid description, and personal reflection, the book provides both an exciting adventure story and an educational exploration of geography, culture, and human determination."
961,9780000002094,Walking the Himalayas,Levison Wood,2016,Grove,14,5,5,"“Walking the Himalayas” by Levison Wood recounts the author’s trek across the Himalayan mountain range, blending adventure, environmental observation, and cultural immersion. Wood explores themes of physical endurance, spiritual reflection, and the interplay between humans and extreme landscapes. Readers gain understanding of Himalayan geography, high-altitude challenges, and the diverse cultures and traditions of local communities. Through vivid storytelling, detailed observation, and reflective commentary, the book offers both thrilling adventure and educational insight into the natural and cultural richness of the Himalayas."
962,9780000002095,Walking the Americas,Levison Wood,2018,Grove,14,5,5,"“Walking the Americas” by Levison Wood chronicles the author’s journey from the northernmost to the southernmost points of the Americas, blending adventure, cultural observation, and historical insight. Wood explores themes of human resilience, cultural diversity, and environmental awareness, examining the landscapes, societies, and challenges encountered along the route. Readers gain insight into geography, local traditions, and socio-political conditions across North, Central, and South America. Through immersive narrative, detailed description, and reflective storytelling, the book provides both a thrilling travel experience and an educational perspective on the Americas."
963,9780000002096,Arabia,Levison Wood,2019,Grove,14,5,5,"“Arabia” by Levison Wood narrates the author’s exploration of the Arabian Peninsula, blending adventure, cultural observation, and historical insight. Wood examines themes of tradition, modernity, geography, and human endurance, highlighting both ancient customs and contemporary challenges. Readers gain understanding of Arabian culture, landscapes, and socio-political dynamics, as well as the physical and psychological demands of traversing desert and mountainous regions. Through vivid narrative, immersive description, and reflective commentary, the book provides both an engaging adventure story and an educational exploration of Arabia."
965,9780000002098,One Man’s Wilderness,Richard Proenneke,1973,Alaska Northwest,14,5,5,"“One Man’s Wilderness” by Richard Proenneke documents the author’s solo life in the Alaskan wilderness, blending memoir, natural observation, and survival narrative. Proenneke explores themes of self-sufficiency, environmental awareness, resilience, and the relationship between humans and nature. Readers gain insight into Alaskan ecosystems, survival skills, and the psychological and physical demands of living in isolation. Through detailed description, reflective narrative, and immersive storytelling, the book offers both inspiration and educational perspective on wilderness living, human ingenuity, and the beauty and challenges of remote environments."
966,9780000002099,Arctic Dreams,Barry Lopez,1986,Scribner,14,5,5,"“Arctic Dreams” by Barry Lopez is a profound exploration of the Arctic region, blending natural history, cultural observation, and personal reflection. Lopez examines the landscape, climate, wildlife, and human encounters, highlighting the fragility and beauty of this extreme environment. The book reflects on the intersection of ecology, anthropology, and adventure, exploring the ways humans interact with harsh landscapes, the cultural significance of the Arctic for indigenous peoples, and the ethical implications of environmental change. Through vivid descriptions, philosophical insight, and detailed observations, the book provides readers with a deep understanding of the Arctic ecosystem, human adaptation, and the spiritual and scientific significance of polar regions."
967,9780000002100,The Open Road,Pico Iyer,2008,Knopf,14,5,5,"“The Open Road” by Pico Iyer is a reflective travel memoir that explores the philosophy and practice of long journeys across countries and cultures. Iyer examines the transformative power of travel, the discovery of self and place, and the insights gained from encountering diverse people and environments. Through lyrical prose, personal anecdotes, and thoughtful observation, the book delves into themes of freedom, exploration, cultural connection, and the contrasts between motion and stillness. It offers readers both a guide and a meditation on travel as a means of personal growth, cross-cultural understanding, and philosophical contemplation."
968,9780000003001,"Salt, Fat, Acid, Heat",Samin Nosrat,2017,Simon & Schuster,15,5,5,"“Salt, Fat, Acid, Heat” by Samin Nosrat is a comprehensive culinary guide that teaches the fundamental elements of good cooking. Nosrat explores the four pillars—salt, fat, acid, and heat—providing detailed techniques, explanations of flavor balance, and practical applications in everyday cooking. The book combines scientific insight, cultural context, and personal storytelling, helping readers understand why dishes taste the way they do and how to adjust recipes to create perfect flavors. Through clear instruction, illustrative examples, and engaging narrative, it empowers both beginners and experienced cooks to develop confidence and creativity in the kitchen."
969,9780000003002,The Joy of Cooking,Irma S. Rombauer,1931,Scribner,15,5,5,"“The Joy of Cooking” by Irma S. Rombauer is a classic culinary reference that offers comprehensive guidance for home cooks. It covers a vast array of recipes, techniques, and cooking principles, providing detailed instructions for both traditional and contemporary dishes. Rombauer emphasizes the joy, creativity, and practicality of cooking, integrating tips, variations, and explanations of culinary techniques. The book serves as both an encyclopedia of recipes and a guide to understanding ingredients, cooking methods, and flavor combinations, making it an essential resource for anyone seeking to enhance their culinary knowledge and skills."
970,9780000003003,Mastering the Art of French Cooking,Julia Child,1961,Knopf,15,5,5,"“Mastering the Art of French Cooking” by Julia Child is an authoritative guide to French cuisine, designed for home cooks seeking to master classic techniques. Child presents detailed instructions, explanations of ingredients, and step-by-step guidance for a wide range of recipes, from soups and sauces to elaborate entrees and desserts. She emphasizes technique, precision, and the cultural context of French culinary traditions, while encouraging creativity and adaptation in the kitchen. Through clear guidance, storytelling, and illustrations, the book provides readers with both the confidence and knowledge to cook authentic French cuisine, making complex dishes accessible and enjoyable."
972,9780000003005,Essentials of Classic Italian Cooking,Marcella Hazan,1992,Knopf,15,5,5,"“Essentials of Classic Italian Cooking” by Marcella Hazan is a definitive resource for authentic Italian cuisine. Hazan combines two of her previous works into a comprehensive guide that covers sauces, pastas, risottos, vegetables, meats, and desserts. The book emphasizes traditional techniques, ingredient selection, and flavor balance, offering detailed instructions and insights drawn from her deep understanding of Italian culinary culture. Through clear explanations, practical tips, and historical context, readers learn to master Italian cooking, developing confidence in preparing both simple and sophisticated dishes that honor the heritage, flavors, and regional diversity of Italy."
973,9780000003006,The Silver Spoon,Various,1950,Phaidon,15,5,5,"“The Silver Spoon” is a comprehensive collection of Italian recipes compiled by multiple contributors and regarded as an authoritative source on Italian cuisine. The book encompasses a wide array of dishes from appetizers, soups, and pastas to main courses, desserts, and regional specialties. Each recipe includes detailed instructions, ingredient lists, and notes on technique to guide home cooks. The Silver Spoon emphasizes authenticity, flavor, and balance, providing insights into Italian culinary traditions. Through structured organization and practical guidance, the book empowers readers to explore, experiment, and master Italian cooking in both everyday and special occasions."
974,9780000003007,On Food and Cooking,Harold McGee,1984,Scribner,15,5,5,"“On Food and Cooking” by Harold McGee is a seminal work exploring the science and history of food, cooking techniques, and ingredient chemistry. McGee examines why foods behave the way they do, explaining the principles behind cooking methods, flavor development, and texture. The book covers a wide range of foods including meats, vegetables, grains, dairy, and baked goods, providing scientific explanations, practical advice, and cultural insights. By combining culinary science with historical context, McGee equips readers with knowledge to make informed decisions in cooking, understand reactions, and enhance their culinary skills through scientific understanding."
975,9780000003008,The Flavor Bible,Karen Page,2008,Little Brown,15,5,5,"“The Flavor Bible” by Karen Page is a reference guide to ingredients, flavor combinations, and culinary inspiration. The book does not focus on recipes but rather on how ingredients work together to create delicious, balanced dishes. It provides extensive listings of herbs, spices, proteins, fruits, vegetables, and condiments, along with suggested pairings and usage notes. Page emphasizes creativity, experimentation, and understanding taste relationships, helping cooks make informed decisions when improvising or enhancing recipes. The book encourages exploration of flavors, confidence in the kitchen, and innovation while maintaining harmony and balance in cooking."
976,9780000003009,How to Cook Everything,Mark Bittman,1998,Wiley,15,5,5,"“How to Cook Everything” by Mark Bittman is a comprehensive guide to home cooking, covering thousands of recipes and techniques for a wide range of dishes. Bittman emphasizes simplicity, practicality, and accessibility, offering step-by-step instructions for beginners and experienced cooks alike. The book includes sections on basics, proteins, vegetables, grains, sauces, and desserts, providing tips, variations, and guidance for ingredient substitutions. Through clear explanations, helpful diagrams, and a conversational tone, Bittman empowers readers to develop confidence in the kitchen, experiment with flavors, and create wholesome, satisfying meals efficiently."
977,9780000003010,How to Cook Everything Fast,Mark Bittman,2014,Houghton Mifflin,15,5,5,"“How to Cook Everything Fast” by Mark Bittman focuses on efficient, time-saving cooking techniques without compromising flavor or quality. Bittman provides recipes and strategies to streamline preparation, utilize shortcuts, and optimize workflow in the kitchen. The book includes quick meals for breakfast, lunch, dinner, and snacks, with detailed instructions, ingredient options, and variations. By emphasizing speed, practicality, and flavor, Bittman enables readers to prepare delicious, well-balanced meals in minimal time while developing confidence and creativity in the kitchen."
978,9780000003011,The Barefoot Contessa Cookbook,Ina Garten,1999,Clarkson Potter,15,5,5,"“The Barefoot Contessa Cookbook” by Ina Garten offers elegant, approachable recipes for home cooks who want to create flavorful meals with ease. Garten emphasizes fresh, high-quality ingredients, balance, and simplicity, providing step-by-step instructions for appetizers, mains, desserts, and entertaining menus. The book combines personal anecdotes with practical advice, offering insights into technique, flavor pairing, and presentation. Through her warm, encouraging style, Garten inspires readers to enjoy cooking as a joyful, creative process, making meals both delicious and visually appealing for family and guests alike."
980,9780000003013,Half Baked Harvest Cookbook,Tieghan Gerard,2017,Clarkson Potter,15,5,5,"“Half Baked Harvest Cookbook” by Tieghan Gerard offers a collection of vibrant, flavorful, and creative recipes that blend comfort food with modern culinary trends. Gerard emphasizes fresh, seasonal ingredients and approachable techniques for breakfast, lunch, dinner, and dessert. Recipes include step-by-step instructions, tips for variation, and presentation guidance. Through personal storytelling, photography, and clear instruction, Gerard encourages readers to explore culinary creativity, experiment with flavors, and enjoy the process of cooking while producing dishes that are both visually appealing and delicious."
1019,9780000003052,Medium Raw,Anthony Bourdain,2010,Ecco,15,5,5,"“Medium Raw” by Anthony Bourdain is a continuation of his culinary memoir, offering an unflinching look at the restaurant world and Bourdain’s personal journey within it. The book combines sharp observations, candid reflections, and engaging anecdotes, exploring the highs and lows of professional cooking, relationships in the culinary industry, and the challenges of fame. Bourdain reflects on how the culinary world has evolved, offering insights into both the artistry and the harsh realities of kitchens. It is both a memoir and a critique of the food industry, written with his characteristic wit, honesty, and irreverence, providing an engaging read for food enthusiasts and aspiring chefs alike."
1136,9780000004069,The Captain Class,Sam Walker,2017,Random House,11,5,5,"The Captain Class by Sam Walker is a fascinating exploration of what makes elite sports teams successful, focusing on the leadership of team captains across history. Walker analyzes 16 of the most dominant sports teams and identifies common traits and behaviors of the captains who led them to greatness. The book combines research, storytelling, and case studies to reveal how leadership, character, and resilience influence team performance. It examines the psychological and social aspects of team dynamics, the role of responsibility, and the importance of quiet yet effective leadership. The Captain Class provides actionable insights for athletes, coaches, and anyone interested in organizational success, offering lessons on motivation, strategy, and the often overlooked qualities that differentiate good leaders from exceptional ones."
1020,9780000003053,Appetites,Anthony Bourdain,2016,Ecco,15,5,5,"“Appetites” by Anthony Bourdain is a collection of recipes and culinary insights reflecting Bourdain’s diverse experiences and tastes. The book presents approachable yet flavorful recipes that highlight his global perspective on food, combining personal anecdotes with practical cooking advice. From simple home meals to adventurous dishes inspired by his travels, Bourdain emphasizes technique, creativity, and authenticity. Each recipe includes step-by-step guidance and tips, allowing readers to recreate the flavors and experiences that shaped his career and palate. The book is both instructional and a celebration of culinary curiosity and exploration."
1021,9780000003054,"Blood, Bones & Butter",Gabrielle Hamilton,2011,Random House,15,5,5,"“Blood, Bones & Butter” by Gabrielle Hamilton is a candid memoir of her life as a chef and owner of Prune, a celebrated New York City restaurant. Hamilton recounts her unconventional path to culinary success, including formative experiences, personal struggles, and her deep love for food. The book combines intimate storytelling with insights into the intense and passionate world of professional cooking. Through evocative prose, Hamilton shares her philosophy on food, creativity, and perseverance, offering readers both inspiration and an authentic glimpse behind the scenes of a high-stakes culinary career."
1022,9780000003055,"Yes, Chef",Marcus Samuelsson,2012,Random House,15,5,5,"“Yes, Chef” by Marcus Samuelsson is an inspiring memoir chronicling the life and career of the celebrated chef. Samuelsson shares his journey from Ethiopia to Sweden and ultimately to the United States, detailing the challenges, triumphs, and cultural influences that shaped his culinary identity. The book blends personal stories with professional insights, offering a glimpse into high-end kitchens, creative innovation, and the determination required to excel in the culinary world. Samuelsson’s narrative is both heartfelt and motivating, highlighting the intersections of heritage, ambition, and artistry in modern cuisine."
1023,9780000003056,Setting the Table,Danny Meyer,2006,HarperCollins,15,5,5,"“Setting the Table” by Danny Meyer explores the principles and philosophy behind hospitality and the restaurant business. Meyer, a renowned restaurateur, shares lessons on leadership, culture, customer service, and building successful teams. Through anecdotes from his restaurants and experiences, he emphasizes the importance of generosity, emotional intelligence, and creating meaningful connections with both staff and guests. The book offers practical guidance for business leaders and entrepreneurs, demonstrating how exceptional service and thoughtful management can cultivate loyalty, excellence, and lasting success in any organization."
1025,9780000003058,The Soul of a Chef,Michael Ruhlman,2000,Penguin,15,5,5,"“The Soul of a Chef” by Michael Ruhlman explores the dedication, philosophy, and artistry that define professional chefs. Following several chefs at different stages of their careers, Ruhlman provides an intimate look at their training, creativity, and approach to cooking. The book examines the interplay of technique, inspiration, and personal vision in culinary mastery. By combining compelling narratives with insights into kitchen life and professional growth, Ruhlman illuminates the human element behind exceptional cuisine, inspiring readers with the discipline, passion, and resilience required to excel in the culinary world."
1027,9780000003060,Charcuterie,Michael Ruhlman,2005,Norton,15,5,5,"“Charcuterie” by Michael Ruhlman is a comprehensive guide to the art of curing, smoking, and preparing meats. The book combines practical techniques, step-by-step instructions, and historical context, offering both novice and experienced cooks the tools to create salumi, pâtés, sausages, and other charcuterie products. Ruhlman emphasizes the importance of ingredient quality, safety, and flavor balance, while also providing tips on presentation and pairing. Through detailed guidance and expert insights, readers can develop confidence in crafting traditional and contemporary charcuterie at home, appreciating the artistry and skill involved."
1028,9780000003061,The French Laundry Cookbook,Thomas Keller,1999,Artisan,15,5,5,"“The French Laundry Cookbook” by Thomas Keller presents recipes and techniques from one of the world’s most acclaimed restaurants. Keller shares precise instructions, insights into ingredient selection, and guidance on presentation and timing. The book covers a range of dishes, from appetizers and mains to desserts, emphasizing meticulous technique, balance of flavors, and visual appeal. Intended for serious home cooks and culinary enthusiasts, it provides a deep understanding of fine dining practices, helping readers develop skills in preparation, execution, and creative expression while recreating the elegance of The French Laundry experience in their own kitchens."
1029,9780000003062,Bouchon,Thomas Keller,2004,Artisan,15,5,5,"“Bouchon” by Thomas Keller showcases the culinary excellence of Keller’s French bistro-style restaurant. The book offers detailed recipes for classic French dishes, including appetizers, mains, sides, and desserts, emphasizing precise techniques, flavor balance, and presentation. Keller provides insights into ingredient selection, preparation methods, and timing, allowing readers to recreate a refined French dining experience at home. With step-by-step instructions and personal anecdotes, the book captures the artistry and discipline behind professional French cooking while making it accessible to dedicated home cooks and aspiring chefs seeking to elevate their skills."
1030,9780000003063,Ad Hoc at Home,Thomas Keller,2009,Artisan,15,5,5,"“Ad Hoc at Home” by Thomas Keller is a guide to casual, family-style cooking inspired by Keller’s renowned restaurant Ad Hoc. The book presents approachable recipes designed for everyday meals without sacrificing flavor or technique. Keller emphasizes simplicity, fresh ingredients, and thoughtful preparation, providing guidance on seasoning, timing, and presentation. Through engaging storytelling and practical advice, readers gain insight into Keller’s philosophy of balancing precision and comfort in cooking. The book encourages home cooks to experiment and enjoy the process of creating high-quality meals for family and friends."
1031,9780000003064,Momofuku,David Chang,2009,Clarkson Potter,15,5,5,"“Momofuku” by David Chang offers an insider’s view into the creation and evolution of his groundbreaking restaurant group. Chang shares stories of innovation, challenges, and experimentation in the culinary world, highlighting his philosophy on flavor, creativity, and risk-taking. The book includes recipes, kitchen techniques, and personal reflections that reveal the drive behind Momofuku’s signature dishes. Readers are exposed to the high-pressure environment of a professional kitchen while gaining insight into Chang’s approach to balancing tradition, modernity, and individuality in cooking. The memoir aspect adds a compelling narrative of perseverance and ambition."
1032,9780000003065,Ivan Ramen,Ivan Orkin,2014,Ten Speed,15,5,5,"“Ivan Ramen” by Ivan Orkin chronicles the journey of an American chef in Japan who reinvents the art of ramen. The book mixes memoir and recipes, detailing Orkin’s experiences in Tokyo, cultural challenges, and the dedication required to master traditional Japanese cuisine. Recipes include step-by-step guidance for broths, noodles, and toppings, reflecting Orkin’s unique approach to flavor and technique. The narrative explores the intersection of cultural immersion, culinary innovation, and personal growth, providing both inspiration and practical knowledge for readers interested in ramen, Japanese cooking, or the broader journey of pursuing culinary passion in a foreign context."
1034,9780000003067,The Complete Asian Cookbook,Charmaine Solomon,1976,Hardie Grant,15,5,5,"“The Complete Asian Cookbook” by Charmaine Solomon offers an extensive exploration of the diverse cuisines of Asia. Covering regions such as China, Japan, Thailand, India, and Indonesia, the book provides authentic recipes, detailed techniques, and explanations of ingredients and flavors. Solomon emphasizes cultural context, traditional methods, and the balance of taste and texture in each dish. With step-by-step instructions and helpful tips, readers are guided to master a wide array of Asian culinary practices. The book is a comprehensive reference for both novice and experienced cooks seeking to expand their repertoire and appreciation of Asian cuisine."
1035,9780000003068,Every Grain of Rice,Fuchsia Dunlop,2012,Norton,15,5,5,"“Every Grain of Rice” by Fuchsia Dunlop is a practical introduction to everyday Chinese home cooking. The book focuses on accessible, flavorful recipes that reflect the diversity of Chinese regional cuisine. Dunlop provides step-by-step instructions, insights into ingredients, and cooking techniques, making complex dishes approachable for home cooks. She emphasizes balance, freshness, and simplicity while preserving authentic flavors. The book also includes personal anecdotes and cultural context, giving readers a deeper understanding of Chinese culinary traditions. It is both instructional and inspiring for those looking to cook Chinese food at home with confidence."
1036,9780000003069,Land of Fish and Rice,Fuchsia Dunlop,2016,Norton,15,5,5,"“Land of Fish and Rice” by Fuchsia Dunlop explores the rich culinary heritage of China’s Jiangnan region, known for its abundant waterways and delicate flavors. The book features recipes for traditional dishes, including seafood, rice-based dishes, and vegetable preparations, with detailed instructions and explanations of techniques. Dunlop combines cultural history, personal anecdotes, and culinary expertise to provide readers with a comprehensive understanding of Jiangnan cuisine. The book is both a cookbook and a travelogue, offering insight into regional flavors, traditions, and ingredients while empowering home cooks to recreate authentic dishes in their own kitchens."
1037,9780000003070,The Wok,J. Kenji Lopez-Alt,2022,Norton,15,5,5,"“The Wok” by J. Kenji Lopez-Alt focuses on mastering the versatile and essential wok, offering a combination of recipes, techniques, and scientific explanations. Lopez-Alt explores the mechanics of stir-frying, steaming, and deep-frying, emphasizing heat control, ingredient preparation, and flavor development. The book includes step-by-step instructions, tips, and variations for a wide range of dishes from Chinese, Southeast Asian, and fusion cuisines. Through clear guidance and experimentation, readers gain the knowledge and confidence to utilize the wok effectively, creating flavorful, authentic meals with precision and understanding."
1038,9780000003071,The Food Lab,J. Kenji Lopez-Alt,2015,Norton,15,5,5,"“The Food Lab” by J. Kenji Lopez-Alt bridges science and cooking, demonstrating how understanding the principles behind food can improve technique and results. The book covers a wide range of topics including cooking methods, ingredient chemistry, and recipe optimization, with a focus on achieving perfect outcomes. Lopez-Alt provides detailed explanations, troubleshooting tips, and step-by-step instructions for home cooks seeking to elevate their skills. Through experimentation and scientific reasoning, the book empowers readers to approach cooking with curiosity, creativity, and precision, making complex techniques accessible and enjoyable."
1039,9780000003072,Serious Eater,Ed Levine,2004,Broadway,15,5,5,"“Serious Eater” by Ed Levine is a blend of memoir, culinary exploration, and critical food writing. Levine recounts his experiences traveling, tasting, and analyzing food across the United States and abroad. The book examines the evolution of American cuisine, regional specialties, and the cultural significance of food. Through witty storytelling and engaging narratives, Levine provides insights into restaurants, chefs, and culinary trends. It appeals to food enthusiasts, critics, and casual readers alike, combining personal reflection, education, and entertainment while celebrating the art and culture of eating in modern society."
1041,9780000003074,I'm Just Here for the Food,Alton Brown,2002,Stewart Tabori,15,5,5,"“I’m Just Here for the Food” by Alton Brown combines personal memoir with practical recipes and cooking advice. Brown shares his experiences, challenges, and discoveries in the culinary world, offering humor, insight, and approachable techniques. Recipes are presented with detailed explanations and step-by-step guidance, emphasizing flavor, technique, and scientific understanding. The book engages readers with storytelling while providing practical knowledge to improve cooking skills. It is both entertaining and educational, suitable for food enthusiasts seeking inspiration, instruction, and an appreciation for the art and science of cooking."
1042,9780000003075,The Complete America's Test Kitchen TV Show Cookbook,ATK,2015,ATK,15,5,5,"“The Complete America’s Test Kitchen TV Show Cookbook” by ATK compiles recipes, tips, and techniques featured in the long-running show. Each recipe is tested rigorously to ensure reliability, flavor, and clarity, making it ideal for home cooks seeking dependable guidance. The book includes variations, troubleshooting advice, and explanations of cooking principles, enabling readers to understand the science behind each dish. By combining practical instruction with insight into professional standards and home-friendly adaptations, the cookbook empowers readers to cook with confidence while exploring diverse cuisines and techniques."
1043,9780000003076,Barefoot in Paris,Ina Garten,2004,Clarkson Potter,15,5,5,"“Barefoot in Paris” by Ina Garten focuses on French home cooking, offering approachable recipes inspired by Parisian cuisine. Garten emphasizes fresh ingredients, straightforward techniques, and flavor balance. The book combines personal anecdotes with step-by-step recipes for appetizers, mains, and desserts, providing guidance on preparation, timing, and presentation. Garten’s warm narrative encourages readers to enjoy the process of cooking, experiment with flavors, and share meals with family and friends. It is an inviting resource for home cooks seeking both culinary skill development and enjoyment of French-inspired dishes."
1044,9780000003077,Cook This Book,Molly Baz,2021,Clarkson Potter,15,5,5,"“Cook This Book” by Molly Baz offers a modern, approachable approach to home cooking. Featuring visually appealing recipes with clear, step-by-step instructions, Baz emphasizes flavor, technique, and creativity. The book encourages experimentation and adaptation, highlighting techniques that enhance understanding and mastery of cooking fundamentals. With a mix of practical guidance, personal anecdotes, and innovative ideas, it inspires home cooks to build confidence, explore new ingredients, and enjoy the process of creating delicious meals. The book is both educational and engaging, suitable for a wide audience from beginners to experienced cooks."
1045,9780000003078,Where Cooking Begins,Carla Lalli Music,2019,Clarkson Potter,15,5,5,"“Where Cooking Begins” by Carla Lalli Music introduces readers to essential techniques, foundational recipes, and the principles that underpin successful cooking. The book focuses on ingredients, preparation, and methodical instruction, allowing cooks to gain confidence and creativity in the kitchen. Music shares her personal insights, experiences, and tips, making the material approachable and engaging. Recipes range from simple everyday dishes to more elaborate preparations, emphasizing understanding of flavor, texture, and timing. The book serves as both an educational guide and an inspiration for home cooks seeking to elevate their skills."
1047,9780000003080,Dining In,Alison Roman,2017,Clarkson Potter,15,5,5,"“Dining In” by Alison Roman focuses on recipes for shared meals, entertaining, and home gatherings. The book emphasizes seasonal ingredients, bold flavors, and accessible preparation, providing readers with step-by-step guidance and creative tips. Roman’s approach combines practicality with style, ensuring dishes are both visually appealing and delicious. Through personal stories and thoughtful instruction, the book encourages confidence in the kitchen and enjoyment of cooking as a communal experience. It is ideal for home cooks looking to elevate everyday meals and host memorable gatherings with friends and family."
1048,9780000003081,Salt & Straw Ice Cream Cookbook,Tyler Malek,2019,Clarkson Potter,15,5,5,"“Salt & Straw Ice Cream Cookbook” by Tyler Malek explores inventive and artisanal ice cream flavors inspired by the renowned Salt & Straw shops. The book combines imaginative recipes with practical techniques, allowing home cooks to create unique frozen desserts. Malek emphasizes balancing flavor, texture, and aroma, often incorporating seasonal, local, or unconventional ingredients. Each recipe is accompanied by detailed instructions, tips for experimentation, and insights into the creative process behind flavor development. The book not only teaches how to craft ice cream but also encourages culinary creativity and adventurous exploration of tastes, making it both instructional and inspiring."
1049,9780000003082,The Perfect Scoop,David Lebovitz,2007,Ten Speed,15,5,5,"“The Perfect Scoop” by David Lebovitz is a comprehensive guide to making ice cream, sorbets, and frozen desserts at home. Lebovitz provides recipes ranging from classic flavors to innovative creations, with clear, step-by-step instructions and explanations of techniques. The book covers essential knowledge on balancing sweetness, fat, and texture, as well as tips for using different types of equipment and ingredients. Through personal anecdotes, troubleshooting advice, and flavor variation suggestions, readers are empowered to experiment and master frozen desserts with confidence. It is an essential resource for anyone passionate about ice cream making."
1050,9780000003083,My Paris Kitchen,David Lebovitz,2014,Ten Speed,15,5,5,"“My Paris Kitchen” by David Lebovitz blends memoir, culinary insight, and approachable French recipes. Lebovitz shares his experiences living in Paris, exploring markets, cafés, and kitchens, while presenting recipes that range from everyday meals to indulgent desserts. Each recipe is detailed, with guidance on technique, ingredients, and presentation, reflecting both authenticity and accessibility for home cooks. The book also includes personal anecdotes and cultural context, providing readers with a vivid sense of Parisian life and culinary tradition. It inspires creativity and confidence in the kitchen while offering a charming narrative of life in France."
1051,9780000003084,Ready for Dessert,David Lebovitz,2010,Ten Speed,15,5,5,"“Ready for Dessert” by David Lebovitz focuses on baking and dessert-making, combining precise techniques with approachable recipes. The book covers cakes, tarts, cookies, custards, and more, providing step-by-step instructions, troubleshooting tips, and variations to suit different skill levels. Lebovitz emphasizes flavor balance, texture, and presentation, empowering home cooks to achieve professional-quality results. Interwoven with personal stories and insights, the book also inspires creativity, experimentation, and a deeper understanding of ingredients and methods. It serves as both a practical guide and an engaging narrative for dessert enthusiasts."
1052,9780000003085,The Ice Cream Book,DK,2018,DK,15,5,5,"“The Ice Cream Book” by DK is a visually rich and comprehensive guide to ice cream, sorbet, gelato, and frozen treats from around the world. The book offers detailed recipes, techniques, and tips for achieving the perfect texture and flavor. It includes step-by-step photography, ingredient guides, and explanations of science behind freezing, churning, and flavor development. Readers are encouraged to experiment with classic and inventive recipes, while learning to adapt techniques for home kitchens. The book combines educational content with inspiring visuals, making it both practical and enjoyable for amateur and experienced ice cream makers alike."
1054,9780000003087,The Complete Cookbook,America's Test Kitchen,2001,ATK,15,5,5,"“The Complete Cookbook” by America’s Test Kitchen is an extensive guide covering a wide range of recipes, techniques, and cuisines for home cooks. Each recipe is rigorously tested for accuracy, flavor, and clarity, ensuring dependable results. The book provides detailed explanations, troubleshooting advice, and variations to help readers understand the principles behind successful cooking. From basic skills to advanced techniques, it offers guidance on ingredient selection, preparation, and timing. This comprehensive resource empowers home cooks to gain confidence, experiment creatively, and achieve consistent, high-quality results across diverse dishes."
1055,9780000003088,The Essential New York Times Cookbook,Amanda Hesser,2010,Norton,15,5,5,"“The Essential New York Times Cookbook” by Amanda Hesser compiles iconic and tested recipes featured in The New York Times over decades. Hesser provides clear instructions, tips, and contextual information on ingredients, preparation, and variations. The book emphasizes timeless recipes across categories such as appetizers, mains, desserts, and beverages, reflecting both tradition and innovation. With anecdotes and editorial insights, it offers readers an understanding of cooking philosophy, cultural significance, and practical techniques. It is a definitive reference for home cooks seeking reliable, well-crafted recipes and culinary inspiration."
1056,9780000003089,The New York Times Cooking No-Recipe Recipes,Sam Sifton,2021,Ten Speed,15,5,5,"“The New York Times Cooking No-Recipe Recipes” by Sam Sifton encourages flexible, intuitive cooking without strict measurements. The book teaches principles, techniques, and flavor combinations, allowing home cooks to adapt recipes to taste and available ingredients. Sifton provides guidance on preparation, seasoning, timing, and plating, enabling creative and confident decision-making in the kitchen. With examples, tips, and practical advice, readers learn to approach cooking with adaptability, skill, and understanding of culinary fundamentals. The book emphasizes enjoyment, experimentation, and the joy of improvisation while maintaining reliability in results."
1057,9780000003090,Cook Like a Local,Chris Shepherd,2019,Clarkson Potter,15,5,5,"“Cook Like a Local” by Chris Shepherd explores regional American cuisine through approachable recipes inspired by local ingredients and culinary traditions. Shepherd provides step-by-step instructions, flavor insights, and preparation techniques, highlighting the diversity of regional dishes. Personal anecdotes and stories of local producers and markets enrich the book, providing context and cultural understanding. Readers are guided to replicate authentic flavors at home while adapting techniques to their own kitchens. The book emphasizes accessibility, creativity, and appreciation for the stories behind food, making it both educational and engaging for home cooks."
1058,9780000003091,The Southern Living Cookbook,Southern Living,1987,Oxmoor,15,5,5,"“The Southern Living Cookbook” by Southern Living is a comprehensive collection of classic and contemporary Southern recipes. It includes appetizers, mains, sides, desserts, and beverages, with clear instructions, ingredient guidance, and cooking tips. The book emphasizes traditional flavors, comfort foods, and regional specialties, while offering modern adaptations for home cooks. Readers gain insights into preparation techniques, ingredient selection, and presentation. Through approachable recipes and cultural context, the book enables cooks to explore Southern cuisine with confidence, celebrating its rich culinary heritage and flavor diversity."
1059,9780000003092,Jubilee,Toni Tipton-Martin,2019,Clarkson Potter,15,5,5,"“Jubilee” by Toni Tipton-Martin celebrates African American culinary traditions, heritage, and history. The book includes recipes spanning appetizers, mains, sides, desserts, and beverages, showcasing the diversity and depth of Black American cuisine. Tipton-Martin provides detailed instructions, ingredient insights, and cultural context, emphasizing flavor, technique, and storytelling. Through historical narratives and personal anecdotes, the book connects readers to the roots, evolution, and significance of these dishes. It is both an educational resource and a practical guide for home cooks, preserving and honoring culinary heritage while inspiring contemporary adaptations."
1060,9780000003093,The Taste of Country Cooking,Edna Lewis,1976,Knopf,15,5,5,"“The Taste of Country Cooking” by Edna Lewis is a seminal work celebrating seasonal, fresh, and traditional Southern cooking. Lewis emphasizes farm-to-table ingredients, careful preparation, and flavor harmony, providing detailed recipes for vegetables, meats, breads, and desserts. The book combines memoir, storytelling, and practical guidance, offering cultural context, family traditions, and historical insights. Readers are encouraged to connect with the rhythms of nature and the principles of good cooking. Lewis’ approach inspires appreciation for local ingredients, thoughtful techniques, and the timeless pleasures of home-cooked meals, making it both instructional and evocative."
1061,9780000003094,The Sioux Chef's Indigenous Kitchen,Sean Sherman,2017,Minnesota,15,5,5,"“The Sioux Chef’s Indigenous Kitchen” by Sean Sherman focuses on revitalizing Native American culinary traditions using indigenous ingredients and techniques. The book offers recipes for mains, sides, and traditional preparations, emphasizing sustainability, seasonality, and authenticity. Sherman provides step-by-step guidance, ingredient explanations, and cultural context, highlighting the importance of preserving culinary heritage. Readers are encouraged to explore native flavors, adapt techniques for modern kitchens, and appreciate the history and philosophy behind each dish. The book combines education, inspiration, and practical instruction for home cooks and food enthusiasts."
1062,9780000003095,The Complete Mexican Cookbook,ATK,2017,ATK,15,5,5,"“The Complete Mexican Cookbook” by America’s Test Kitchen presents an exhaustive guide to authentic Mexican cuisine, covering regional dishes, techniques, and ingredients. The book provides clear, tested recipes, step-by-step instructions, and troubleshooting tips, ensuring dependable results. It emphasizes flavor balance, traditional methods, and modern adaptations for home cooks. With cultural context, explanations of staple ingredients, and advice on sourcing and substitutions, readers gain a comprehensive understanding of Mexican cooking. The book empowers cooks to recreate authentic flavors, build culinary confidence, and appreciate the richness and diversity of Mexican gastronomy."
1063,9780000003096,Oaxaca,Alejandro Ruiz,2018,Phaidon,15,5,5,"“Oaxaca” by Alejandro Ruiz explores the culinary traditions of Oaxaca, Mexico, renowned for its complex flavors and indigenous ingredients. The book provides detailed recipes, preparation techniques, and insights into local markets, seasonality, and flavor combinations. Ruiz emphasizes authenticity while making dishes accessible for home cooks, offering step-by-step guidance and tips for ingredient substitution. The narrative includes cultural stories and historical context, illustrating the region’s culinary heritage. Readers are encouraged to appreciate the depth and variety of Oaxacan cuisine, learning techniques and flavor principles that can be applied in their own kitchens."
1064,9780000003097,The Complete Indian Instant Pot Cookbook,Chandramouli,2019,Rockridge,15,5,5,"“The Complete Indian Instant Pot Cookbook” by Chandramouli provides a modern approach to Indian cuisine using the Instant Pot for convenience and efficiency. The book covers curries, rice dishes, dals, breads, and desserts, with clear step-by-step instructions and flavor guidance. Chandramouli emphasizes authentic taste, ingredient balance, and time-saving techniques, making Indian cooking accessible for home cooks. Recipes include tips on spice selection, seasoning, and pressure cooking adjustments. The book combines tradition with practicality, enabling readers to prepare complex Indian dishes quickly while maintaining depth of flavor and cultural authenticity."
1065,9780000003098,Madhur Jaffrey's Indian Cooking,Madhur Jaffrey,1982,Barron's,15,5,5,"“Madhur Jaffrey’s Indian Cooking” by Madhur Jaffrey is a definitive guide to traditional Indian cuisine, featuring recipes for regional dishes, snacks, breads, desserts, and beverages. Jaffrey emphasizes authenticity, ingredient understanding, and precise techniques, providing step-by-step instructions and cultural insights. The book combines historical context, personal anecdotes, and practical guidance, helping home cooks navigate complex spices, cooking methods, and flavor layering. Readers gain both technical skills and a deeper appreciation for the diversity and richness of Indian culinary traditions, making it suitable for both beginners and experienced cooks seeking authentic results."
1067,9780000003100,Indian-ish,Priya Krishna,2019,Houghton Mifflin,15,5,5,"“Indian-ish” by Priya Krishna presents modern, approachable recipes inspired by traditional Indian flavors. Krishna emphasizes fresh, accessible ingredients, simplified techniques, and bold, balanced flavors, making Indian cooking achievable for busy home cooks. The book includes step-by-step instructions, tips for adapting spices, and ideas for incorporating Indian-inspired dishes into everyday meals. Through storytelling, family anecdotes, and cultural context, Krishna engages readers with both inspiration and practical guidance. The book encourages creativity, experimentation, and confidence in preparing flavorful, Indian-inspired meals at home."
971,9780000003004,The Complete Cooking for Two Cookbook,America's Test Kitchen,2010,ATK,15,5,5,"The Complete Cooking for Two Cookbook by America's Test Kitchen is a meticulously designed cookbook tailored for couples or small households, focusing on preparing delicious, balanced meals without excess waste. It provides a comprehensive range of recipes covering breakfast, lunch, dinner, snacks, and desserts, all specifically portioned for two servings. Each recipe has been carefully tested to ensure consistent results and maximum flavor, offering step-by-step instructions suitable for both beginner and experienced home cooks. The book emphasizes practical kitchen skills, including knife techniques, roasting, sautéing, braising, baking, and sauce-making. Additionally, it guides readers on ingredient selection, meal planning, and storage tips to minimize waste while enhancing flavor. Beyond recipes, the book shares insights into flavor layering, seasoning, and balancing nutritional value with taste. Beautiful photography illustrates techniques and finished dishes, inspiring readers to cook confidently and creatively. With helpful tips, variations, and accessible ingredients, The Complete Cooking for Two Cookbook equips readers to create memorable and satisfying meals at home, fostering culinary confidence and enjoyable shared dining experiences."
1141,9780000004074,99,Wayne Gretzky,1999,Total Sports,11,5,5,"99 by Wayne Gretzky is an in-depth look at the life and career of the man who became known simply by his number. The book chronicles Gretzky's journey from his childhood in Brantford, Ontario, to becoming the most prolific scorer in NHL history. It examines the skills, work ethic, and mindset that propelled him to achieve records that many thought impossible. Readers gain insight into the mental and physical preparation required for elite performance, as well as the personal challenges and triumphs he faced throughout his career. Through detailed narratives and firsthand accounts, 99 captures the essence of Gretzky's impact on hockey and sports culture, offering lessons in dedication, strategic thinking, and the pursuit of greatness."
981,9780000003014,Half Baked Harvest Super Simple,Tieghan Gerard,2019,Clarkson Potter,15,5,5,"Half Baked Harvest Super Simple by Tieghan Gerard is a vibrant, approachable cookbook designed to make home cooking accessible, enjoyable, and flavorful. The book contains a wide range of recipes including breakfasts, lunches, dinners, snacks, and desserts, all crafted to be simple to follow without sacrificing bold taste. Gerard emphasizes using fresh, everyday ingredients while providing creative twists and variations that encourage readers to personalize dishes. The recipes are supported with step-by-step instructions, clear tips, and helpful substitutions to accommodate different dietary needs and skill levels. Interwoven with personal stories, kitchen anecdotes, and entertaining commentary, the book offers a glimpse into Gerard's life, cooking philosophy, and inspiration. Photography throughout the book showcases the color, texture, and appeal of each dish, motivating readers to recreate them at home. Half Baked Harvest Super Simple also teaches practical kitchen skills, time-saving strategies, and techniques for balancing flavors. It is a cookbook that empowers home cooks to produce stunning, tasty meals with confidence, creativity, and joy."
1091,9780000004024,Long Shot,Mike Piazza,2013,Simon & Schuster,11,5,5,"Long Shot by Mike Piazza is an in-depth autobiography that chronicles the life and career of one of Major League Baseball's most accomplished catchers. Piazza shares his journey from an underdog beginning, overcoming early doubts about his abilities, to becoming a 12-time All-Star and Hall of Famer. The book explores the mental and physical challenges of professional baseball, including perseverance through adversity, honing skills, and the dedication required to perform consistently at the elite level. Piazza provides behind-the-scenes stories from his career, illustrating teamwork, leadership, and the pressures of professional sports. Long Shot also delves into personal anecdotes, reflecting on family, mentors, and defining moments that shaped his approach to life and the game. The narrative emphasizes resilience, focus, and self-belief as critical elements in achieving extraordinary results, making it an inspiring read for athletes and fans alike."
1092,9780000004025,The TB12 Method,Tom Brady,2017,Simon & Schuster,11,5,5,"The TB12 Method by Tom Brady is a comprehensive guide that outlines the football legend's approach to peak performance, longevity, and holistic wellness. Brady shares his training routines, nutritional strategies, recovery techniques, and mental conditioning practices that have helped him sustain a record-breaking career in the NFL. The book emphasizes the interconnectedness of physical fitness, mental resilience, and lifestyle choices, offering actionable guidance for readers seeking to optimize performance in sports or daily life. Through anecdotes, scientific explanations, and step-by-step recommendations, Brady illustrates how discipline, consistency, and mindful decision-making contribute to elite performance. The TB12 Method also addresses injury prevention, recovery protocols, and strategies for maintaining energy and focus under pressure. With its combination of personal insight and evidence-based guidance, the book serves as both a motivational and practical resource for athletes and health-conscious individuals striving for long-term success and well-being."
1093,9780000004026,Quarterback,John Feinstein,2017,Doubleday,11,5,5,"Quarterback by John Feinstein provides an intimate and revealing look into the lives of college football quarterbacks, examining the pressures, expectations, and personal journeys of these athletes. Feinstein follows several players through the season, capturing the mental, emotional, and physical challenges they face on and off the field. The book explores themes of leadership, resilience, preparation, and decision-making under pressure, highlighting the unique role quarterbacks play in team dynamics and performance. Through detailed storytelling and observation, readers gain insight into training regimens, game strategies, and the psychological aspects of competition. Quarterback also sheds light on the influence of coaching, fan expectations, and the media, offering a comprehensive understanding of the modern college football experience. Feinstein's work is both educational and compelling, illustrating how talent, discipline, and mental fortitude intersect to shape the careers of young athletes."
982,9780000003015,Cravings,Chrissy Teigen,2016,Clarkson Potter,15,5,5,"Cravings by Chrissy Teigen is an engaging, dynamic cookbook that combines bold, flavorful recipes with entertaining personal storytelling. Teigen offers a wide variety of dishes ranging from comfort food classics to globally inspired creations, providing step-by-step instructions, ingredient alternatives, and helpful tips to make each recipe approachable. Beyond recipes, the book is filled with anecdotes, humorous reflections, and insights into Teigen's life, cooking style, and entertaining philosophy. Each recipe emphasizes bold flavors, ease of preparation, and visual appeal, ensuring readers can create meals that are as beautiful as they are delicious. Photography captures the essence of the dishes, inspiring readers to explore new flavors and techniques in their own kitchens. Cravings encourages experimentation, creativity, and confidence, teaching not only how to follow recipes but also how to adapt them for personal taste, occasion, or dietary preference. It is a comprehensive guide that makes cooking fun, accessible, and satisfying."
984,9780000003017,Plenty,Yotam Ottolenghi,2010,Chronicle,15,5,5,"Plenty by Yotam Ottolenghi is a celebrated cookbook focusing on vegetable-forward, creative, and flavorful dishes that elevate everyday meals. Ottolenghi presents an array of recipes that are inventive yet approachable, emphasizing freshness, color, texture, and balance. The book covers breakfasts, salads, mains, and side dishes, with instructions that are detailed, clear, and designed to empower home cooks of all skill levels. Throughout the book, Ottolenghi shares insights into flavor pairing, seasoning techniques, and ingredient selection, helping readers to understand the principles behind each dish. Photography highlights the vibrancy and artistry of the recipes, making the book visually inspiring as well as practical. Plenty encourages experimentation, customization, and creativity in the kitchen, providing variations and tips that allow readers to adjust recipes to their tastes or dietary needs. It is not just a cookbook but a source of culinary inspiration, teaching readers how to combine flavors, textures, and colors to craft delicious, satisfying meals that are as beautiful as they are nourishing."
1143,9780000004076,The Art of Fielding,Chad Harbach,2011,Little Brown,11,5,5,"The Art of Fielding by Chad Harbach is a rich, character-driven novel centered around baseball and the pursuit of excellence. Set at a small college, the story follows Henry Skrimshander, a talented shortstop, and his teammates as they navigate the pressures of performance, personal relationships, and self-discovery. Harbach explores themes of ambition, failure, friendship, and identity, emphasizing how dedication and talent intersect with human emotion and vulnerability. The narrative delves into the mental and emotional challenges athletes face, the impact of mentorship, and the ways personal choices shape career trajectories. The Art of Fielding offers readers both a compelling story and a nuanced reflection on the nature of competition, discipline, and personal growth."
985,9780000003018,Simple,Yotam Ottolenghi,2018,Ten Speed,15,5,5,"Simple by Yotam Ottolenghi is a follow-up to his acclaimed vegetable-focused cookbook Plenty, designed to bring the same bold, inventive flavors to everyday home cooking with greater ease and accessibility. The book emphasizes dishes that are flavorful, vibrant, and balanced, while being straightforward enough for busy home cooks. Ottolenghi provides step-by-step instructions, ingredient tips, and suggestions for substitutions to accommodate different dietary preferences. Recipes range from breakfasts and lunches to dinners and snacks, all crafted with attention to flavor layering, texture, and presentation. The book includes personal anecdotes, insights into Ottolenghi's creative process, and guidance on pairing ingredients to elevate simple dishes into memorable meals. Photography showcases the color, vibrancy, and artistry of each recipe, inspiring readers to try new techniques and combinations in their own kitchens. Overall, Simple empowers home cooks to produce elegant, flavorful, and satisfying meals with confidence, creativity, and minimal complexity."
986,9780000003019,Jerusalem,Yotam Ottolenghi,2012,Ten Speed,15,5,5,"Jerusalem by Yotam Ottolenghi is a celebrated cookbook that explores the rich culinary heritage of the city of Jerusalem, blending Middle Eastern, Mediterranean, and Jewish traditions. Ottolenghi, together with Sami Tamimi, presents recipes that celebrate bold flavors, fresh ingredients, and inventive combinations, providing a detailed guide for home cooks to recreate authentic dishes. Each recipe is meticulously tested and presented with step-by-step instructions, tips for ingredient substitutions, and guidance on balancing flavors. The book also offers historical and cultural context, weaving stories of Jerusalem's diverse communities and culinary traditions alongside vibrant photography that captures the colors, textures, and essence of the dishes. Readers are encouraged to experiment, customize, and develop confidence in cooking techniques ranging from roasting and sautéing to marinating and seasoning. Jerusalem serves as both a culinary journey and an educational resource, teaching readers how to approach cooking with creativity, cultural awareness, and attention to detail."
1138,9780000004071,The Jersey,Tom Meany,2021,Harper,11,5,5,"The Jersey by Tom Meany is an engaging account of young athletes who wore the number 16 jersey for the New York Yankees, chronicling their experiences, achievements, and challenges. Meany explores the personal stories behind the players, their development in professional baseball, and the values of dedication, discipline, and perseverance. The book provides insights into the mental and physical demands of sports, including training, competition, and resilience. Through vivid storytelling and detailed accounts, The Jersey offers readers inspiration and understanding of what it takes to succeed in professional athletics, highlighting leadership, teamwork, and the pursuit of excellence."
987,9780000003020,Ottolenghi Flavor,Yotam Ottolenghi,2020,Ten Speed,15,5,5,"Ottolenghi Flavor by Yotam Ottolenghi is a masterclass in the art of flavor combinations, designed to help home cooks elevate their cooking through understanding how tastes, textures, and aromas interact. The book provides in-depth guidance on pairing ingredients, balancing sweet, sour, salty, bitter, and umami elements, and using herbs, spices, and condiments to enhance dishes. Ottolenghi shares insights from his extensive culinary experience, along with practical tips for achieving maximum flavor in everyday cooking. Recipes are detailed, approachable, and cover a wide range of meals, from starters and mains to sides and desserts. Rich photography illustrates both the process and finished dishes, making it visually inspiring. Ottolenghi Flavor emphasizes creativity, experimentation, and intuition in cooking, teaching readers to trust their senses and develop a personal approach to flavor. The book is an invaluable resource for both novice and experienced cooks seeking to transform simple ingredients into memorable, exciting meals."
988,9780000003021,The Complete Mediterranean Cookbook,America's Test Kitchen,2016,ATK,15,5,5,"The Complete Mediterranean Cookbook by America's Test Kitchen is an extensive guide to the flavors, techniques, and ingredients of the Mediterranean region. The book offers hundreds of recipes covering a wide variety of dishes from appetizers, salads, and soups to main courses, sides, and desserts, all designed for home cooks to recreate authentic Mediterranean cuisine. Detailed instructions, step-by-step techniques, and ingredient notes help ensure success, whether preparing roasted vegetables, grilled meats, or delicate pastries. The cookbook emphasizes fresh, seasonal ingredients, healthy preparation methods, and balanced flavor profiles characteristic of Mediterranean cooking. It also provides background on key ingredients, cooking methods, and regional variations, giving readers both practical guidance and cultural insight. Beautiful photography illustrates the dishes, inspiring readers to explore new flavors, textures, and presentations. With its combination of reliable testing, culinary education, and accessible recipes, The Complete Mediterranean Cookbook equips cooks to create flavorful, satisfying meals while deepening their appreciation for Mediterranean culinary traditions."
1277,9780000005010,Fun Home,Alison Bechdel,2006,Houghton Mifflin,16,5,5,"Fun Home by Alison Bechdel is a richly layered graphic memoir that explores the author's complex relationship with her father, her own sexual identity, and the interplay between family dynamics and personal growth. Bechdel combines autobiographical storytelling with literary references, intricate visual design, and reflective narrative, creating a deeply personal yet universal work. The book addresses themes of identity, memory, grief, and the impact of hidden truths, presenting a nuanced portrayal of family and self-discovery. Fun Home is acclaimed for its innovative narrative structure, detailed illustrations, and literary sophistication, establishing it as a seminal work in the genre of graphic memoirs."
989,9780000003022,The Skinnytaste Cookbook,Gina Homolka,2014,Clarkson Potter,15,5,5,"The Skinnytaste Cookbook by Gina Homolka is a collection of delicious, health-conscious recipes that allow home cooks to enjoy flavorful meals without compromising on nutrition. The book includes a wide variety of dishes for breakfasts, lunches, dinners, snacks, and desserts, all designed to be lighter in calories while still rich in taste. Homolka provides detailed instructions, tips for ingredient substitutions, and guidance on meal planning and preparation, making the recipes accessible for cooks of all skill levels. Each recipe focuses on fresh, wholesome ingredients and smart cooking techniques to enhance flavor without adding unnecessary fat, sugar, or salt. Photography throughout the book showcases the finished dishes, making them visually appealing and inspiring readers to recreate the meals at home. The cookbook encourages home cooks to experiment with flavors, try new ingredients, and develop confidence in the kitchen, offering strategies for quick, healthy, and satisfying meals. With practical guidance and tested recipes, The Skinnytaste Cookbook is a comprehensive resource for anyone seeking nutritious, flavorful, and enjoyable home-cooked meals."
990,9780000003023,Run Fast. Eat Slow.,Shalane Flanagan,2016,Rodale,15,5,5,"Run Fast. Eat Slow. by Shalane Flanagan is a unique cookbook that combines the worlds of athletic performance and nutrition, designed specifically for runners and endurance athletes. Flanagan, an Olympic medalist, shares recipes that are both delicious and performance-focused, providing balanced nutrition to fuel training, recovery, and overall health. The book includes breakfasts, snacks, main meals, and desserts, all emphasizing whole, natural ingredients, proper portioning, and nutrient-dense combinations. Detailed instructions, tips for substitutions, and practical advice for meal planning make the recipes approachable for home cooks. Additionally, Flanagan shares personal stories, training insights, and nutritional guidance, giving readers a comprehensive understanding of how food impacts performance and wellbeing. Photography showcases the vibrant colors, textures, and appeal of each dish, inspiring readers to prepare meals that are not only nutritious but also enjoyable. Run Fast. Eat Slow. teaches techniques for balancing macronutrients, timing meals, and fueling the body for optimal athletic performance while enjoying flavorful, satisfying food."
991,9780000003024,Eat What You Love,Marlene Koch,2010,Running Press,15,5,5,"Eat What You Love by Marlene Koch is a cookbook that empowers home cooks to enjoy flavorful, satisfying meals without guilt. Koch emphasizes the importance of balancing taste with health, showing that meals can be both delicious and nourishing. The book features a wide variety of recipes, including breakfasts, lunches, dinners, snacks, and desserts, with step-by-step instructions, ingredient tips, and suggestions for substitutions to accommodate dietary needs. Each recipe is designed to highlight fresh, wholesome ingredients and encourages creativity in the kitchen. Marlene Koch provides insight into meal planning, portion control, and techniques for preparing meals efficiently while maintaining flavor and quality. Photography throughout the book showcases vibrant, enticing dishes, inspiring readers to recreate them at home. Beyond the recipes, the book shares practical advice on nutrition, flavor balancing, and cooking strategies that allow home cooks to prepare meals that are satisfying, healthy, and enjoyable for the whole family. Eat What You Love teaches readers that nutritious eating can be joyful, flavorful, and accessible to everyone."
1139,9780000004072,Astroball,Ben Reiter,2018,Crown,11,5,5,"Astroball by Ben Reiter is a detailed examination of the Oakland Athletics' innovative approach to baseball, focusing on analytics, strategy, and the management techniques that shaped the team's success. Reiter provides an inside look at the front office decisions, player development, and analytical tools used to gain a competitive edge. The book explores the challenges of balancing data-driven strategies with human intuition, the dynamics of leadership, and the importance of teamwork. Astroball offers readers insight into the evolution of modern baseball, highlighting how statistics and analytics have transformed talent evaluation, game strategy, and organizational decision-making. It is both educational and compelling for fans, analysts, and those interested in the intersection of sports, management, and innovation."
992,9780000003025,The Pioneer Woman Cooks,Ree Drummond,2009,William Morrow,15,5,5,"The Pioneer Woman Cooks by Ree Drummond is a beloved cookbook that brings the warmth, comfort, and charm of home-style cooking to kitchens everywhere. Drummond, known for her engaging storytelling and approachable recipes, presents a variety of dishes ranging from hearty breakfasts and family dinners to indulgent desserts and snacks. Each recipe is detailed with step-by-step instructions, tips for ingredient substitutions, and advice on achieving the best results, making it accessible to cooks of all skill levels. The book blends recipes with personal anecdotes, providing insight into Drummond's life on a ranch, her family, and her culinary inspirations. Photography throughout the book showcases the beauty, texture, and appeal of each dish, encouraging readers to recreate them at home. Drummond emphasizes using fresh, wholesome ingredients, practical cooking techniques, and balancing flavors to create meals that are both satisfying and memorable. The Pioneer Woman Cooks is more than a cookbook; it is a celebration of comfort, creativity, and the joy of sharing meals with loved ones."
993,9780000003026,The Pioneer Woman Cooks: Food from My Frontier,Ree Drummond,2012,William Morrow,15,5,5,"The Pioneer Woman Cooks: Food from My Frontier by Ree Drummond is an expansive cookbook that combines practical, approachable recipes with rich storytelling from Drummond's life on a working ranch. This book covers a wide range of dishes including breakfasts, lunch and dinner entrees, sides, snacks, and desserts, with detailed instructions, tips, and variations for home cooks. Drummond shares insights into ingredient selection, flavor balancing, and efficient preparation methods, making even complex recipes approachable. Photography captures the rustic charm, warmth, and delicious appeal of each dish, inspiring readers to try them at home. Beyond recipes, Drummond interweaves personal anecdotes, reflections on family life, and stories behind the meals, creating an engaging narrative that complements the cooking experience. This cookbook emphasizes the importance of home-cooked meals in bringing people together, celebrating seasonal ingredients, and combining practicality with creativity. Readers can expect to learn techniques for everything from baking and roasting to meal planning, portioning, and flavor pairing, all while enjoying a narrative that brings the frontier culinary lifestyle to life."
994,9780000003027,Magnolia Table,Joanna Gaines,2018,William Morrow,15,5,5,"Magnolia Table by Joanna Gaines is a cherished cookbook that blends approachable, home-style recipes with personal stories from the author. The book covers a broad spectrum of meals, from breakfast and brunch to lunch, dinner, and desserts, with step-by-step instructions, ingredient tips, and options for substitutions to suit different tastes and dietary needs. Gaines emphasizes simple, wholesome, and flavorful cooking that brings families together, with recipes designed to be both accessible to beginners and satisfying for experienced home cooks. Photography highlights the color, texture, and presentation of dishes, encouraging readers to try new techniques and combinations. Beyond the recipes, Magnolia Table includes anecdotes about Gaines's family, inspiration for the dishes, and reflections on her journey in the culinary world. The book provides guidance on meal preparation, cooking from scratch, baking, and plating, while emphasizing a warm, inviting table experience. With a combination of practicality, creativity, and storytelling, Magnolia Table is both a culinary resource and an engaging read, celebrating the joy of home cooking."
996,9780000003029,The Complete Vegan Cookbook,America's Test Kitchen,2018,ATK,15,5,5,"The Complete Vegan Cookbook by America's Test Kitchen is an extensive guide to plant-based cooking that offers hundreds of carefully tested recipes suitable for home cooks of all skill levels. The cookbook covers breakfasts, lunches, dinners, sides, snacks, and desserts, with detailed instructions, ingredient substitutions, and tips for achieving optimal flavors and textures without the use of animal products. Recipes are crafted to be balanced, nutritious, and delicious, emphasizing whole foods and seasonal ingredients. Step-by-step guidance ensures that even complex techniques such as making dairy-free cheeses, vegan sauces, and baked goods are approachable. The book also includes sections on pantry staples, cooking techniques, and meal planning strategies for a fully plant-based diet. Photography throughout the book showcases finished dishes, helping readers visualize the results and gain confidence in preparation. With its comprehensive approach, The Complete Vegan Cookbook teaches techniques, flavor combinations, and strategies to make vegan cooking satisfying, creative, and accessible, making it an invaluable resource for anyone exploring plant-based cuisine."
997,9780000003030,Veganomicon,Isa Chandra Moskowitz,2007,Da Capo,15,5,5,"Veganomicon by Isa Chandra Moskowitz is a definitive cookbook for vegan cooking, offering an extensive collection of recipes that demonstrate the richness, variety, and creativity of plant-based cuisine. The book includes breakfast, lunch, dinner, dessert, and snack recipes, all designed to be flavorful, balanced, and satisfying. Moskowitz provides detailed instructions, ingredient substitutions, and advice for home cooks to achieve professional-level results while using accessible ingredients. The cookbook also explores techniques for creating dairy-free cheeses, sauces, and baked goods, emphasizing the use of fresh, whole foods to maximize flavor and nutrition. Photography and layout highlight the texture, color, and appeal of each dish, inspiring readers to experiment and develop confidence in vegan cooking. Beyond recipes, Veganomicon offers tips on meal planning, pantry essentials, and understanding flavor combinations to elevate everyday meals. The book is celebrated for its combination of creativity, practicality, and thorough guidance, making it a cornerstone resource for anyone interested in plant-based cooking."
998,9780000003031,Thug Kitchen,Thug Kitchen,2014,Rodale,15,5,5,"Thug Kitchen by Thug Kitchen is a groundbreaking cookbook that combines humor, attitude, and practical vegan recipes to engage a broad audience in healthy, plant-based cooking. The book includes a wide range of meals, from breakfasts and snacks to dinners, sides, and desserts, all made with accessible ingredients and bold flavors. Recipes come with clear instructions, ingredient tips, and suggestions for substitutions, making them approachable for cooks of all skill levels. The book emphasizes whole foods, seasonal produce, and balanced nutrition while encouraging creativity and experimentation in the kitchen. In addition to recipes, Thug Kitchen provides guidance on meal planning, pantry essentials, and strategies for creating flavorful, satisfying dishes without animal products. The irreverent tone, combined with practical culinary guidance and vibrant photography, makes the cookbook both entertaining and educational. Thug Kitchen empowers readers to embrace healthy cooking, explore plant-based ingredients, and enjoy the process of creating delicious meals with confidence and flair."
999,9780000003032,Thug Kitchen Party Grub,Thug Kitchen,2015,Rodale,15,5,5,"Thug Kitchen Party Grub by Thug Kitchen builds on the success of the original cookbook, focusing on vegan recipes designed for entertaining, parties, and gatherings. The book includes appetizers, snacks, mains, desserts, and drinks, all crafted to deliver bold, exciting flavors while remaining plant-based. Recipes are detailed, with step-by-step instructions, ingredient tips, and suggestions for substitutions to accommodate dietary preferences and skill levels. The book emphasizes fresh, wholesome ingredients, creative combinations, and presentation techniques that make each dish party-ready. In addition to recipes, Thug Kitchen Party Grub provides tips on menu planning, timing, and making vegan dishes enjoyable for both vegans and non-vegans alike. Vibrant photography showcases the dishes, encouraging readers to experiment and present meals with flair. With its combination of practicality, entertainment, and culinary creativity, Thug Kitchen Party Grub inspires readers to host gatherings that are delicious, fun, and inclusive, while teaching techniques for plant-based cooking that can be applied beyond party settings."
1000,9780000003033,Plenty More,Yotam Ottolenghi,2014,Ten Speed,15,5,5,"Plenty More by Yotam Ottolenghi is a follow-up to his acclaimed cookbook Plenty, offering a fresh collection of vegetable-focused, inventive, and flavorful recipes. The book emphasizes creativity, bold flavor combinations, and seasonal ingredients while maintaining accessibility for home cooks. Recipes include detailed instructions, ingredient notes, and tips for substitutions, making it easier to explore Middle Eastern, Mediterranean, and global-inspired cuisine at home. Photography showcases the vibrant colors, textures, and presentation of each dish, inspiring readers to replicate them in their own kitchens. Beyond recipes, Ottolenghi shares insights into flavor balancing, cooking techniques, and creative experimentation, encouraging cooks to approach each dish with intuition and confidence. Plenty More empowers readers to enjoy vegetables in imaginative ways, introduces new techniques and flavor profiles, and provides guidance for both everyday meals and special occasions. The book combines practicality, creativity, and culinary storytelling, making it an essential resource for those seeking exciting, vegetable-forward cooking."
1001,9780000003034,The Smitten Kitchen Cookbook,Deb Perelman,2012,Knopf,15,5,5,"The Smitten Kitchen Cookbook by Deb Perelman is a comprehensive guide to home cooking, featuring approachable, flavor-rich recipes suitable for cooks of all levels. Perelman emphasizes simplicity, accessibility, and attention to detail, providing step-by-step instructions, ingredient substitutions, and tips to ensure successful results. The book covers a wide range of meals, from breakfasts and snacks to main courses, sides, and desserts, with a focus on fresh, high-quality ingredients and balanced flavors. Photography captures the appeal and presentation of each dish, inspiring readers to recreate them at home. In addition to recipes, Perelman shares anecdotes, culinary insights, and guidance on kitchen techniques, helping readers develop confidence and skill. The Smitten Kitchen Cookbook encourages experimentation, creativity, and enjoyment in cooking, combining practical instruction with engaging storytelling. It is designed to make home cooking accessible, satisfying, and enjoyable, offering both reliable techniques and inspiration for everyday meals and special occasions."
1002,9780000003035,Smitten Kitchen Every Day,Deb Perelman,2017,Knopf,15,5,5,"Smitten Kitchen Every Day by Deb Perelman is a follow-up to her acclaimed Smitten Kitchen Cookbook, focusing on everyday meals that are approachable, flavorful, and designed to simplify home cooking. The book covers a wide range of dishes, including breakfasts, lunches, dinners, snacks, and desserts, with detailed instructions, ingredient substitutions, and tips to ensure home cooks of all skill levels achieve great results. Perelman emphasizes the use of fresh, seasonal ingredients and provides guidance on flavor balancing, preparation techniques, and creative variations. Photography throughout the book showcases the appeal, color, and texture of each dish, inspiring readers to try new recipes at home. Beyond recipes, Smitten Kitchen Every Day includes personal anecdotes, tips for meal planning, and strategies to make cooking enjoyable and efficient. The book is designed to empower home cooks to create delicious, reliable, and satisfying meals with confidence, offering both practicality and culinary inspiration for everyday life."
1003,9780000003036,The Complete Slow Cooker,America's Test Kitchen,2015,ATK,15,5,5,"The Complete Slow Cooker by America's Test Kitchen is an extensive cookbook that focuses on maximizing the convenience, flavor, and versatility of slow cooker cooking. The book includes hundreds of recipes spanning appetizers, soups, main courses, side dishes, and desserts, all meticulously tested for consistent results. Detailed instructions, ingredient substitutions, and step-by-step guidance ensure that home cooks achieve reliable outcomes while exploring a wide variety of global cuisines and flavors. The book provides insights into cooking techniques, timing, and layering flavors to make the most of slow cooker capabilities. Photography captures the finished dishes and the process, inspiring readers to try new recipes with confidence. In addition to recipes, the book offers tips on meal planning, storage, and adapting recipes for dietary preferences. The Complete Slow Cooker empowers home cooks to prepare convenient, flavorful, and satisfying meals while mastering the art of slow cooking for everyday and special-occasion meals alike."
1004,9780000003037,The Instant Pot Bible,Bruce Weinstein,2017,Little Brown,15,5,5,"The Instant Pot Bible by Bruce Weinstein is a comprehensive guide to making the most of the popular multi-functional pressure cooker. The book features a wide range of recipes, from breakfasts and soups to mains, sides, and desserts, all carefully tested to ensure success in an Instant Pot. Detailed step-by-step instructions, ingredient notes, and tips for substitutions make the recipes accessible to home cooks of varying skill levels. The book emphasizes flavor, texture, and efficiency, demonstrating how the Instant Pot can save time while producing delicious meals. Photography highlights the finished dishes and key steps in the process, inspiring confidence and creativity in the kitchen. In addition to recipes, Weinstein provides guidance on pressure cooking techniques, timing, safety, and troubleshooting common issues. The Instant Pot Bible equips readers with both the knowledge and practical tools to create a wide variety of meals with ease, consistency, and culinary flair, making it an essential resource for both beginners and experienced users."
1161,9780000004094,Hard Work Pays Off,Mat Fraser,2020,Tarcher,11,5,5,"Hard Work Pays Off by Mat Fraser delves into the journey of one of the most accomplished CrossFit athletes, sharing lessons in discipline, perseverance, and mental fortitude. Fraser provides a behind-the-scenes look at training routines, nutrition, recovery strategies, and mindset practices that enabled him to dominate the sport. The book emphasizes goal setting, overcoming challenges, and the importance of consistent effort in achieving elite performance. Beyond fitness, Fraser reflects on resilience, motivation, and the role of community in supporting growth. Hard Work Pays Off offers actionable guidance for athletes and individuals striving to reach their full potential, combining personal anecdotes with evidence-based training insights."
1006,9780000003039,The Complete Air Fryer Cookbook,Linda Larsen,2019,Rockridge,15,5,5,"The Complete Air Fryer Cookbook by Linda Larsen is a comprehensive guide to cooking with an air fryer, offering a wide variety of recipes that are healthier, faster, and flavorful. The book includes breakfast, lunch, dinner, snack, and dessert recipes, all with detailed instructions, tips, and suggestions for ingredient substitutions. Larsen emphasizes the importance of understanding air fryer techniques, including temperature control, timing, and food preparation, to achieve optimal results. The cookbook highlights the versatility of air frying, demonstrating that it can produce crispy, delicious, and nutritious dishes with less oil. Photography throughout the book showcases the finished dishes, inspiring readers to explore new flavors and cooking methods. In addition to recipes, the book provides guidance on meal planning, storage, and combining ingredients creatively. The Complete Air Fryer Cookbook empowers home cooks to create easy, healthy, and flavorful meals with confidence, helping them maximize the potential of their air fryer for everyday cooking."
1007,9780000003040,Air Fry Every Day,Ben Mims,2018,Clarkson Potter,15,5,5,"Air Fry Every Day by Ben Mims is a cookbook that focuses on making air frying a practical and delicious method for daily cooking. Mims presents a wide range of recipes for breakfasts, lunches, dinners, sides, snacks, and desserts, all crafted to maximize flavor while using minimal oil and time. Each recipe includes detailed instructions, tips for ingredient substitutions, and guidance on achieving consistent results. The book emphasizes fresh, wholesome ingredients, balanced nutrition, and the versatility of the air fryer for everyday meals. Photography illustrates the dishes and techniques, inspiring readers to try them at home. Beyond recipes, Air Fry Every Day offers advice on meal planning, cooking techniques, and creative ways to adapt traditional recipes to air frying. The book empowers home cooks to prepare healthy, flavorful, and convenient meals consistently, making air frying an accessible and enjoyable tool for the modern kitchen."
1008,9780000003041,Bread Illustrated,America's Test Kitchen,2016,ATK,15,5,5,"Bread Illustrated by America's Test Kitchen is an authoritative cookbook focused on the art and science of bread baking. The book provides detailed guidance for making a wide variety of breads, including yeasted, quick breads, flatbreads, and enriched doughs. Each recipe includes step-by-step instructions, tips for troubleshooting, and insights into the techniques and chemistry behind bread baking, helping home cooks achieve reliable and delicious results. Photography throughout the book showcases dough textures, shaping methods, and finished loaves, inspiring readers to replicate the process at home. Bread Illustrated also offers guidance on selecting ingredients, understanding fermentation, and using proper baking tools to ensure success. The book is both educational and practical, providing a comprehensive resource for novice and experienced bakers alike. By combining technical instruction with detailed recipes and visual guidance, Bread Illustrated empowers readers to develop skill, confidence, and creativity in bread baking."
1009,9780000003042,Flour Water Salt Yeast,Ken Forkish,2012,Ten Speed,15,5,5,"Flour Water Salt Yeast by Ken Forkish is a comprehensive guide to artisan bread baking, emphasizing the importance of simplicity, quality ingredients, and technique. The book provides detailed instructions for a variety of breads, from rustic country loaves to enriched breads and pizza dough, with step-by-step guidance, tips, and troubleshooting advice. Forkish explains the science behind fermentation, hydration, and dough handling, helping readers understand the processes involved and achieve consistent results. Photography captures the dough stages, shaping, and finished breads, illustrating techniques and inspiring readers to experiment. The book also offers guidance on ingredient selection, timing, and kitchen tools, ensuring that home bakers can replicate professional-quality breads. Flour Water Salt Yeast combines technical instruction, practical advice, and inspiration, making it an essential resource for anyone seeking to master the art of bread baking with confidence and creativity."
1010,9780000003043,Tartine Bread,Chad Robertson,2010,Chronicle,15,5,5,"Tartine Bread by Chad Robertson is a comprehensive guide to artisan bread baking, emphasizing natural fermentation, sourdough starters, and meticulous technique. The book provides step-by-step instructions for a wide range of breads including rustic loaves, enriched doughs, and specialty breads, explaining the science behind fermentation, hydration, kneading, shaping, scoring, and baking. Detailed tips and troubleshooting advice ensure that home bakers can achieve professional-quality results. Robertson's philosophy balances patience and creativity, encouraging readers to explore flavor development, texture, and the tactile experience of working with dough. The book includes photography that showcases dough stages, shaping, and finished breads, inspiring confidence in execution. Beyond recipes, Tartine Bread delves into the culture and artistry of bread baking, illustrating how understanding fermentation, timing, and ingredients can transform simple flour and water into flavorful, complex loaves. It is both a technical manual and a source of inspiration for bakers seeking mastery and creative exploration."
1011,9780000003044,The Bread Baker's Apprentice,Peter Reinhart,2001,Ten Speed,15,5,5,"The Bread Baker's Apprentice by Peter Reinhart is an authoritative guide to mastering the art of bread baking at home. The book offers hundreds of recipes covering yeasted breads, artisan loaves, enriched doughs, and specialty recipes. Each recipe includes detailed instructions, step-by-step techniques, and troubleshooting advice to ensure reliable results. Reinhart emphasizes understanding the chemistry and biology behind bread, including fermentation, gluten development, hydration, and shaping. The book teaches both foundational skills and advanced techniques, helping home bakers build confidence and expertise. Photography illustrates key steps, dough textures, and finished breads, providing visual guidance. Beyond recipes, The Bread Baker's Apprentice explores the history and culture of bread, encouraging experimentation, creativity, and a deeper appreciation for the craft. It is widely regarded as essential for anyone serious about baking bread with precision, skill, and artistry."
1012,9780000003045,The Complete Baking Book,America's Test Kitchen,2018,ATK,15,5,5,"The Complete Baking Book by America's Test Kitchen is a thorough resource for home bakers seeking consistent and delicious results across a wide range of baked goods. The book covers breads, pastries, cakes, cookies, pies, and tarts, with meticulously tested recipes designed to succeed in home kitchens. Detailed instructions, ingredient notes, tips for substitutions, and step-by-step guidance provide clarity and reliability for both novice and experienced bakers. The book emphasizes technique, precision, and understanding the science behind baking, such as mixing, leavening, temperature control, and timing. Photography captures the finished products and sometimes intermediate steps, offering inspiration and visual cues. Beyond recipes, it includes advice on equipment, ingredient selection, and troubleshooting common issues, making it a complete educational tool. The Complete Baking Book equips readers with the knowledge, confidence, and skills to bake a wide variety of treats consistently and creatively."
1013,9780000003046,Baking: From My Home to Yours,Dorie Greenspan,2006,Houghton Mifflin,15,5,5,"Baking: From My Home to Yours by Dorie Greenspan is a richly detailed and approachable baking cookbook that emphasizes the joy, creativity, and technique of home baking. Greenspan provides a wide range of recipes for cakes, cookies, pastries, breads, and desserts, each with comprehensive instructions, tips for ingredient substitutions, and practical advice for home cooks of all skill levels. The book blends precision with artistry, ensuring reliable results while encouraging creative expression. Greenspan also shares anecdotes and personal stories that give insight into her inspirations and experiences in the culinary world. Photography showcases the texture, color, and presentation of finished products, offering guidance and inspiration. Beyond individual recipes, the book teaches fundamental baking techniques, from mixing and folding to proofing and glazing, empowering readers to develop confidence, skill, and enjoyment in the kitchen. Baking: From My Home to Yours is both a reference and a source of culinary delight, making it an essential guide for anyone passionate about baking."
1014,9780000003047,Dessert Person,Claire Saffitz,2020,Clarkson Potter,15,5,5,"Dessert Person by Claire Saffitz is a comprehensive guide to mastering desserts with clarity, precision, and creativity. Saffitz, a renowned pastry chef, offers a diverse selection of recipes for cakes, cookies, pies, tarts, and pastries, each accompanied by detailed instructions, step-by-step techniques, and tips for achieving professional-quality results at home. The book emphasizes understanding the science behind baking and pastry-making, teaching readers how ingredients, temperature, timing, and technique influence texture, flavor, and appearance. Photography provides visual guidance for each stage of preparation and final presentation, inspiring confidence and creativity. Saffitz also shares personal stories, reflections on the art of dessert-making, and guidance on ingredient selection, substitutions, and troubleshooting common challenges. Dessert Person encourages home bakers to experiment, learn from mistakes, and develop both technical skill and artistic expression. The book balances precision with approachability, making it suitable for beginners while offering advanced insight for experienced bakers, ultimately guiding readers to create desserts that are both delicious and visually stunning."
1290,9780000005023,Death Note,Tsugumi Ohba,2003,Shueisha,16,5,5,"Death Note by Tsugumi Ohba is a psychological thriller manga that explores morality, justice, and the consequences of absolute power. The story follows Light Yagami, a brilliant high school student who discovers a supernatural notebook that allows him to kill anyone by writing their name within its pages. Ohba crafts a tense, intellectual cat-and-mouse game between Light and the detective L, blending suspense, ethical dilemmas, and psychological insight. Takeshi Obata's precise, dynamic artwork emphasizes character emotion, atmosphere, and dramatic tension. Death Note is acclaimed for its intricate plotting, philosophical depth, and the way it challenges readers to question morality, responsibility, and the limits of human ambition."
1015,9780000003048,Sweet,Yotam Ottolenghi,2017,Ten Speed,15,5,5,"Sweet by Yotam Ottolenghi is an inventive and comprehensive dessert cookbook that explores the flavors, textures, and techniques behind modern sweets. The book offers a wide range of recipes for cakes, cookies, tarts, mousses, and pastries, each meticulously developed to achieve balance, flavor depth, and visual appeal. Ottolenghi provides detailed step-by-step instructions, ingredient notes, tips for substitutions, and techniques that encourage creativity and precision. Photography throughout the book showcases the finished desserts, highlighting color, texture, and presentation, inspiring readers to attempt ambitious creations at home. Beyond recipes, Sweet offers insights into flavor pairing, ingredient selection, and baking strategies, guiding home cooks through complex techniques while remaining approachable. The book also shares anecdotes and reflections that reveal Ottolenghi's philosophy and creative process, emphasizing exploration, curiosity, and the joy of sharing desserts with others. Sweet is both a practical guide and a source of inspiration, enabling readers to create extraordinary desserts that are flavorful, elegant, and memorable."
1310,9780000005043,Tokyo Ghoul,Sui Ishida,2011,Shueisha,16,5,5,"Tokyo Ghoul by Sui Ishida is a dark fantasy manga set in a world where flesh-eating ghouls coexist secretly with humans. The story follows Ken Kaneki, a college student transformed into a half-ghoul, as he struggles with his dual identity, morality, and survival. Ishida's narrative explores themes of identity, prejudice, human nature, and the psychological ramifications of trauma, while the artwork vividly portrays the eerie, violent, and emotional aspects of the story. Tokyo Ghoul is celebrated for its intense character development, morally complex conflicts, and its ability to balance horror, action, and philosophical depth, making it a modern classic in dark fantasy manga."
1017,9780000003050,The Pie and Pastry Bible,Rose Levy Beranbaum,1998,Scribner,15,5,5,"The Pie and Pastry Bible by Rose Levy Beranbaum is an extensive, authoritative guide dedicated to mastering the art of pies, tarts, and pastries. The book covers a wide array of doughs, fillings, and baking techniques, providing step-by-step instructions, detailed ingredient notes, and troubleshooting advice to ensure reliable results. Beranbaum emphasizes both technical mastery and creative expression, helping readers understand the science behind gluten development, fat incorporation, lamination, and baking temperatures. Each recipe includes practical tips for shaping, crimping, and decorating, while photography illustrates key steps and finished products to inspire and guide bakers visually. Beyond recipes, the book explores flavor pairings, ingredient substitutions, and seasonal variations, offering readers the knowledge to customize and innovate. The Pie and Pastry Bible is suitable for beginners eager to learn foundational skills as well as experienced bakers seeking advanced techniques, combining thorough instruction with encouragement to experiment and develop confidence in the kitchen. With this book, readers gain not only recipes but also a deep understanding of the principles and artistry that make pies and pastries truly exceptional."
1070,9780000004003,The Mamba Mentality,Kobe Bryant,2018,MCD,11,5,5,"The Mamba Mentality by Kobe Bryant is an intimate and inspiring exploration of the mindset, discipline, and work ethic that defined one of basketball's greatest athletes. Bryant shares personal insights, strategies, and philosophies that guided his approach to training, competition, and life on and off the court. The book combines detailed accounts of games, practice routines, and preparation techniques with reflections on leadership, resilience, and mental toughness. Rich photography and narrative provide an immersive look at Bryant's journey, illustrating the intensity and focus required to achieve elite performance. Beyond basketball, The Mamba Mentality conveys universal lessons about goal-setting, perseverance, continuous learning, and the pursuit of excellence. Bryant's voice is both motivational and candid, offering readers an inside perspective on the sacrifices, challenges, and triumphs of a career defined by relentless commitment and a passion for mastery. This book serves as both a memoir and a guide to cultivating a mindset that embraces hard work, innovation, and personal growth."
1162,9780000004095,No Nonsense Guide to CrossFit,Matt FitzGerald,2014,VeloPress,11,5,5,"No Nonsense Guide to CrossFit by Matt FitzGerald is a comprehensive resource for understanding the principles, methodology, and practical aspects of CrossFit training. FitzGerald explains the foundational elements of functional fitness, including strength, endurance, mobility, and conditioning, while offering guidance on technique, programming, and scaling workouts for different skill levels. The book also addresses nutrition, recovery, injury prevention, and mental strategies to maximize performance. Through clear explanations and structured guidance, the No Nonsense Guide provides both beginners and experienced athletes with the knowledge to train safely, effectively, and efficiently, helping them develop overall fitness and achieve measurable results in CrossFit."
1073,9780000004006,My Life on the Run,Bart Yasso,2008,Rodale,11,5,5,"My Life on the Run by Bart Yasso is an engaging and detailed memoir chronicling the life and career of a renowned runner and running coach. Yasso shares stories of his experiences in races around the world, his approach to training, and the development of running as both a sport and a lifestyle. The book combines personal anecdotes, insights into endurance training, nutrition, and mental preparation with reflections on discipline, perseverance, and the joy of running. Yasso provides practical advice for runners of all levels, highlighting techniques for improving performance, avoiding injuries, and maintaining motivation. Beyond the physical aspects, the memoir emphasizes the emotional and psychological elements of long-distance running, illustrating the transformative power of the sport. My Life on the Run inspires readers to embrace running not just as a competitive activity, but as a pathway to personal growth, resilience, and a lifelong passion for health and achievement."
1077,9780000004010,No Limits,Michael Phelps,2008,Free Press,11,5,5,"No Limits by Michael Phelps is an in-depth memoir that chronicles the life, career, and mindset of the most decorated Olympic swimmer in history. Phelps shares candid reflections on training, competition, mental preparation, and overcoming personal challenges, providing insight into the discipline, focus, and perseverance required to reach the pinnacle of his sport. The book details the strategies, routines, and techniques that contributed to his success, including physical conditioning, nutrition, recovery, and psychological readiness. Phelps also explores themes of resilience, goal-setting, and coping with pressure, illustrating both the triumphs and struggles of elite performance. No Limits is part memoir, part instructional guide, and offers inspiration and practical lessons for athletes, coaches, and anyone seeking to maximize personal potential. The narrative combines authenticity, motivational insight, and storytelling, providing a comprehensive view of what it takes to achieve excellence at the highest level."
1083,9780000004016,The Inner Game of Tennis,W. Timothy Gallwey,1974,Random House,11,5,5,"The Inner Game of Tennis by W. Timothy Gallwey is a seminal work on mastering the mental aspects of performance in sports and life. Gallwey introduces the concept of the inner game, emphasizing self-awareness, concentration, and managing internal dialogue to achieve optimal performance. The book explores techniques for quieting the mind, overcoming self-doubt, enhancing focus, and maintaining composure under pressure. Drawing on examples from tennis, Gallwey illustrates how mental states directly influence physical execution, decision-making, and consistency. Readers learn methods for balancing effort with relaxation, developing confidence, and cultivating intrinsic motivation. The Inner Game of Tennis offers insights that extend beyond sports, providing tools to improve learning, skill development, and personal growth in any field. With practical exercises, reflective guidance, and psychological principles, Gallwey's work remains a foundational resource for those seeking to understand the profound interplay between mind, body, and performance."
1084,9780000004017,The Boys in the Boat,Daniel James Brown,2013,Viking,11,5,5,"The Boys in the Boat by Daniel James Brown is a captivating narrative blending history, biography, and sports storytelling, chronicling the journey of the University of Washington rowing team that competed in the 1936 Berlin Olympics. Brown explores the lives of the athletes, their personal struggles, teamwork, and relentless dedication to excellence, set against the backdrop of the Great Depression and the rise of Nazi Germany. The book emphasizes themes of perseverance, resilience, teamwork, and the power of collective effort, illustrating how ordinary individuals achieved extraordinary success through discipline and commitment. Through vivid character development, detailed descriptions of rowing techniques, and the psychological and physical challenges of training and competition, readers gain insight into both the sport and the human spirit. The Boys in the Boat offers inspiration, historical context, and profound reflections on determination, courage, and the pursuit of excellence, making it both an educational and emotionally compelling read."
1085,9780000004018,Friday Night Lights,H.G. Bissinger,1990,Da Capo,11,5,5,"Friday Night Lights by H.G. Bissinger provides a penetrating look into the culture of high school football in small-town Texas, exploring the intersection of sports, community, and adolescence. The book follows the Permian High Panthers and their pursuit of a state championship, revealing the intense pressures, expectations, and personal sacrifices faced by players, coaches, and families. Bissinger delves into the social, economic, and cultural factors that shape the lives of the athletes, illustrating how football becomes both a source of identity and a crucible for character development. Through meticulous reporting, character portraits, and narrative storytelling, readers gain an understanding of leadership, teamwork, resilience, and the impact of competition on youth development. Friday Night Lights transcends sports journalism, offering commentary on ambition, morality, and the human dimensions of striving for success under pressure. The book remains influential for its vivid depiction of dedication, passion, and the societal forces surrounding youth sports."
1086,9780000004019,Moneyball,Michael Lewis,2003,Norton,11,5,5,"Moneyball by Michael Lewis is an engaging and insightful examination of how data analytics transformed professional baseball, focusing on the 2002 Oakland Athletics and their innovative approach under general manager Billy Beane. Lewis illustrates how statistical analysis and sabermetrics challenged traditional scouting, player evaluation, and decision-making in sports management. The book provides a behind-the-scenes look at team strategy, financial constraints, and the evolution of baseball operations, highlighting the tension between conventional wisdom and evidence-based approaches. Beyond the game, Moneyball offers broader lessons on leadership, creativity, problem-solving, and the application of data-driven strategies in complex environments. Through compelling narrative, detailed analysis, and memorable character depictions, Lewis communicates the principles of innovation, adaptability, and strategic thinking, making Moneyball an essential read for sports enthusiasts, business leaders, and anyone interested in data-informed decision-making."
1088,9780000004021,Playing for Keeps,David Halberstam,1999,Hyperion,11,5,5,"Playing for Keeps by David Halberstam is an authoritative and richly detailed examination of the National Football League during a transformative era, chronicling the challenges, strategies, and personalities that shaped the sport. Halberstam explores the business, cultural, and competitive dimensions of professional football, highlighting leadership, innovation, and resilience among players, coaches, and management. Through meticulous research, narrative storytelling, and insightful character development, the book offers readers an understanding of decision-making under pressure, teamwork, and the pursuit of excellence in a highly competitive environment. Playing for Keeps also delves into the social and economic forces that influenced the league, reflecting on broader American culture and the evolving role of sports in society. The book is both informative and engaging, combining historical context, compelling anecdotes, and critical analysis to provide a comprehensive look at professional football and its impact on individuals and communities."
1089,9780000004022,When the Game Was Ours,Larry Bird,2009,Houghton Mifflin,11,5,5,"When the Game Was Ours by Larry Bird is a deeply engaging memoir and historical account of basketball during the era shared with Magic Johnson, providing insight into the careers, rivalry, and personal experiences of two of the sport's most iconic figures. Bird offers candid reflections on teamwork, leadership, competition, and the psychological and strategic aspects of high-level basketball. The book explores the evolution of the NBA, the dynamics of players and coaches, and the personal challenges and triumphs that shaped Bird's journey. Through vivid anecdotes, behind-the-scenes perspectives, and analysis of pivotal games, readers gain an appreciation for the preparation, dedication, and decision-making required for elite performance. When the Game Was Ours also addresses the human and emotional aspects of sports, illustrating how resilience, collaboration, and mentorship influence both career success and personal development. It serves as an inspiring, educational, and immersive exploration of basketball history and individual excellence."
1144,9780000004077,Ball Four,Jim Bouton,1970,World Publishing,11,5,5,"Ball Four by Jim Bouton is a groundbreaking and candid account of professional baseball, offering an insider's perspective on the sport during the 1960s and 1970s. Bouton details his experiences as a Major League pitcher, including the triumphs and struggles of everyday life on the team. The book exposes the human side of professional athletes, covering topics such as locker room culture, management dynamics, and the personal challenges of balancing fame and performance. Ball Four combines humor, honesty, and critical insight, providing readers with a deep understanding of the pressures, ethics, and interpersonal relationships inherent in professional sports. It remains a seminal work for sports enthusiasts, historians, and aspiring athletes seeking authentic stories of the game."
1094,9780000004027,You Cannot Be Serious,John McEnroe,2002,Little Brown,11,5,5,"You Cannot Be Serious by John McEnroe is a memoir that captures the intense, passionate, and often controversial career of one of tennis's most iconic figures. McEnroe recounts his early life, rise to prominence, and his experiences at the highest levels of professional tennis, providing insights into both his triumphs and challenges. The book explores the mental and emotional aspects of the sport, including focus, competitiveness, dealing with pressure, and managing public scrutiny. McEnroe's storytelling is candid, humorous, and occasionally irreverent, offering a behind-the-scenes perspective on matches, rivalries, and the personalities of tennis during his era. Readers gain an understanding of the discipline, preparation, and mindset required for elite performance, as well as reflections on success, failure, and personal growth. You Cannot Be Serious combines memoir, sports psychology, and insider anecdotes to create an engaging and informative account for tennis fans and aspiring athletes."
1130,9780000004063,Showboat,Roland Lazenby,2014,Little Brown,11,5,5,"Showboat by Roland Lazenby is a comprehensive biography that chronicles the life, career, and impact of basketball legend Shaquille O'Neal. Lazenby delves into Shaq's journey from his early years in Newark, New Jersey, to becoming one of the most dominant players in NBA history. The book explores his physical gifts, relentless work ethic, and larger-than-life personality, offering readers insight into his experiences on and off the court. Through detailed anecdotes, interviews, and historical context, Lazenby captures the evolution of Shaq's career, including his collegiate success, NBA championships, and the challenges he faced in both personal life and professional basketball. Showboat also examines the cultural influence of Shaquille O'Neal, his interactions with teammates, coaches, and fans, and his approach to leadership, teamwork, and media relations. This biography is not only a chronicle of athletic achievement but also an exploration of character, resilience, and the pursuit of excellence at the highest level of professional sports."
1131,9780000004064,Michael Jordan: The Life,Roland Lazenby,2014,Little Brown,11,5,5,"Michael Jordan: The Life by Roland Lazenby is an authoritative and deeply researched biography of arguably the greatest basketball player in history. Lazenby presents a complete narrative of Michael Jordan's life, from his formative years in North Carolina to his legendary career with the Chicago Bulls and beyond. The book explores Jordan's competitive drive, work ethic, and the psychological factors that contributed to his unparalleled success. Readers are given insight into his leadership on and off the court, the dynamics of team relationships, and the challenges he faced in balancing fame, family, and professional obligations. Lazenby also delves into Jordan's cultural impact, business ventures, and the way he transformed the global perception of basketball. Rich with interviews, historical accounts, and behind-the-scenes stories, Michael Jordan: The Life provides a vivid, inspiring, and instructive look at excellence, perseverance, and the making of a sports icon."
1132,9780000004065,Golden Boy,Tara Sullivan,2016,G.P. Putnam,11,5,5,"Golden Boy by Tara Sullivan is a compelling novel that tells the story of a young athlete striving to overcome personal and societal challenges to achieve his dreams. The book delves into themes of determination, identity, and resilience, following the protagonist's journey through trials, triumphs, and moments of self-discovery. Sullivan paints vivid scenes of competition, training, and personal relationships, highlighting the sacrifices and dedication required to succeed in sports. Beyond athletic achievement, Golden Boy explores emotional growth, family dynamics, and the pressures of societal expectations, offering readers a layered narrative that combines personal struggle with the pursuit of excellence. Through engaging storytelling, Sullivan provides an inspirational message about perseverance, courage, and finding one's place in the world."
1133,9780000004066,Ali,Jonathan Eig,2017,Houghton Mifflin,11,5,5,"Ali by Jonathan Eig is a definitive biography of Muhammad Ali, chronicling the life of one of the most influential and charismatic athletes in history. Eig explores Ali's early life, his rise to boxing stardom, and his enduring legacy as a cultural and political figure. The book delves into Ali's unparalleled skill in the ring, his strategic mind, and his legendary matches, while also examining his activism, personal convictions, and impact on civil rights. Through extensive research, interviews, and archival material, Eig provides a nuanced portrait of Ali's complexities, triumphs, and struggles. Readers gain insight into the mental and physical discipline required for boxing excellence, as well as the resilience and courage Ali exhibited both professionally and personally. Ali is a comprehensive, inspiring, and educational biography that celebrates not only athletic prowess but also moral conviction, leadership, and social influence."
1137,9780000004070,Legacy,James Kerr,2013,Constable,11,5,5,"Legacy by James Kerr examines the culture, leadership, and principles that have made the New Zealand All Blacks rugby team one of the most successful sports organizations in history. Kerr delves into the values, rituals, and mindset that drive excellence, teamwork, and resilience within the team, offering lessons applicable beyond sports. The book highlights the importance of accountability, humility, preparation, and mental strength, providing readers with practical insights into building high-performing cultures. Through detailed stories, interviews, and historical examples, Legacy illustrates how consistent principles, strong leadership, and collective focus contribute to sustained success. It is both an inspirational and educational read for athletes, coaches, and leaders seeking to understand the foundations of elite performance and organizational excellence."
1140,9780000004073,The Shift,Wayne Gretzky,2020,Penguin,11,5,5,"The Shift by Wayne Gretzky explores the legendary career and mindset of one of hockey's greatest players. Gretzky shares insights into his approach to training, on-ice strategies, and mental preparation, offering a detailed look at the habits and thought processes that allowed him to dominate the sport. The book covers his early development, key games, and the evolution of his playing style, highlighting the importance of vision, anticipation, and teamwork. Beyond athletic performance, The Shift also delves into leadership, motivation, and personal discipline, providing readers with practical lessons applicable both in sports and life. Gretzky's reflections are enriched by anecdotes from teammates, coaches, and competitors, making this a comprehensive guide to excellence, focus, and sustained success in professional hockey."
1145,9780000004078,The Arm,Jeff Passan,2016,Harper,11,5,5,"The Arm by Jeff Passan is an exhaustive exploration of the science, health, and challenges of the baseball pitcher's arm. Passan investigates the mechanics, injuries, recovery processes, and training regimens essential to understanding how pitchers maintain performance over their careers. Through interviews with players, coaches, and medical experts, The Arm provides detailed insights into the physical and mental demands placed on pitchers, the evolution of training techniques, and the role of technology in monitoring and improving arm health. The book emphasizes resilience, adaptation, and the dedication required to succeed in professional baseball, offering lessons that extend beyond the sport to any field requiring precision, endurance, and mastery of the human body."
1146,9780000004079,Big Data Baseball,Travis Sawchik,2015,Flatiron,11,5,5,"Big Data Baseball by Travis Sawchik explores the transformative impact of analytics on modern baseball. Sawchik examines how teams use data to evaluate talent, strategize gameplay, and make informed decisions that challenge traditional approaches. The book provides a behind-the-scenes look at the Pittsburgh Pirates' innovative methods, showcasing the intersection of technology, scouting, and coaching. Readers gain insight into the analytical tools, statistical models, and decision-making frameworks that drive success in contemporary baseball. Big Data Baseball is both educational and engaging, offering valuable lessons for sports professionals, analysts, and fans interested in how data shapes performance, team strategy, and competitive advantage."
1147,9780000004080,The Only Rule Is It Has to Work,Ben Lindbergh,2016,Henry Holt,11,5,5,"The Only Rule Is It Has to Work by Ben Lindbergh presents a thorough exploration of the principles and strategies that underpin successful baseball management. Lindbergh chronicles the approaches, experiments, and philosophies adopted by teams striving to gain a competitive edge, emphasizing flexibility, innovation, and evidence-based decision-making. Through detailed case studies and interviews, the book reveals the challenges and opportunities faced by organizations in adopting unconventional methods. It highlights the importance of communication, leadership, and strategic thinking in achieving results, offering readers lessons applicable both within and outside sports. The Only Rule Is It Has to Work is an engaging and instructive guide to modern baseball management, analytics, and organizational performance."
1148,9780000004081,Drive,Daniel Pink,2009,Riverhead,11,5,5,"Drive by Daniel Pink is an influential exploration of human motivation, examining what truly inspires people to achieve excellence. Pink argues that autonomy, mastery, and purpose are more powerful motivators than traditional rewards, and he supports his analysis with research from psychology, economics, and behavioral science. The book provides practical strategies for fostering motivation in professional, educational, and personal contexts, illustrating how intrinsic motivation drives creativity, engagement, and performance. Through compelling examples, case studies, and actionable insights, Drive encourages readers to rethink conventional approaches to motivation, leadership, and personal development. It is a highly engaging and transformative work for anyone seeking to unlock human potential."
1149,9780000004082,Mind Gym,Gary Mack,2001,McGraw-Hill,11,5,5,"Mind Gym by Gary Mack offers an in-depth look at the mental side of sports performance, emphasizing the role of psychological training in achieving excellence. Mack provides strategies, exercises, and techniques to improve focus, resilience, and confidence, drawing on real-life examples from athletes and coaches across various sports. The book explores how mental preparation, visualization, and positive thinking can influence performance, offering readers tools to manage stress, overcome setbacks, and maximize potential. Mind Gym highlights the critical interplay between mind and body in competitive environments, making it an essential guide for athletes, coaches, and anyone interested in the science and practice of mental toughness."
1151,9780000004084,Black Box Thinking,Matthew Syed,2015,John Murray,11,5,5,"Black Box Thinking by Matthew Syed investigates how learning from failure is key to progress and success. Using examples from medicine, aviation, business, and sports, Syed demonstrates that organizations and individuals who embrace mistakes, analyze them rigorously, and adapt accordingly achieve better outcomes. The book explores the psychological, cultural, and systemic barriers that often prevent learning from errors, and provides frameworks for cultivating a mindset of curiosity, accountability, and continuous improvement. Black Box Thinking emphasizes resilience, innovation, and reflective practice, encouraging readers to view setbacks as opportunities for growth. It is a comprehensive guide to developing smarter, more adaptive approaches in life, work, and competitive pursuits."
1152,9780000004085,The Talent Code,Daniel Coyle,2009,Bantam,11,5,5,"The Talent Code by Daniel Coyle examines the science of skill acquisition and performance improvement. Coyle identifies three essential elements—deep practice, ignition, and master coaching—that drive exceptional talent across diverse fields. The book provides insights into how neural pathways are strengthened through focused effort, and how motivation and mentorship amplify the development of skill. Drawing on case studies from sports, music, and education, The Talent Code demonstrates practical strategies for cultivating talent in individuals and teams. It emphasizes the importance of perseverance, feedback, and deliberate practice, offering readers actionable guidance for unlocking potential and achieving high-level performance in any domain."
1153,9780000004086,The Little Book of Talent,Daniel Coyle,2012,Bantam,11,5,5,"The Little Book of Talent by Daniel Coyle is a concise, practical guide to skill development based on research and observations from elite performers. Coyle distills complex principles of learning and practice into 52 actionable tips that anyone can apply to improve performance in sports, music, or other fields. The book emphasizes the importance of focused practice, pattern recognition, feedback, and the cultivation of good habits, while also addressing the psychological aspects of motivation and confidence. With clear examples and easy-to-follow guidance, The Little Book of Talent serves as a toolkit for individuals seeking to accelerate learning and consistently enhance their abilities, making it an invaluable resource for both beginners and experienced practitioners."
1154,9780000004087,The Culture Code,Daniel Coyle,2018,Bantam,11,5,5,"The Culture Code by Daniel Coyle explores the secrets behind highly successful groups and organizations, identifying patterns that enable collaboration, trust, and innovation. Drawing on extensive research, Coyle reveals three key skills: building safety, sharing vulnerability, and establishing purpose. The book examines teams across industries, including sports, business, and education, illustrating how culture drives performance and cohesion. Readers learn practical strategies to foster positive communication, align values, and cultivate environments where people thrive. The Culture Code emphasizes leadership, empathy, and group dynamics, offering actionable lessons for anyone seeking to enhance teamwork, organizational effectiveness, and collective achievement."
1155,9780000004088,Range,David Epstein,2019,Riverhead,11,5,5,"Range by David Epstein challenges the traditional notion that early specialization is the key to success, arguing instead that breadth of experience and diverse skills often lead to greater achievement. Epstein explores research from sports, science, and arts to illustrate how generalists can excel by making connections across domains, adapting to complex environments, and applying creative problem-solving. The book discusses cognitive development, experimentation, and learning strategies, highlighting the benefits of exploring multiple disciplines before focusing narrowly. Range offers readers insights into cultivating adaptability, strategic thinking, and a broad skill set, making it a compelling guide for educators, professionals, and anyone aiming to thrive in rapidly changing fields."
1156,9780000004089,The Sports Gene,David Epstein,2013,Current,11,5,5,"The Sports Gene by David Epstein investigates the biological and environmental factors that contribute to athletic performance. Epstein examines genetics, physiology, training methods, and cultural influences to understand what makes elite athletes exceptional. The book explores topics such as muscle composition, VO2 max, talent identification, and the interplay between nature and nurture, providing evidence-based insights into performance potential. Through engaging stories, scientific research, and expert interviews, The Sports Gene offers a nuanced perspective on the limits and possibilities of human athleticism. It serves as both an educational and thought-provoking resource for athletes, coaches, and enthusiasts interested in the science of sports excellence."
1157,9780000004090,Outliers,Malcolm Gladwell,2008,Little Brown,11,5,5,"Outliers by Malcolm Gladwell explores the factors that contribute to high levels of success, arguing that individual talent alone is insufficient. Gladwell examines the roles of opportunity, timing, cultural background, and deliberate practice in shaping exceptional achievement. The book features compelling stories from various domains, including sports, business, and entertainment, highlighting how external circumstances and accumulated advantages influence outcomes. Outliers challenges conventional thinking about talent and merit, offering readers a broader understanding of success, motivation, and societal structures. It encourages reflection on the conditions that enable individuals and groups to thrive and provides actionable insights for personal development and organizational growth."
1159,9780000004092,The Score Takes Care of Itself,Bill Walsh,2008,Portfolio,11,5,5,"The Score Takes Care of Itself by Bill Walsh is an authoritative exploration of leadership, organizational culture, and performance excellence in professional football. Walsh details his methods for building the San Francisco 49ers into a championship team, emphasizing discipline, preparation, and accountability. The book examines the principles of effective communication, motivation, and vision, demonstrating how a strong culture drives individual and collective success. Walsh's insights extend beyond sports, offering valuable lessons for managers, leaders, and teams in any field seeking to achieve high performance. The Score Takes Care of Itself combines practical guidance, real-life examples, and philosophical reflections on excellence and leadership."
1160,9780000004093,Quiet Strength,Tony Dungy,2007,Tyndale,11,5,5,"Quiet Strength by Tony Dungy is an inspiring memoir and leadership guide that blends personal experiences with professional insights from Dungy's career as an NFL coach. The book explores how character, faith, and integrity shape leadership and success, emphasizing the importance of values-based decision-making and consistent behavior. Dungy shares lessons on motivating players, handling adversity, and building cohesive teams, illustrating how quiet, steady leadership can produce outstanding results. Readers gain insights into balancing personal and professional life, fostering resilience, and developing influence without relying on intimidation or aggression. Quiet Strength serves as both an autobiography and a practical manual for leadership, mentoring, and personal growth."
1163,9780000004096,Training for the Uphill Athlete,Scott Johnston,2018,Patagonia,11,5,5,"Training for the Uphill Athlete by Scott Johnston provides an in-depth approach to endurance training for runners, cyclists, and triathletes tackling mountainous terrain. The book covers periodization, strength training, nutrition, and mental preparation, emphasizing strategies to optimize performance in climbing and sustained endurance events. Johnston integrates scientific research with practical experience, providing detailed training plans, workouts, and guidelines to improve power, efficiency, and resilience. Readers learn how to balance intensity and recovery, monitor progress, and adapt training to individual goals. Training for the Uphill Athlete is an essential guide for athletes seeking to excel in challenging endurance disciplines through structured, evidence-based methods."
1164,9780000004097,Advanced Marathoning,Pete Pfitzinger,2001,Human Kinetics,11,5,5,"Advanced Marathoning by Pete Pfitzinger is a comprehensive guide for serious runners aiming to optimize marathon performance. Drawing on years of experience as an elite athlete and coach, Pfitzinger provides detailed training plans, pacing strategies, and nutrition advice for all phases of marathon preparation. The book emphasizes periodization, intensity management, injury prevention, and mental conditioning, allowing runners to maximize their physiological potential. Advanced Marathoning also addresses recovery protocols, cross-training, and performance monitoring, equipping athletes with a holistic framework for sustainable improvement. It is both a practical manual and an insightful exploration of endurance performance, making it indispensable for competitive marathoners seeking excellence."
1167,9780000004100,ChiRunning,Danny Dreyer,2004,Scribner,11,5,5,"ChiRunning by Danny Dreyer introduces a revolutionary approach to running that emphasizes posture, core strength, and mindful movement. By integrating principles of Tai Chi with running mechanics, Dreyer provides techniques to improve efficiency, reduce injury, and enhance overall performance. The book explains proper alignment, breathing, cadence, and mental focus, offering exercises and drills to cultivate better body awareness. ChiRunning encourages a holistic approach, combining physical technique with psychological strategies to maintain motivation and consistency. Readers gain a practical framework for sustainable running, emphasizing relaxation, balance, and mindful engagement in each step, making it suitable for beginners and experienced runners seeking safer, more efficient practices."
1313,9780000005046,Black Clover,Yuki Tabata,2015,Shueisha,16,5,5,"Black Clover by Yuki Tabata is a fantasy shonen manga that follows Asta, a boy born without magic in a world where magic determines social status, as he aspires to become the Wizard King. The story emphasizes perseverance, friendship, rivalry, and the struggle against adversity. Tabata's dynamic artwork showcases magical battles, creative spellcasting, and expressive character interactions. Black Clover is known for its compelling character arcs, strategic combat sequences, and world-building, blending high-stakes action with themes of self-improvement, resilience, and determination, making it a highly engaging and inspirational series for young and adult readers alike."
1268,9780000005001,Watchmen,Alan Moore,1987,DC Comics,16,5,5,"Watchmen by Alan Moore is a groundbreaking graphic novel that deconstructs the superhero genre, blending complex characters, political intrigue, and philosophical themes. Set in an alternate history where masked vigilantes exist, the story explores morality, power, and human nature. Moore delves into the psychology of heroes and anti-heroes, examining how personal trauma, ambition, and societal pressures shape their actions. With Dave Gibbons's meticulous artwork, the narrative structure employs nonlinear storytelling, multiple perspectives, and intricate visual motifs to enhance the depth of the story. Watchmen challenges traditional comic conventions, addressing themes such as ethical ambiguity, nuclear threat, and social responsibility, making it a seminal work in modern graphic literature."
1269,9780000005002,V for Vendetta,Alan Moore,1988,DC Comics,16,5,5,"V for Vendetta by Alan Moore is a politically charged graphic novel set in a dystopian future Britain under totalitarian rule. The story follows V, a masked revolutionary, as he challenges oppressive governance while inspiring citizens to resist conformity and oppression. Moore explores themes of freedom, identity, and the ethics of rebellion, contrasting individual autonomy with state control. The narrative combines thrilling action with philosophical reflection, emphasizing the power of symbols, ideas, and personal courage. David Lloyd's expressive artwork complements the narrative, enhancing mood, atmosphere, and character emotion. V for Vendetta remains an influential work for its commentary on political power, social justice, and the enduring struggle for liberty."
1270,9780000005003,Batman: The Dark Knight Returns,Frank Miller,1986,DC Comics,16,5,5,"Batman: The Dark Knight Returns by Frank Miller reimagines the iconic superhero in a darker, mature context, set in a dystopian Gotham City. The story follows an aging Bruce Wayne as he returns to vigilantism after years of retirement, confronting crime, corruption, and his own inner demons. Miller examines themes of justice, morality, societal decay, and the psychology of heroism, offering a gritty and realistic interpretation of Batman. Klaus Janson's artwork, combined with Miller's storytelling, delivers intense visual drama, dynamic action, and evocative imagery. This seminal graphic novel challenges traditional superhero narratives, influencing generations of comic storytelling and cementing Batman's role as a complex, multidimensional character."
1271,9780000005004,Batman: Year One,Frank Miller,1987,DC Comics,16,5,5,"Batman: Year One by Frank Miller presents a modern origin story for the Dark Knight, focusing on Bruce Wayne's early career and his transformation into Gotham's vigilante protector. The narrative explores his moral development, training, and the establishment of key relationships, including with James Gordon. Miller emphasizes realism, human vulnerability, and ethical dilemmas, portraying Batman as a disciplined, resourceful, and psychologically complex figure. David Mazzucchelli's artwork reinforces the gritty, noir atmosphere, enhancing the story's tension and emotional depth. Batman: Year One is acclaimed for revitalizing the character, providing a foundation for modern interpretations, and deepening the psychological and narrative complexity of superhero storytelling."
1272,9780000005005,The Killing Joke,Alan Moore,1988,DC Comics,16,5,5,"The Killing Joke by Alan Moore is a seminal graphic novel that examines the fragile line between sanity and madness, focusing on the Joker and his relationship with Batman. The story delves into the origins of the Joker, exploring trauma, obsession, and the consequences of societal neglect. Moore presents a psychologically rich narrative, questioning the nature of morality, chaos, and justice. Brian Bolland's intricate artwork complements the writing, using detailed visuals to enhance tension, symbolism, and character emotion. The Killing Joke is both a character study and a philosophical exploration, recognized as one of the most influential Batman stories, notable for its dark tone, complex themes, and lasting impact on comic literature."
1273,9780000005006,Sandman: Preludes & Nocturnes,Neil Gaiman,1989,DC Vertigo,16,5,5,"Sandman: Preludes & Nocturnes by Neil Gaiman is the opening volume of the acclaimed Sandman series, blending myth, horror, and fantasy in a rich narrative tapestry. The story follows Dream, also known as Morpheus, the lord of dreams, as he navigates human and supernatural conflicts after being imprisoned for decades. Gaiman explores themes of power, responsibility, mortality, and the impact of dreams on reality, crafting a layered and imaginative universe. Sam Kieth, Mike Dringenberg, and Malcolm Jones III provide compelling visuals that combine surrealism with narrative clarity. This work establishes Sandman's reputation for sophisticated storytelling, complex characterization, and a seamless fusion of literary and graphic art, appealing to mature readers and fans of mythic narratives."
1274,9780000005007,Saga,Brian K. Vaughan,2012,Image Comics,16,5,5,"Saga by Brian K. Vaughan is an epic space opera graphic novel series that combines science fiction, fantasy, and deep human drama. The story follows star-crossed lovers from warring extraterrestrial races as they struggle to protect their family in a universe at war. Vaughan explores themes of love, identity, family, and the consequences of conflict, blending high-stakes adventure with emotional depth. Fiona Staples's artwork vividly brings the galaxy to life, balancing dynamic action with expressive character moments. Saga is celebrated for its mature storytelling, world-building, and the way it balances fantastical elements with relatable human experiences, establishing it as a defining work in contemporary graphic literature."
1275,9780000005008,Maus,Art Spiegelman,1991,Pantheon,16,5,5,"Maus by Art Spiegelman is a groundbreaking graphic novel that recounts the experiences of the author's father during the Holocaust, portraying Jews as mice and Nazis as cats. The narrative weaves historical fact with memoir, exploring memory, trauma, and the intergenerational impact of atrocity. Spiegelman examines complex themes of survival, guilt, and human morality, presenting the story with both emotional depth and analytical insight. The stark black-and-white artwork reinforces the gravity of the subject, while panel composition and visual symbolism convey nuance and tension. Maus is widely regarded as a seminal work in graphic storytelling, notable for its literary and historical significance, and has been recognized with a Pulitzer Prize for its profound impact."
1279,9780000005012,Ghost World,Daniel Clowes,1997,Fantagraphics,16,5,5,"Ghost World by Daniel Clowes is a seminal graphic novel that examines adolescence, alienation, and the transition into adulthood. The story follows two teenage girls navigating the complexities of friendship, identity, and social expectation in a suburban environment. Clowes combines dark humor, psychological insight, and keen social observation to portray the uncertainties of growing up. His distinctive illustration style—clean lines, expressive characters, and subtle visual cues—complements the narrative, creating a tone that is simultaneously melancholic, witty, and thought-provoking. Ghost World is acclaimed for its cultural commentary, character depth, and narrative innovation, influencing both comics and independent film adaptations."
1280,9780000005013,Bone,Jeff Smith,1991,Cartoon Books,16,5,5,"Bone by Jeff Smith is an epic graphic novel series that blends fantasy, adventure, and humor, creating a richly detailed universe inhabited by memorable characters. The story follows the Bone cousins as they journey through a mysterious valley filled with magical creatures, dark forces, and political intrigue. Smith masterfully combines elements of classic fantasy with comic storytelling, balancing whimsical moments with darker, more dramatic plotlines. His clean, expressive art style and intricate panel layouts convey action, emotion, and narrative pacing effectively. Bone is celebrated for its imaginative world-building, complex character development, and its ability to appeal to both younger audiences and adult readers through a sophisticated yet accessible visual narrative."
1281,9780000005014,Kingdom Come,Mark Waid,1996,DC Comics,16,5,5,"Kingdom Come by Mark Waid is a visually stunning graphic novel that explores the moral and ethical dilemmas of superheroes in a near-future dystopian world. The narrative examines the consequences of unchecked power, generational conflict between older and newer heroes, and the responsibilities of those with extraordinary abilities. Alex Ross's photorealistic artwork elevates the story, emphasizing scale, emotion, and grandeur, while Waid's writing delves deeply into philosophical questions of justice, morality, and legacy. Kingdom Come is praised for its mature storytelling, thematic depth, and groundbreaking artistry, standing as a landmark work in the superhero genre that challenges traditional notions of heroism."
1282,9780000005015,All-Star Superman,Grant Morrison,2005,DC Comics,16,5,5,"All-Star Superman by Grant Morrison is a celebrated graphic novel that deconstructs and celebrates the character of Superman, presenting a self-contained story that balances heroism, human vulnerability, and mythic grandeur. Morrison explores themes of mortality, legacy, love, and the ethical use of power as Superman confronts his impending demise. Frank Quitely's detailed and dynamic artwork complements the narrative, combining expressive character designs with inventive visual storytelling. The novel is recognized for its philosophical depth, emotional resonance, and innovative approach to superhero narratives, appealing to both casual readers and long-time fans through its exploration of timeless questions about responsibility, sacrifice, and humanity."
1283,9780000005016,The League of Extraordinary Gentlemen,Alan Moore,1999,America's Best Comics,16,5,5,"The League of Extraordinary Gentlemen by Alan Moore is a complex and richly layered graphic novel that unites characters from classic literature into a shared universe, exploring themes of heroism, morality, and Victorian-era adventure. The narrative weaves intricate plots, literary references, and intertextuality, challenging readers to engage with both story and context. Kevin O'Neill's detailed and expressive illustrations bring the world vividly to life, capturing period detail, action, and character nuance. Moore's storytelling combines wit, social commentary, and suspense, creating a work that is intellectually engaging, visually compelling, and influential in expanding the possibilities of graphic literature as a medium for sophisticated storytelling."
1284,9780000005017,From Hell,Alan Moore,1999,Eddie Campbell,16,5,5,"From Hell by Alan Moore is a masterful and chilling graphic novel that investigates the Jack the Ripper murders, blending historical fact, fictional narrative, and philosophical inquiry. The story examines social, political, and psychological contexts of Victorian London, providing a complex portrait of crime, morality, and human depravity. Eddie Campbell's meticulous, atmospheric artwork enhances the narrative with expressive line work, period-accurate visuals, and mood-setting compositions. From Hell is renowned for its dense research, narrative sophistication, and its capacity to merge horror, history, and literary depth into a compelling graphic novel, making it a landmark achievement in both the crime and comics genres."
1286,9780000005019,Tintin in Tibet,Hergé,1960,Casterman,16,5,5,"Tintin in Tibet by Hergé is a classic adventure comic that follows the young reporter Tintin on a perilous journey to the Himalayas to rescue his friend Chang. The story combines thrilling action, mystery, and themes of friendship, loyalty, and perseverance. Hergé's clear-line art style emphasizes clarity, movement, and detailed backgrounds, enhancing both the realism and charm of the narrative. Tintin in Tibet is praised for its emotional depth, engaging plot, and Hergé's meticulous attention to cultural and geographical accuracy, making it one of the most beloved works in the Tintin series and a defining example of adventure storytelling in graphic literature."
1287,9780000005020,Tintin and the Picaros,Hergé,1976,Casterman,16,5,5,"Tintin and the Picaros by Hergé continues the adventures of Tintin as he navigates political intrigue, personal loyalty, and dangerous circumstances in a fictional South American country. The narrative explores themes of friendship, courage, and moral responsibility while delivering fast-paced action, clever problem-solving, and humor. Hergé's signature clear-line illustration style provides visual clarity, character expression, and detailed environmental context, enhancing the immersive storytelling experience. Tintin and the Picaros is celebrated for its narrative sophistication, artistic consistency, and ability to entertain readers of all ages while subtly addressing political and social themes through a compelling graphic medium."
1288,9780000005021,Corto Maltese: The Ballad of the Salt Sea,Hugo Pratt,1967,Corto Maltese,16,5,5,"Corto Maltese: The Ballad of the Salt Sea by Hugo Pratt is a masterfully crafted graphic novel that combines adventure, historical intrigue, and deep character development. The story follows the enigmatic sailor Corto Maltese as he navigates a world of pirates, revolutionaries, and hidden treasures, all set against the richly depicted backdrop of early 20th-century geopolitics. Pratt's distinctive art style, characterized by expressive line work and cinematic composition, enhances the storytelling by conveying mood, atmosphere, and subtle emotional nuance. The narrative explores themes of freedom, loyalty, morality, and the human desire for adventure, making it a seminal work that blends literary depth with visual sophistication in the graphic novel medium."
1289,9780000005022,Akira,Katsuhiro Otomo,1982,Kodansha,16,5,5,"Akira by Katsuhiro Otomo is a landmark manga and graphic novel that combines post-apocalyptic science fiction, political intrigue, and philosophical exploration. Set in a dystopian Neo-Tokyo, the story centers on Kaneda and Tetsuo, young friends caught in a web of government conspiracies, psychic powers, and societal collapse. Otomo's meticulous, cinematic artwork captures the scale and intensity of urban devastation and dynamic action sequences, while the narrative delves into complex themes of power, identity, corruption, and human potential. Akira is celebrated for its innovative storytelling, groundbreaking visual style, and its profound influence on both manga and global pop culture, establishing itself as a masterpiece of speculative fiction and graphic literature."
1291,9780000005024,One-Punch Man,ONE,2009,Shueisha,16,5,5,"One-Punch Man by ONE is a satirical and action-packed manga that combines superhero tropes with humor, social commentary, and philosophical reflection. The story follows Saitama, a hero who defeats any opponent with a single punch, exploring themes of boredom, purpose, and the existential emptiness of unlimited power. ONE's writing cleverly subverts traditional superhero narratives while maintaining thrilling action, witty dialogue, and engaging character arcs. Yusuke Murata's detailed artwork in the illustrated version brings dynamic combat, expressive characters, and cinematic paneling to life. One-Punch Man has been praised for its originality, humor, and commentary on heroism, making it both entertaining and thought-provoking."
1292,9780000005025,Attack on Titan,Hajime Isayama,2009,Kodansha,16,5,5,"Attack on Titan by Hajime Isayama is an epic manga series that explores humanity's struggle for survival against monstrous Titans, blending intense action, political intrigue, and philosophical reflection. The narrative follows Eren Yeager and his companions as they uncover dark secrets about their world, confronting moral ambiguity, loyalty, and sacrifice. Isayama's art style emphasizes dramatic tension, dynamic combat, and emotional intensity, capturing both the horror and heroism of the story. Attack on Titan is celebrated for its complex world-building, intricate plot twists, and exploration of societal and personal dilemmas, making it a landmark work in modern manga and graphic storytelling."
1293,9780000005026,Fullmetal Alchemist,Hiromu Arakawa,2001,Square Enix,16,5,5,"Fullmetal Alchemist by Hiromu Arakawa is a richly detailed manga that blends adventure, fantasy, and philosophical exploration. The story follows brothers Edward and Alphonse Elric as they grapple with the consequences of alchemical transgression while searching for the Philosopher's Stone to restore their bodies. Arakawa skillfully weaves themes of sacrifice, morality, love, and human resilience, combining humor, drama, and intense action. Her distinctive artwork balances expressive character designs with intricate settings and dynamic fight sequences, enhancing both narrative and emotional impact. Fullmetal Alchemist is acclaimed for its character development, narrative complexity, and the seamless integration of ethical and philosophical questions within an engaging fantasy world."
1295,9780000005028,Berserk,Kentaro Miura,1989,Hakusensha,16,5,5,"Berserk by Kentaro Miura is a dark fantasy manga renowned for its epic storytelling, complex characters, and stunning artwork. The narrative follows Guts, a lone mercenary, as he navigates a brutal medieval world filled with demonic forces, political intrigue, and existential challenges. Miura's intricate illustrations convey both the horror and beauty of his world, from detailed battle sequences to expressive character emotions. Themes of fate, revenge, ambition, and the human condition are explored with depth and sophistication. Berserk is celebrated for its narrative ambition, visual mastery, and its influence on the fantasy genre, making it a landmark achievement in graphic storytelling."
1296,9780000005029,Black Hole,Charles Burns,1995,Pantheon,16,5,5,"Black Hole by Charles Burns is a haunting graphic novel that delves into adolescence, identity, and the alienation experienced during a sexually charged epidemic in a suburban American setting. The story explores the lives of teenagers affected by a mysterious sexually transmitted disease that manifests physically, serving as a metaphor for social anxiety, transformation, and isolation. Burns's stark, black-and-white artwork heightens the eerie atmosphere and emotional intensity, employing meticulous composition and visual symbolism. Black Hole is lauded for its psychological depth, artistic innovation, and its ability to address complex themes through a surreal, visually striking narrative."
1297,9780000005030,Jimmy Corrigan,Chris Ware,2000,Pantheon,16,5,5,"Jimmy Corrigan by Chris Ware is an introspective graphic novel that examines loneliness, family dynamics, and human alienation with remarkable narrative and artistic sophistication. The story follows Jimmy Corrigan, a socially awkward man who confronts his past and estranged family relationships, exploring themes of identity, memory, and emotional resilience. Ware's precise and detailed artwork, along with unconventional page layouts, color palettes, and typographic experimentation, amplifies the narrative's emotional impact and thematic resonance. Jimmy Corrigan is widely regarded for its innovative storytelling, literary depth, and its ability to push the boundaries of the graphic novel medium."
1298,9780000005031,Building Stories,Chris Ware,2012,Pantheon,16,5,5,"Building Stories by Chris Ware is an extraordinary graphic novel that defies traditional storytelling formats, presenting a layered narrative about the life, memories, and emotional struggles of an unnamed female protagonist. The work consists of multiple booklets, fold-outs, and posters, allowing readers to navigate her story in a nonlinear, highly interactive way. Ware's meticulous artwork combines architectural precision, intricate typography, and expressive visual storytelling, capturing the subtleties of loneliness, regret, family dynamics, and the passage of time. Building Stories is celebrated as a groundbreaking achievement in the graphic novel medium, pushing the boundaries of narrative form and the emotional potential of visual literature."
1299,9780000005032,Rusty Brown,Chris Ware,2019,Pantheon,16,5,5,"Rusty Brown by Chris Ware is a deeply introspective graphic novel that explores themes of isolation, childhood trauma, and the complexities of human relationships. The story interweaves multiple character narratives, focusing on Rusty Brown, a socially awkward young man, and his interactions with his peers, family, and the wider community. Ware's distinctive visual style, characterized by precise lines, muted color palettes, and intricate paneling, reflects the psychological depth and melancholy tone of the narrative. The novel examines identity, loneliness, and the lingering impact of past experiences, establishing Rusty Brown as a masterful exploration of human emotion and narrative innovation in contemporary graphic literature."
1300,9780000005033,Ghost in the Shell,Masamune Shirow,1989,Kodansha,16,5,5,"Ghost in the Shell by Masamune Shirow is a seminal cyberpunk manga that explores identity, consciousness, and the intersection of humanity and technology in a futuristic world. The story follows Major Motoko Kusanagi, a cyborg officer in a covert anti-terrorist unit, as she investigates cybercrime and the philosophical questions surrounding artificial intelligence and self-awareness. Shirow's detailed and dynamic artwork, combined with complex plotting and technological world-building, immerses readers in a richly imagined society where human minds can merge with machines. Ghost in the Shell is renowned for its intellectual depth, visual innovation, and profound influence on both manga and global science fiction media."
1302,9780000005035,Dr. Stone,Riichiro Inagaki,2017,Shueisha,16,5,5,"Dr. Stone by Riichiro Inagaki is a science-driven shonen manga that combines post-apocalyptic adventure, invention, and the triumph of human ingenuity. After a mysterious event petrifies humanity, the protagonist Senku Ishigami awakens thousands of years later and strives to rebuild civilization using scientific knowledge. The story emphasizes problem-solving, innovation, and the application of chemistry, physics, and engineering principles in creative ways. Boichi's detailed and expressive artwork brings the inventive processes and adventurous exploration vividly to life. Dr. Stone is celebrated for promoting STEM concepts, blending educational content with action, and inspiring curiosity about science in an entertaining narrative."
1303,9780000005036,My Hero Academia,Kohei Horikoshi,2014,Shueisha,16,5,5,"My Hero Academia by Kohei Horikoshi is a superhero-themed shonen manga that explores courage, responsibility, and the development of personal ideals. The story follows Izuku Midoriya, a boy born without superpowers in a world where they are the norm, as he strives to become the greatest hero. Horikoshi's storytelling balances intense battles, character development, and emotional growth, while the dynamic and expressive artwork vividly conveys power, movement, and heroism. My Hero Academia has been praised for its compelling characters, moral lessons about perseverance and courage, and its blend of thrilling action with heartfelt storytelling, making it a modern classic in the superhero manga genre."
1304,9780000005037,Dorohedoro,Q Hayashida,2000,Shogakukan,16,5,5,"Dorohedoro by Q Hayashida is a dark fantasy manga that mixes grotesque horror, dark humor, and surreal world-building. Set in the decaying city of Hole, the story follows Caiman, a man with a reptilian head and amnesia, as he seeks to uncover the identity of the sorcerer who cursed him. Hayashida's unique artwork combines intricate detail, grotesque imagery, and expressive characters, enhancing the eerie yet comical atmosphere of the narrative. Dorohedoro explores themes of identity, transformation, and the nature of humanity, earning acclaim for its originality, complex plotting, and the fusion of horror, humor, and adventure in a distinctive, immersive world."
1305,9780000005038,Made in Abyss,Akihito Tsukushi,2012,Takeshobo,16,5,5,"Made in Abyss by Akihito Tsukushi is a visually stunning and emotionally poignant manga that follows Riko, a young girl, and her robotic companion Reg as they descend into the Abyss, a mysterious and dangerous chasm filled with relics and creatures. The narrative explores themes of curiosity, courage, sacrifice, and the harsh realities of exploration, blending wonder with emotional intensity. Tsukushi's detailed artwork captures both the breathtaking beauty and terrifying dangers of the Abyss, creating a richly immersive world. Made in Abyss has been acclaimed for its emotional depth, complex storytelling, and the juxtaposition of childlike wonder with dark, mature themes, establishing it as a unique work in modern manga literature."
1306,9780000005039,Vagabond,Takehiko Inoue,1998,Kodansha,16,5,5,"Vagabond by Takehiko Inoue is a historical samurai manga that dramatizes the life of the legendary swordsman Miyamoto Musashi, exploring themes of honor, personal growth, and the philosophy of combat. Inoue's storytelling combines intense action sequences with introspective character development, while his highly detailed and expressive artwork captures both the beauty and brutality of the samurai era. Vagabond examines the pursuit of mastery, self-discovery, and the nature of human resilience, earning widespread acclaim for its narrative sophistication, visual artistry, and philosophical depth, solidifying its reputation as a landmark work in historical manga."
1307,9780000005040,20th Century Boys,Naoki Urasawa,1999,Shogakukan,16,5,5,"20th Century Boys by Naoki Urasawa is a suspenseful and intricately plotted manga that intertwines childhood memories, friendship, and apocalyptic conspiracies. The story follows Kenji and his friends as they confront a mysterious cult led by a figure known as ""Friend,"" whose plans threaten the world. Urasawa skillfully blends mystery, character-driven storytelling, and plot twists, creating tension and emotional engagement throughout. His precise, cinematic artwork enhances mood, suspense, and character expression. 20th Century Boys is praised for its masterful narrative, complex characters, and innovative storytelling techniques, making it a standout work in the thriller and manga genres."
1309,9780000005042,Monster,Naoki Urasawa,1994,Shogakukan,16,5,5,"Monster by Naoki Urasawa is a gripping psychological thriller manga that follows Dr. Kenzo Tenma, a talented neurosurgeon whose life unravels after saving the life of a young boy who grows into a sociopathic killer. The narrative spans multiple countries, blending mystery, suspense, and ethical dilemmas, exploring the nature of evil, personal responsibility, and the consequences of one's choices. Urasawa's meticulous artwork enhances the tension, depicting realistic expressions, intricate settings, and the harrowing experiences of his characters. Monster is acclaimed for its masterful pacing, complex characterization, and exploration of human psychology, solidifying its status as a landmark work in suspense and manga literature."
1311,9780000005044,Death Note: Another Note,Nisio Isin,2006,Shueisha,16,5,5,"Death Note: Another Note by Nisio Isin is a suspenseful novel set in the Death Note universe, focusing on the investigation of a serial killer in Los Angeles prior to the events of the original manga. The story is narrated through the perspectives of detectives and includes psychological games, moral quandaries, and deductive reasoning. Nisio Isin's writing is rich in tension, plot twists, and character insight, capturing the intellectual battles and ethical dilemmas inherent in the series. The novel expands the Death Note universe, providing deeper understanding of the investigative world and character motivations, appealing to fans of mystery, thriller, and psychological drama."
1312,9780000005045,Saga of Tanya the Evil,Carlo Zen,2013,Enterbrain,16,5,5,"Saga of Tanya the Evil by Carlo Zen is a military fantasy light novel that chronicles the exploits of Tanya Degurechaff, a ruthless and strategic young soldier in an alternate world at war. The narrative blends magic, political intrigue, and military tactics with dark humor and psychological complexity. Tanya's character is both brilliant and morally ambiguous, creating tension and fascination for readers. Zen's storytelling combines intense battle scenes, political maneuvering, and exploration of faith, fate, and human nature. Saga of Tanya the Evil has been praised for its clever plotting, rich character development, and engaging narrative that balances action, strategy, and philosophical themes."
1314,9780000005047,Blue Period,Tsubasa Yamaguchi,2017,Kodansha,16,5,5,"Blue Period by Tsubasa Yamaguchi is a coming-of-age manga that explores art, self-discovery, and personal growth. The story follows Yatora Yaguchi, a high school student who discovers a passion for painting, navigating the challenges of artistic expression, academic pressure, and societal expectations. Yamaguchi's art is both evocative and precise, capturing emotional subtleties, creative processes, and the transformative journey of the protagonist. Blue Period addresses themes of creativity, dedication, and the pursuit of one's dreams, resonating deeply with readers interested in art, personal development, and the emotional depth of youth. It is widely praised for its authentic portrayal of the struggles and triumphs of emerging artists."
1317,9780000005050,D.Gray-man,Katsura Hoshino,2004,Shueisha,16,5,5,"D.Gray-man by Katsura Hoshino is a dark fantasy manga set in an alternate 19th-century world where exorcists battle demonic entities known as Akuma. The story follows Allen Walker, a young exorcist, as he confronts the Millennium Earl and navigates themes of friendship, sacrifice, morality, and the struggle between good and evil. Hoshino's detailed and expressive artwork enhances the gothic atmosphere, character design, and action sequences. D.Gray-man is widely acclaimed for its compelling narrative, intricate world-building, and deep exploration of human and supernatural conflicts, offering both thrilling action and profound thematic content."
1318,9780000005051,Re:Zero: Starting Life in Another World,Tappei Nagatsuki,2014,MF Bunko,16,5,5,"Re:Zero: Starting Life in Another World by Tappei Nagatsuki is a dark fantasy light novel series that follows Subaru Natsuki, a young man transported to a mysterious world where he discovers the ability to return from death to a specific point in time, reliving events and trying to prevent tragic outcomes. The narrative combines psychological tension, strategic problem-solving, and intense emotional development, as Subaru grapples with despair, hope, and the moral complexities of his actions. Nagatsuki's storytelling skillfully balances high-stakes fantasy adventure, character-driven drama, and suspenseful plot twists, exploring themes of courage, perseverance, and the consequences of choice. Re:Zero is celebrated for its intricate plot structure, multifaceted characters, and immersive world-building that captivates fans of fantasy, drama, and psychological narratives."
1319,9780000005052,The Promised Neverland,Kaiu Shirai,2016,Shueisha,16,5,5,"The Promised Neverland by Kaiu Shirai is a suspenseful and emotionally intense manga that follows a group of children living in an orphanage who discover a horrifying secret about their fate. Led by Emma, Norman, and Ray, the children plan a daring escape while facing psychological challenges, moral dilemmas, and life-threatening obstacles. Shirai masterfully crafts a story of intelligence, courage, and resilience, blending thrilling suspense with profound commentary on trust, family, and freedom. Posuka Demizu's artwork complements the narrative with detailed expressions, atmospheric settings, and dynamic action sequences. The Promised Neverland has been praised for its compelling story, strong character development, and ability to maintain tension and emotional engagement throughout the series."
1320,9780000005053,Children of the Whales,Abi Umeda,2013,Kodansha,16,5,5,"Children of the Whales by Abi Umeda is a fantasy manga set on a mysterious, moving island in a vast sea of sand. The story follows Chakuro, a young archivist, and the inhabitants of the island, who possess limited lifespans and magical powers. Umeda explores themes of memory, destiny, societal structure, and human relationships, blending adventure, emotional depth, and mystical world-building. The artwork is visually rich and detailed, emphasizing the ethereal quality of the sand sea, magical elements, and expressive character designs. Children of the Whales is acclaimed for its imaginative storytelling, layered characters, and thought-provoking exploration of life, mortality, and human connection in a fantastical setting."
1321,9780000005054,Noragami,Adachitoka,2010,Kodansha,16,5,5,"Noragami by Adachitoka is an action-fantasy manga that follows Yato, a minor deity striving for recognition, as he forms bonds with humans and confronts spirits and other supernatural threats. The series skillfully blends mythology, humor, action, and emotional drama, exploring themes of friendship, redemption, purpose, and the impact of human desires. Adachitoka's artwork enhances the storytelling with dynamic action sequences, expressive character designs, and supernatural visual effects. Noragami is widely praised for its engaging narrative, well-developed characters, and balanced mix of humor, action, and heartfelt moments, appealing to fans of both fantasy and contemporary slice-of-life storytelling."
1322,9780000005055,Erased,Kei Sanbe,2012,Kadokawa,16,5,5,"Erased by Kei Sanbe is a gripping thriller manga that follows Satoru Fujinuma, a man with the ability to travel back in time moments before a tragedy occurs, as he is transported to his childhood to prevent a series of kidnappings and murders. The narrative intricately blends suspense, mystery, and emotional storytelling, exploring themes of courage, morality, family bonds, and the consequences of actions. Sanbe's detailed and expressive artwork heightens the tension, conveys nuanced emotions, and supports the complex plot. Erased is lauded for its tightly woven storyline, compelling characters, and ability to maintain suspense while delivering poignant reflections on personal responsibility, childhood innocence, and the resilience of the human spirit."
1323,9780000005056,Your Name,Makoto Shinkai,2016,Kadokawa,16,5,5,"Your Name by Makoto Shinkai is a beautifully illustrated manga adaptation of Shinkai's acclaimed film, combining romance, fantasy, and coming-of-age themes. The story follows Mitsuha and Taki, two teenagers who inexplicably begin swapping bodies, leading to a deep emotional connection as they unravel the mystery behind their strange circumstances. The narrative explores themes of fate, love, memory, and identity, blending poignant drama with supernatural elements. Shinkai's artwork captures breathtaking landscapes, detailed character expressions, and the ethereal beauty of time and place. Your Name is celebrated for its emotional resonance, intricate storytelling, and stunning visual presentation, appealing to both manga enthusiasts and fans of heartfelt fantasy narratives."
1325,9780000005058,Chainsaw Man,Tatsuki Fujimoto,2018,Shueisha,16,5,5,"Chainsaw Man by Tatsuki Fujimoto is a dark fantasy and horror manga that follows Denji, a young man who merges with his pet devil to become the titular Chainsaw Man, fighting against devils to repay his debts and find meaning in life. Fujimoto combines grotesque horror, action, and poignant human drama, exploring themes of poverty, desire, morality, and the complexity of human relationships. The artwork is bold, visceral, and highly expressive, vividly portraying battles, devils, and emotional moments. Chainsaw Man is acclaimed for its unpredictable storytelling, deep character exploration, and unique blend of horror, humor, and emotional intensity, making it a standout work in modern manga literature."
1326,9780000005059,Fire Punch,Tatsuki Fujimoto,2016,Shueisha,16,5,5,"Fire Punch by Tatsuki Fujimoto is a dark fantasy manga that follows Agni, a young man with regenerative powers, as he navigates a frozen, dystopian world devastated by violence and tragedy. The narrative explores themes of vengeance, morality, human suffering, and the consequences of desire, combining intense action, psychological complexity, and philosophical reflection. Fujimoto's artwork is stark and impactful, emphasizing the harsh environment, emotional expressions, and visceral action scenes. Fire Punch is praised for its challenging narrative, deep exploration of human nature, and unique visual storytelling that confronts readers with questions of ethics, survival, and resilience in extreme circumstances."
1327,9780000005060,Jujutsu Kaisen,Gege Akutami,2018,Shueisha,16,5,5,"Jujutsu Kaisen by Gege Akutami is a modern shonen manga that follows Yuji Itadori, a high school student who becomes involved in the world of cursed energy and sorcery after ingesting a powerful cursed object. The story blends intense action, supernatural elements, and character-driven drama, exploring themes of courage, friendship, sacrifice, and the moral complexities of power. Akutami's dynamic artwork enhances the thrilling combat, inventive curse designs, and emotional intensity of the characters. Jujutsu Kaisen is highly acclaimed for its engaging narrative, complex characters, and a balance of dark themes with humor, making it one of the standout series in contemporary manga."
1328,9780000005061,Blue Exorcist,Kazue Kato,2009,Shueisha,16,5,5,"Blue Exorcist by Kazue Kato is a dark fantasy manga that follows Rin Okumura, a teenager who discovers he is the son of Satan and possesses extraordinary demonic powers. Determined to fight against his own origins, Rin trains to become an exorcist at True Cross Academy, where he learns to harness his abilities, confront supernatural threats, and navigate the complexities of friendship, loyalty, and identity. Kato's storytelling blends thrilling action sequences, intricate world-building, and emotional depth, exploring themes of family, destiny, and self-acceptance. The artwork emphasizes dynamic combat, detailed environments, and expressive characters, creating an immersive experience. Blue Exorcist is celebrated for its compelling narrative, well-developed characters, and ability to balance dark themes with moments of humor and heartfelt emotion, making it a standout series in the supernatural genre."
1329,9780000005062,Tokyo Revengers,Ken Wakui,2017,Kodansha,16,5,5,"Tokyo Revengers by Ken Wakui is a time-traveling delinquent manga that follows Takemichi Hanagaki, a young man who discovers the ability to leap back twelve years in time. Determined to prevent the death of his ex-girlfriend and change the course of his life, Takemichi infiltrates and navigates the dangerous world of delinquent gangs. Wakui combines gripping action, suspenseful plot twists, and intricate character dynamics to explore themes of redemption, friendship, loyalty, and the consequences of choices. The artwork vividly portrays intense gang conflicts, emotional moments, and realistic urban settings, immersing readers in the story's tension and drama. Tokyo Revengers is praised for its compelling narrative structure, character development, and ability to blend time-travel elements with the gritty reality of youth delinquency."
1330,9780000005063,Black Lagoon,Rei Hiroe,2002,Shogakukan,16,5,5,"Black Lagoon by Rei Hiroe is an action-packed manga series set in the dangerous and lawless world of Southeast Asian smuggling and piracy. The story follows the Lagoon Company, a group of mercenaries led by Dutch, as they navigate criminal enterprises, confront ruthless adversaries, and survive in a morally ambiguous environment. Hiroe's storytelling blends intense action, complex character interactions, and dark humor, exploring themes of survival, morality, and the blurred lines between good and evil. The artwork features detailed character designs, dynamic combat scenes, and realistic depictions of urban and maritime settings. Black Lagoon is acclaimed for its gripping narrative, well-rounded characters, and ability to balance high-stakes action with nuanced psychological drama."
1331,9780000005064,Paranoia Agent,Satoshi Kon,2002,Kadokawa,16,5,5,"Paranoia Agent by Satoshi Kon is a psychological thriller manga that explores the effects of fear, stress, and urban legend on a modern city. The story centers around the mysterious attacks by ""Lil' Slugger,"" a young assailant wielding a golden bat, and the resulting psychological unraveling of victims and investigators. Kon masterfully blends surrealism, dark humor, and suspense to examine societal pressures, collective paranoia, and the fragility of the human mind. The artwork captures intense emotions, dynamic action, and unsettling atmospheres, complementing the story's psychological depth. Paranoia Agent is highly praised for its innovative storytelling, exploration of human psychology, and ability to create tension while provoking thoughtful reflection on contemporary society."
1333,9780000005066,Death Note: Light Up the New World,Tsugumi Ohba,2016,Shueisha,16,5,5,"Death Note: Light Up the New World by Tsugumi Ohba continues the gripping legacy of the original Death Note series, exploring the consequences of power, morality, and human ambition. Set years after the events of the first series, a new generation encounters mysterious Death Notes that grant the power to kill anyone whose name is written within. Ohba weaves a suspenseful narrative that examines the ethical dilemmas, psychological strategies, and societal impact of possessing god-like authority. Takeshi Obata's illustrations emphasize tense confrontations, dramatic expressions, and dark atmospheres, enhancing the psychological intensity. The series is lauded for its intricate plot, compelling characters, and the thoughtful exploration of justice, morality, and the consequences of absolute power in a morally complex world."
1334,9780000005067,Ajin,Gamon Sakurai,2012,Kodansha,16,5,5,"Ajin by Gamon Sakurai is a dark fantasy manga that follows Kei Nagai, a high school student who discovers he is an Ajin, an immortal being hunted by governments and corporations. The narrative explores themes of survival, identity, morality, and social prejudice, blending thrilling action, suspense, and psychological tension. Sakurai skillfully portrays the complexities of human nature and the ethical dilemmas faced by both Ajin and humans, creating morally ambiguous situations. The artwork emphasizes intense combat, expressive character designs, and dark, atmospheric settings, enhancing the immersive experience. Ajin is praised for its gripping narrative, thought-provoking themes, and a sophisticated exploration of the consequences of immortality and societal fear."
1115,9780000004048,The Mixer,Michael Cox,2017,Harper,11,5,5,"The Mixer by Michael Cox is a detailed exploration of the tactical evolution of football under the management of legendary figures, focusing on how strategy, formation, and managerial philosophy shape team performance. Cox examines historical developments, match analyses, and player management to provide a comprehensive understanding of football tactics. The narrative emphasizes the interplay between innovation, adaptability, and leadership, offering readers insights into why certain teams succeed and others fail. With meticulous research and engaging prose, The Mixer illuminates the complexities of professional football and the strategic thinking behind the beautiful game."
1335,9780000005068,Fruits Basket,Natsuki Takaya,1998,Hakusensha,16,5,5,"Fruits Basket by Natsuki Takaya is a heartwarming and emotional shōjo manga that tells the story of Tohru Honda, a kind-hearted girl who becomes involved with the enigmatic Soma family, who are cursed to transform into animals of the Chinese zodiac when hugged by the opposite sex. The narrative explores themes of acceptance, love, friendship, trauma, and personal growth, blending humor, drama, and romance. Takaya's artwork captures expressive character emotions, charming designs, and nuanced interactions, enhancing the story's emotional depth. Fruits Basket is celebrated for its compelling characters, touching storytelling, and ability to address complex psychological and social issues while maintaining a light-hearted and engaging tone that appeals to a wide audience."
1336,9780000005069,Clannad,Key/Jun Maeda,2004,ASCII Media Works,16,5,5,"Clannad by Key/Jun Maeda is a touching and emotionally resonant manga adaptation of the visual novel series, focusing on Tomoya Okazaki's life in high school and his relationships with family, friends, and classmates. The story explores themes of love, friendship, family, hardship, and personal growth, blending heartwarming moments with deep emotional conflicts. Maeda's narrative combines slice-of-life storytelling with poignant drama and supernatural elements, creating a compelling and immersive experience. The artwork conveys expressive character emotions, detailed settings, and subtle visual cues that enhance the storytelling. Clannad is highly regarded for its emotional impact, well-developed characters, and the ability to resonate with readers through its exploration of human relationships, empathy, and personal transformation."
1337,9780000005070,The Ancient Magus’ Bride,Kore Yamazaki,2013,Mag Garden,16,5,5,"The Ancient Magus’ Bride by Kore Yamazaki is a dark fantasy manga that follows Chise Hatori, a young girl who becomes an apprentice and bride to the mysterious sorcerer Elias Ainsworth. The story explores themes of loneliness, love, self-discovery, and the coexistence of humans and magical creatures in a richly developed fantasy world. Yamazaki skillfully blends emotional character development, enchanting fantasy, and moral dilemmas, creating a narrative that is both heartwarming and haunting. The artwork features detailed character designs, atmospheric settings, and magical elements that enhance the mystical and emotional tone of the story. The Ancient Magus’ Bride is acclaimed for its imaginative storytelling, profound character depth, and the ability to weave romance, fantasy, and drama into a seamless and captivating narrative."
1339,9780000005072,A Silent Voice,Yoshitoki Ōima,2013,Kodansha,16,5,5,"A Silent Voice by Yoshitoki Ōima is a deeply moving manga that addresses themes of bullying, redemption, disability, and personal growth. The story follows Shoya Ishida, a former bully, as he attempts to atone for his past mistreatment of Shoko Nishimiya, a deaf girl he tormented in elementary school. Ōima explores complex emotional landscapes, moral responsibility, and the challenges of communication and empathy in human relationships. The artwork emphasizes subtle facial expressions, body language, and realistic settings, enhancing the story's emotional resonance. A Silent Voice is praised for its sensitive portrayal of mental health, forgiveness, and reconciliation, offering readers a profound reflection on human flaws, resilience, and the power of compassion."
1124,9780000004057,My Autobiography,Alex Ferguson,2013,Hodder,11,5,5,"My Autobiography by Alex Ferguson provides an extensive personal account of Ferguson's life, from his early years to his tenure as one of the most successful football managers in history. The book chronicles his career achievements, management philosophies, relationships with players, and reflections on leadership. Ferguson offers candid stories about triumphs, failures, and the strategic thinking behind Manchester United's enduring success. This autobiography provides inspiration, practical lessons in leadership, and a rare glimpse into the mindset of an iconic sports figure, making it both educational and compelling for readers."
1341,9780000005074,Solanin,Inio Asano,2005,Shogakukan,16,5,5,"Solanin by Inio Asano is a poignant slice-of-life manga that captures the struggles of post-college life, adulthood, and the search for meaning in everyday existence. The story follows Meiko and her friends as they navigate the tension between societal expectations, personal dreams, and the desire for freedom and fulfillment. Asano's narrative combines realistic depictions of contemporary life with subtle symbolism and introspection, exploring themes of love, friendship, ambition, and the anxieties of young adulthood. The artwork emphasizes expressive characters, urban settings, and the subtle nuances of human emotion. Solanin is celebrated for its relatability, emotional depth, and insightful reflection on the challenges and choices that shape modern life."
1343,9780000005076,Noragami: Stray God,Adachitoka,2010,Kodansha,16,5,5,"Noragami: Stray God by Adachitoka is an action-fantasy manga that follows Yato, a minor deity striving for recognition, and his companions Hiyori and Yukine as they battle evil spirits and navigate the complex world of gods and humans. The story explores themes of friendship, redemption, morality, and the struggles of belonging in a supernatural society. Adachitoka combines fast-paced action, heartfelt character development, and elements of humor, creating a narrative that is both entertaining and emotionally resonant. The artwork emphasizes dynamic combat scenes, expressive character designs, and the interplay between the human and divine realms. Noragami is celebrated for its imaginative storytelling, engaging characters, and the successful balance of supernatural action with touching human drama."
1344,9780000005077,Beastars: Complete Edition,Paru Itagaki,2016,Akita Shoten,16,5,5,"Beastars: Complete Edition by Paru Itagaki is a compelling manga series set in a world of anthropomorphic animals, focusing on the complex social dynamics, prejudices, and personal struggles of its characters. Central to the story is Legoshi, a gray wolf, who navigates his predatory instincts, personal desires, and relationships with others, particularly the dwarf rabbit Haru. Itagaki explores themes of identity, societal expectations, morality, love, and self-acceptance. The narrative blends drama, suspense, and psychological depth, offering both intense action and quiet introspection. The artwork features expressive character designs, fluid movement, and detailed backgrounds, enhancing the emotional and thematic weight. Beastars is praised for its innovative storytelling, nuanced characters, and the way it tackles difficult social issues within a unique and engaging setting."
1346,9780000005079,Golden Kamuy,Satoru Noda,2014,Shueisha,16,5,5,"Golden Kamuy by Satoru Noda is a historical adventure manga set in the early 20th century Hokkaido region, following Saichi Sugimoto, a war veteran, and Asirpa, an Ainu girl, as they search for hidden Ainu gold. The story blends action, survival, and cultural exploration, highlighting the traditions, lifestyle, and customs of the Ainu people. Noda skillfully incorporates humor, suspense, and detailed historical research, creating a narrative that is both educational and thrilling. The artwork features realistic character designs, detailed landscapes, and vivid depictions of the natural environment. Golden Kamuy is praised for its engaging storytelling, strong character development, accurate cultural representation, and the seamless combination of adventure, mystery, and history."
1347,9780000005080,Vinland Saga,Makoto Yukimura,2005,Kodansha,16,5,5,"Vinland Saga by Makoto Yukimura is a historical manga set during the Viking Age, following Thorfinn, a young warrior seeking revenge and personal growth amidst the brutality of war. The narrative explores themes of vengeance, honor, redemption, and the meaning of true strength, combining intense action sequences with profound philosophical reflection. Yukimura's storytelling balances historical accuracy with compelling character development, offering an immersive portrayal of Viking culture, politics, and daily life. The artwork emphasizes dynamic battles, expressive character faces, and meticulously detailed environments, enhancing both dramatic tension and narrative depth. Vinland Saga is widely acclaimed for its rich historical context, complex characters, and the thoughtful examination of human ambition, morality, and resilience."
1348,9780000005081,Ajin: Demi-Human,Gamon Sakurai,2012,Kodansha,16,5,5,"Ajin: Demi-Human by Gamon Sakurai is a dark, action-packed manga that follows Kei Nagai, a high school student who discovers he is an immortal being known as an Ajin. The story delves into themes of mortality, humanity, discrimination, and the moral dilemmas that arise when ordinary humans clash with supernaturally immortal beings. Sakurai combines intense, suspenseful action with psychological tension, exploring the fears, motivations, and ethical choices of both Ajin and humans. The artwork features detailed character expressions, dynamic combat sequences, and a realistic urban setting, heightening the story’s dramatic impact. Ajin is praised for its thrilling plot, complex characters, and the thoughtful examination of what it means to be human in extraordinary circumstances."
1349,9780000005082,Chainsaw Man: Complete Edition,Tatsuki Fujimoto,2018,Shueisha,16,5,5,"Chainsaw Man: Complete Edition by Tatsuki Fujimoto is a wildly inventive and darkly humorous manga that follows Denji, a young man with a debt-ridden life, who merges with his pet devil Pochita to become the titular Chainsaw Man. The story combines horror, action, and comedy while exploring themes of poverty, desire, loneliness, friendship, and the human struggle for meaning. Fujimoto's narrative style is fast-paced and unpredictable, blending intense violence with emotional depth and character-driven storytelling. The artwork emphasizes grotesque transformations, dynamic action scenes, and expressive characters, creating a visceral and memorable reading experience. Chainsaw Man is celebrated for its originality, subversive humor, and the way it challenges conventional manga storytelling conventions."
1350,9780000005083,Jujutsu Kaisen: Official Guide,Gege Akutami,2018,Shueisha,16,5,5,"Jujutsu Kaisen: Official Guide by Gege Akutami provides readers with comprehensive insights into the world, characters, and supernatural lore of the Jujutsu Kaisen series. It covers character profiles, detailed backstories, techniques, cursed spirits, and the intricate rules of the jujutsu universe, enriching the understanding of fans and newcomers alike. The guide combines engaging illustrations, exclusive artwork, and in-depth explanations of plot events and battles, offering a complete companion for readers who want to delve deeper into the series. It also provides context for character motivations, relationships, and the thematic elements that Akutami explores throughout the narrative. This guide is praised for its meticulous detail, visual appeal, and value as an essential resource for Jujutsu Kaisen enthusiasts."
1351,9780000005084,Attack on Titan: Guidebook,Hajime Isayama,2010,Kodansha,16,5,5,"Attack on Titan: Guidebook by Hajime Isayama is an authoritative companion to the acclaimed Attack on Titan series, offering readers detailed information on the world, characters, history, and military organizations that shape the narrative. The guidebook explores the complexities of the titans, the political intricacies within the walls, and the backstories of main and supporting characters, providing a rich contextual understanding for fans. It features high-quality illustrations, maps, and exclusive commentary from the creator, deepening engagement with the story's themes of survival, freedom, and human resilience. The guidebook is highly valued for its thoroughness, visual presentation, and its ability to enhance the reading experience of this intense, action-driven manga."
1352,9780000005085,My Hero Academia: Vigilantes,Hideyuki Furuhashi,2016,Shueisha,16,5,5,"My Hero Academia: Vigilantes by Hideyuki Furuhashi is a spin-off manga set in the same universe as the original My Hero Academia series, focusing on the lives of unlicensed heroes who operate outside the formal hero system. The narrative follows Koichi Haimawari and other vigilantes as they tackle crimes, form bonds, and struggle with the moral and ethical challenges of acting without official authorization. Furuhashi explores themes of heroism, justice, individuality, and the consequences of one's actions in a society governed by superpowered individuals. The artwork maintains dynamic fight sequences, expressive character designs, and detailed urban environments, creating a compelling and action-packed reading experience. This series is praised for its exploration of alternative perspectives within the My Hero Academia universe, deep character development, and its engaging, suspenseful storytelling."
1354,9780000005087,Fire Force,Atsushi Ōkubo,2015,Kodansha,16,5,5,"Fire Force by Atsushi Ōkubo is an action-packed, supernatural manga set in a world where spontaneous human combustion causes people to turn into destructive fire monsters known as Infernals. The story follows Shinra Kusakabe, a young pyrokinetic firefighter, as he joins Special Fire Force Company 8 to protect civilians, investigate the phenomenon, and uncover dark conspiracies. Ōkubo combines high-intensity battles, compelling character arcs, and intriguing world-building with humor and emotion. The artwork features dramatic fire effects, detailed character designs, and dynamic action sequences that immerse readers in the perilous world. Fire Force is praised for its unique premise, well-developed characters, exciting plot, and balance of action, suspense, and heartfelt storytelling."
1355,9780000005088,Black Clover: Official Guide,Yuki Tabata,2015,Shueisha,16,5,5,"Black Clover: Official Guide by Yuki Tabata is a comprehensive companion to the Black Clover manga series, providing in-depth information on characters, magical abilities, kingdoms, and story arcs. The guidebook includes detailed profiles, backstories, and exclusive artwork that allows fans to gain a richer understanding of the Clover Kingdom, its magic system, and the relationships among characters. Themes of determination, friendship, rivalry, and overcoming adversity are explored through both narrative context and character analysis. The guide is designed to enrich the reader's appreciation of the series, offering insights into battles, plot developments, and the motivations behind the characters' actions. It is valued for its thoroughness, clarity, and visual presentation, making it an essential resource for Black Clover enthusiasts."
1356,9780000005089,Blue Exorcist: Official Guide,Kazue Kato,2009,Shueisha,16,5,5,"Blue Exorcist: Official Guide by Kazue Kato is an extensive reference for fans of the Blue Exorcist series, detailing character profiles, demon lore, magical techniques, and key story events. The guide provides a deep dive into the narrative, offering insights into character motivations, the exorcist hierarchy, and the supernatural rules governing the series. It features exclusive illustrations, maps, and explanations that enhance the reader's understanding of the plot and the world of exorcism. Themes such as family, morality, personal growth, and the battle between good and evil are examined in depth. This official guide is celebrated for its clarity, comprehensiveness, and value as a resource for both new readers and long-time fans."
1357,9780000005090,Tokyo Revengers: Official Guide,Ken Wakui,2017,Kodansha,16,5,5,"Tokyo Revengers: Official Guide by Ken Wakui is a detailed companion to the Tokyo Revengers manga series, offering readers comprehensive information about characters, gangs, timelines, and key events. The guidebook explores the complex relationships, motivations, and conflicts among the members of various Tokyo gangs, while providing insights into the series' themes of friendship, loyalty, redemption, and the consequences of choices. Wakui's guide includes exclusive artwork, timelines, and summaries that enhance the reader's understanding of the story's intricate plot, including its time-travel elements and character development. It is highly valued for its depth, visual appeal, and ability to enrich the experience of Tokyo Revengers fans."
1358,9780000005091,Black Lagoon: Official Guide,Rei Hiroe,2002,Shogakukan,16,5,5,"Black Lagoon: Official Guide by Rei Hiroe is a comprehensive companion to the Black Lagoon manga series, providing detailed information on the characters, factions, criminal organizations, weapons, and key events in the story. It explores the morally ambiguous world of mercenaries and pirates in Southeast Asia, where the line between right and wrong is blurred. The guide includes character profiles, tactical analyses, maps of important locations, and exclusive artwork, helping readers gain deeper insight into the motivations, relationships, and backstories of both protagonists and antagonists. Themes of loyalty, survival, greed, and the harsh realities of the criminal underworld are examined in detail, making this guide an essential resource for fans seeking to fully appreciate the complex narrative and intense action sequences of Black Lagoon."
1360,9780000005093,Monster: Complete Edition,Naoki Urasawa,1994,Shogakukan,16,5,5,"Monster: Complete Edition by Naoki Urasawa is an acclaimed psychological thriller manga that follows Dr. Kenzo Tenma, a talented neurosurgeon whose life is upended after he saves the life of a young boy who grows up to become a dangerous serial killer. The narrative explores themes of morality, justice, the value of human life, and the psychological impact of choices. Urasawa weaves an intricate plot with suspenseful twists, detailed character development, and a realistic European setting, drawing readers into a tense and immersive world. The manga is celebrated for its complex characters, moral ambiguity, and the philosophical questions it raises about good, evil, and the consequences of human actions. Its complete edition presents the story in a cohesive, uninterrupted form that enhances the reader's understanding of this masterful work."
1361,9780000005094,20th Century Boys: Complete Edition,Naoki Urasawa,1999,Shogakukan,16,5,5,"20th Century Boys: Complete Edition by Naoki Urasawa is an epic, multi-layered manga series that follows a group of childhood friends who must confront a mysterious cult led by a figure known as ""Friend."" Spanning decades, the story blends mystery, science fiction, and political intrigue while exploring themes of friendship, memory, power, and the nature of heroism. Urasawa's storytelling intricately connects past and present, revealing how the characters' childhood experiences influence the events that unfold in adulthood. The artwork is detailed and cinematic, enhancing tension, emotion, and world-building. This complete edition offers readers the full narrative arc in a seamless format, providing a profound and engaging experience for fans of suspenseful, thought-provoking manga."
1362,9780000005095,The Ghost in the Shell: Stand Alone Complex,Masamune Shirow,1989,Kodansha,16,5,5,"The Ghost in the Shell: Stand Alone Complex by Masamune Shirow is a definitive manga that explores a cyberpunk future where cybernetics, artificial intelligence, and cybercrime dominate society. The story follows Major Motoko Kusanagi and Public Security Section 9 as they tackle technological threats and philosophical dilemmas about identity, consciousness, and the relationship between humanity and machines. The manga combines high-stakes action with deep intellectual exploration, including themes of ethics, politics, and the implications of a technologically interconnected world. Shirow's detailed artwork, intricate mechanical designs, and dynamic action scenes immerse readers in a futuristic, high-tech environment. This edition is praised for its complexity, intellectual depth, and influential vision of cyberpunk storytelling."
1363,9780000005096,Erased: Complete Edition,Kei Sanbe,2012,Kadokawa,16,5,5,"Erased: Complete Edition by Kei Sanbe is a gripping suspense and time-travel manga that follows Satoru Fujinuma, a young man with the ability to travel back in time to prevent tragedies. When his mother is murdered, he is sent back 18 years to his childhood to prevent a series of kidnappings and murders that occurred in his town. Sanbe masterfully combines mystery, psychological tension, and emotional storytelling, exploring themes of trauma, responsibility, friendship, and the innocence of childhood. The artwork conveys both intensity and subtle emotion, enhancing suspenseful moments and character interactions. The complete edition presents the story in a cohesive and continuous format, allowing readers to fully experience the intricacy, emotional depth, and thrilling narrative of Erased."
1364,9780000005097,Chainsaw Man: Official Guide,Tatsuki Fujimoto,2018,Shueisha,16,5,5,"Chainsaw Man: Official Guide by Tatsuki Fujimoto is an authoritative companion to the Chainsaw Man series, offering detailed information on characters, abilities, devils, story arcs, and the world's rules. The guide provides insight into Denji's journey, the relationships between key characters, and the moral dilemmas faced in a world full of violence, dark humor, and chaos. Fujimoto's illustrations, character sketches, and exclusive artwork bring the story to life, while in-depth explanations of powers and devils enhance readers' understanding of the manga's complex narrative. Themes of survival, desire, loneliness, and the pursuit of meaning are examined, making the guide an invaluable resource for both fans and newcomers who want a deeper appreciation of this highly original series."
1365,9780000005098,Dr. Stone: Official Guide,Riichiro Inagaki,2017,Shueisha,16,5,5,"Dr. Stone: Official Guide by Riichiro Inagaki is a detailed companion to the Dr. Stone manga series, providing comprehensive information on characters, scientific inventions, techniques, and plot events. The guide explores Senku Ishigami's scientific endeavors, the rebuilding of civilization after a mysterious petrification event, and the challenges faced by humanity in a world devoid of modern technology. Inagaki's guide combines character profiles, scientific explanations, maps, and exclusive artwork, allowing readers to understand both the narrative and the scientific principles featured. Themes of ingenuity, teamwork, discovery, and perseverance are highlighted, making this official guide an essential resource for fans seeking a deeper appreciation of the story's educational and entertainment value."
1367,9780000005100,Fun Home: Complete Edition,Alison Bechdel,2006,Houghton Mifflin,16,5,5,"Fun Home: Complete Edition by Alison Bechdel is a critically acclaimed graphic memoir that chronicles Bechdel's childhood, family relationships, and coming-of-age experiences. The narrative explores themes of identity, sexuality, grief, and the complexities of family dynamics, particularly focusing on her relationship with her father and his hidden life. Bechdel's detailed artwork, careful panel composition, and expressive illustrations bring depth and emotion to the memoir. The complete edition offers readers the full, unabridged narrative, allowing a thorough exploration of her personal story and the social, psychological, and literary themes it encompasses. Fun Home is celebrated for its literary merit, visual storytelling, and profound emotional impact."
1096,9780000004029,Federer,Christopher Clarey,2021,Twelve,11,5,5,"Federer by Christopher Clarey is an in-depth biography of tennis legend Roger Federer, exploring his rise from a young Swiss talent to one of the greatest players in the history of the sport. Clarey provides a meticulous account of Federer's training, competitive mindset, and personal life, illustrating the dedication, discipline, and resilience required to achieve sustained success at the highest level. The book delves into Federer's Grand Slam victories, his rivalries with Nadal and Djokovic, and his influence on modern tennis, both on and off the court. Readers gain insight into the psychology of elite performance, the challenges of balancing fame and personal life, and the artistry of Federer's gameplay. Rich with anecdotes, interviews, and behind-the-scenes details, this biography paints a vivid portrait of a sports icon whose legacy transcends tennis."
1097,9780000004030,The Test of My Life,Yuvraj Singh,2013,Random House,11,5,5,"The Test of My Life by Yuvraj Singh is a compelling memoir of one of cricket's most celebrated players, chronicling his journey from a young prodigy to an international cricket star. Yuvraj shares candid reflections on his triumphs, including match-winning performances, and the severe health challenges he faced, notably his battle with cancer. The narrative provides insight into the discipline, mental strength, and perseverance required to perform at the top level while navigating personal and professional adversity. Singh's story highlights the human aspects of sports, the importance of family and mentorship, and the emotional rollercoaster of professional cricket. Readers are offered an authentic, inspiring look into the life of a sportsman who overcame incredible obstacles to leave a lasting legacy."
1098,9780000004031,No Easy Day,Mark Owen,2012,Dutton,11,5,5,"No Easy Day by Mark Owen is a riveting first-person account of the Navy SEAL mission that led to the death of Osama bin Laden. Owen offers a detailed narrative of training, planning, and executing one of the most high-stakes operations in modern military history. The book provides insight into SEAL culture, teamwork, tactical decision-making, and the personal challenges of life in special operations. With vivid storytelling and precise attention to operational details, readers gain an understanding of both the physical demands and psychological pressures of elite military missions. This firsthand account is praised for its authenticity, suspense, and the rare glimpse it provides into one of the most critical missions of contemporary times."
1099,9780000004032,Lone Survivor,Marcus Luttrell,2007,Little Brown,11,5,5,"Lone Survivor by Marcus Luttrell is a gripping memoir detailing the harrowing events of Operation Red Wings, in which Luttrell and his team faced extreme challenges during a mission in Afghanistan. The book recounts the intense combat, strategic planning, and survival instincts required in life-threatening circumstances. Luttrell's narrative delves into the bonds between team members, the impact of loyalty and courage under fire, and the personal and psychological toll of warfare. Beyond the battlefield, the memoir offers reflection on resilience, family support, and the values that guide soldiers in the most extreme situations. Rich in vivid detail and emotion, Lone Survivor is both an inspirational and sobering account of heroism and sacrifice."
1100,9780000004033,American Sniper,Chris Kyle,2012,Morrow,11,5,5,"American Sniper by Chris Kyle is the autobiography of the United States Navy SEAL sniper, offering an intimate look at his experiences in Iraq and the personal cost of war. Kyle describes the intense training, battlefield scenarios, and the mental and emotional demands of being a sniper. The narrative explores themes of duty, patriotism, sacrifice, and the challenges of reintegration into civilian life. Through detailed accounts of missions, camaraderie with fellow soldiers, and interactions with enemies, readers gain a deep understanding of the realities of modern warfare. The book also highlights the moral and ethical dilemmas faced in combat and the psychological effects of prolonged exposure to high-stress, life-or-death situations, making it a compelling and authentic memoir."
1101,9780000004034,The Art of Resilience,Ross Edgley,2018,Harper,11,5,5,"The Art of Resilience by Ross Edgley is an inspiring exploration of physical and mental endurance, drawing on the author's record-breaking feats of strength, swimming, and adventure. Edgley combines personal anecdotes with scientific research to offer readers strategies for pushing human limits, understanding fatigue, recovery, and the psychology of resilience. The book emphasizes the interplay between body and mind, providing practical advice for athletes, adventurers, and anyone seeking to improve performance or overcome challenges. Through vivid storytelling and evidence-based insights, Edgley demonstrates how determination, preparation, and adaptability can empower individuals to achieve extraordinary goals, both in sports and everyday life."
1102,9780000004035,The World’s Fittest Book,Ross Edgley,2018,Harper,11,5,5,"The World’s Fittest Book by Ross Edgley is a comprehensive guide to extreme fitness, combining the author's personal adventures with practical training and nutrition advice. Edgley shares lessons from his endurance swims, ultra-distance challenges, and strength feats, emphasizing holistic approaches to strength, stamina, and mental toughness. Readers are offered actionable strategies for improving physical fitness, managing recovery, and optimizing performance while also gaining insight into the mindset required to tackle extreme challenges. The book is celebrated for its engaging storytelling, scientific rigor, and ability to inspire readers to push their own boundaries while appreciating the limits and potential of the human body."
1104,9780000004037,Endure,Alex Hutchinson,2018,Harper,11,5,5,"Endure by Alex Hutchinson explores the science and psychology behind human endurance and performance, blending research, interviews, and personal experiences to understand what allows elite athletes to push beyond perceived limits. The book examines physiological, psychological, and environmental factors that impact performance, offering insights into training, mental resilience, and peak performance strategies. Hutchinson provides compelling examples from running, cycling, swimming, and other endurance sports, making complex scientific concepts accessible to readers. The narrative encourages a holistic approach to understanding human potential, emphasizing that both mind and body play crucial roles in endurance achievements."
1105,9780000004038,Good to Go,Christie Aschwanden,2019,Norton,11,5,5,"Good to Go by Christie Aschwanden is a comprehensive exploration of the science of recovery for athletes, combining evidence-based research with practical strategies for optimizing rest, nutrition, sleep, and training. Aschwanden addresses the physiological mechanisms behind fatigue, the role of different recovery methods, and the impact of lifestyle factors on performance and health. The book is accessible yet detailed, making it valuable for professional athletes, fitness enthusiasts, and anyone seeking to enhance physical performance while reducing the risk of injury. Through scientific insights and engaging storytelling, Good to Go emphasizes that recovery is as essential as training in achieving sustained athletic success."
1108,9780000004041,The Secret Race,Tyler Hamilton,2012,Bantam,11,5,5,"The Secret Race by Tyler Hamilton, with co-author Daniel Coyle, is an exposé of professional cycling, revealing the hidden world of doping, ethics, and competition. Hamilton shares his experiences competing at the highest level, including victories and controversies, providing insight into the pressures and moral dilemmas faced by elite athletes. The narrative examines physiological challenges, training regimens, and the psychological impact of maintaining a competitive edge in a sport plagued by performance-enhancing drug use. With candid storytelling, scientific context, and personal reflection, The Secret Race illuminates the complexities of professional cycling and the pursuit of excellence in a high-stakes environment."
1109,9780000004042,Seven Deadly Sins,David Walsh,2012,Simon & Schuster,11,5,5,"Seven Deadly Sins by David Walsh is a meticulous investigation into the pervasive use of performance-enhancing drugs in professional cycling, particularly focusing on Lance Armstrong and the culture of doping that dominated the sport. Walsh presents evidence, interviews, and analyses that expose the ethical, physiological, and psychological dimensions of cheating in elite competition. The book offers insight into the pressures athletes face, the mechanisms of doping, and the implications for sports integrity and public trust. Through comprehensive research and narrative storytelling, Seven Deadly Sins encourages reflection on fairness, responsibility, and the moral complexities of high-performance athletics."
1111,9780000004044,Running with the Kenyans,Adharanand Finn,2012,Ballantine,11,5,5,"Running with the Kenyans by Adharanand Finn is an immersive exploration of the culture, training methods, and lifestyles that have produced some of the world's greatest distance runners. Finn travels to Kenya to live and train with elite athletes, gaining insight into their routines, diets, mental approaches, and social influences. The book combines personal experience, interviews, and observational research, offering readers a detailed understanding of what makes Kenyan runners extraordinary. Themes of discipline, community, motivation, and cultural context are woven throughout, making it both informative and inspirational for runners and sports enthusiasts seeking to learn from global exemplars."
1112,9780000004045,What I Talk About When I Talk About Running,Haruki Murakami,2007,Knopf,11,5,5,"What I Talk About When I Talk About Running by Haruki Murakami is a reflective memoir in which the acclaimed novelist shares his experiences with long-distance running and its influence on his life and writing. Murakami explores the discipline, solitude, and mental resilience required to maintain a rigorous running routine while balancing creative work. The narrative blends personal anecdotes, philosophical reflections, and insights into training, endurance, and goal-setting. Readers gain a unique perspective on the parallels between artistic creation and athletic persistence, making the memoir a contemplative and inspiring examination of personal growth, health, and dedication."
1114,9780000004047,Soccernomics,Simon Kuper,2009,Nation Books,11,5,5,"Soccernomics by Simon Kuper provides a unique analysis of the business, economics, and statistical trends shaping modern soccer. Kuper examines how clubs operate, talent is developed, matches are strategized, and financial decisions influence outcomes. Drawing on research, data analysis, and case studies, Soccernomics explores patterns behind success and failure in football, the role of analytics, and broader socio-economic implications. Readers gain insight into player recruitment, management decisions, and the global evolution of the sport. The book blends engaging storytelling with rigorous analysis, making it accessible to both football fans and those interested in sports economics and organizational strategy."
1117,9780000004050,Pep Confidential,Marti Perarnau,2014,Nation Books,11,5,5,"Pep Confidential by Marti Perarnau offers a behind-the-scenes look at Pep Guardiola's methods, tactics, and philosophies during his managerial tenure, providing insights into team dynamics, leadership style, and innovative strategies. The book details training routines, match preparations, and in-game decision-making, offering a rare glimpse into the workings of one of football's most successful managers. Readers gain understanding of tactical nuances, player development, and the psychological aspects of elite team management. Perarnau's account is informed by interviews, observations, and in-depth analysis, making it a valuable resource for coaches, players, and fans seeking to comprehend modern football excellence."
1118,9780000004051,Barca,Jimmy Burns,2011,Simon & Schuster,11,5,5,"Barca by Jimmy Burns is an authoritative history of FC Barcelona, exploring the club's sporting achievements, political context, and cultural significance. Burns examines the club's philosophy, including its emphasis on youth development, attacking style, and commitment to Catalan identity. The book delves into the historical, social, and organizational factors that have shaped Barcelona, providing context for its successes and challenges. Through interviews, archival research, and tactical analysis, readers gain insight into the club's enduring legacy, iconic players, and influence on global football. Barca is both a historical account and a celebration of the ideals and values associated with one of the world's most renowned football clubs."
1119,9780000004052,The Ball is Round,David Goldblatt,2006,Riverhead,11,5,5,"The Ball is Round by David Goldblatt is a comprehensive analysis of global football, examining how history, culture, economics, and politics intersect with the sport. Goldblatt explores club histories, player development, tactical evolution, and the societal impact of football in various regions. The book offers a macro-level understanding of the game, highlighting patterns and trends that have influenced modern football. Readers gain insight into the sport's complexity, the interplay between cultural identity and sporting achievement, and the factors that shape both domestic and international football. The Ball is Round is praised for its breadth, depth, and scholarly yet accessible approach."
1120,9780000004053,Football Against the Enemy,Simon Kuper,1994,Nation Books,11,5,5,"Football Against the Enemy by Simon Kuper is an engaging exploration of football as a lens to understand global politics, culture, and social dynamics. Kuper examines how the sport reflects national identities, societal conflicts, and historical developments, providing vivid examples from countries around the world. The narrative combines travelogue, interviews, and analytical commentary to reveal the complex interplay between football and broader societal trends. Readers gain both entertainment and education, understanding the ways in which sport can illuminate human behavior, political power, and cultural expression."
1121,9780000004054,Fever Pitch,Nick Hornby,1992,Penguin,11,5,5,"Fever Pitch by Nick Hornby is a celebrated memoir that examines the passionate world of football fandom, blending personal anecdotes, humor, and social commentary. Hornby captures the emotional highs and lows of supporting Arsenal, reflecting on the impact of sport on identity, relationships, and daily life. The narrative explores themes of obsession, loyalty, and the cultural significance of football, while providing insights into the psychology of fans and the social dynamics surrounding the game. Fever Pitch is recognized for its wit, relatability, and vivid portrayal of the intersection between personal experience and sporting culture."
1122,9780000004055,Red,Gary Neville,2011,Bantam,11,5,5,"Red by Gary Neville is a personal account of the former Manchester United player's experiences in football, offering insights into professional sport, team dynamics, and leadership. Neville shares stories from his playing career, tactical understanding, and reflections on football management. The book explores the discipline, strategy, and mental approach necessary for high-level competition, providing lessons applicable both on and off the pitch. Red combines biography, technical insight, and personal reflection, appealing to fans and aspiring athletes interested in the inner workings of professional football."
1125,9780000004058,The Second Half,Roy Keane,2014,Orion,11,5,5,"The Second Half by Roy Keane is an in-depth memoir of one of football's most formidable midfielders, offering readers a candid look at his career, mindset, and experiences on and off the pitch. Keane reflects on his early development, his rise to prominence at Manchester United, and the leadership qualities that defined his playing style. The book delves into his intense approach to training, tactical understanding, and the psychological aspects of competing at the highest level. Through anecdotes, personal reflections, and insights into team dynamics, Keane examines themes of discipline, resilience, passion, and the drive to succeed. Readers also gain a behind-the-scenes perspective on key matches, rivalries, and the challenges of balancing personal life with professional obligations, making it a compelling account of life at the top of elite football."
1126,9780000004059,I Think Therefore I Play,Andrea Pirlo,2013,BackPage,11,5,5,"I Think Therefore I Play by Andrea Pirlo is a revealing account of the legendary Italian midfielder's philosophy, technique, and career. Pirlo shares insights into his approach to the game, emphasizing intelligence, vision, and composure over sheer physicality. The book covers his formative years, experiences at top clubs like AC Milan and Juventus, and his contributions to Italy's national team successes, including the 2006 World Cup. Pirlo also explores the mental and emotional dimensions of elite football, detailing how decision-making, creativity, and strategy influence outcomes on the field. Rich with personal anecdotes, tactical analysis, and reflections on leadership, this book offers both inspiration and practical lessons for aspiring players and football enthusiasts."
1127,9780000004060,Cristiano Ronaldo,Guillem Balague,2015,Orion,11,5,5,"Cristiano Ronaldo by Guillem Balague is a definitive biography of one of football's most iconic and accomplished athletes. Balague chronicles Ronaldo's journey from a young boy in Madeira to a global superstar, highlighting his extraordinary talent, relentless work ethic, and unyielding drive for success. The book examines Ronaldo's achievements with club and country, including multiple Champions League titles and European Championships, while also delving into his training regimen, mental resilience, and approach to personal branding. Through interviews, anecdotes, and detailed analysis of matches and performances, readers gain a comprehensive understanding of what has made Ronaldo one of the most influential figures in modern football. Beyond statistics, the biography explores his character, leadership, and influence on and off the pitch, providing an inspiring account of dedication and ambition."
1128,9780000004061,Messi,Guillem Balague,2013,Orion,11,5,5,"Messi by Guillem Balague is an authoritative biography of Lionel Messi, exploring his extraordinary career, playing style, and personal journey from Rosario, Argentina to international stardom. Balague delves into Messi's early life, challenges, and the factors that shaped his talent, including his technical skills, vision, agility, and work ethic. The book covers his successes with FC Barcelona, including numerous La Liga and Champions League titles, as well as his impact on the Argentine national team. Readers gain insight into Messi's psychological approach, humility, leadership, and resilience, as well as the dedication and discipline that underpin his enduring excellence. Rich in interviews, match analysis, and personal anecdotes, this biography offers an inspiring and comprehensive portrait of one of football's greatest players."
1129,9780000004062,The Rise of Kobe Bryant,Mike Sielski,2022,St. Martin's,11,5,5,"The Rise of Kobe Bryant by Mike Sielski is a detailed account of the life and career of the legendary basketball player, tracing his journey from a young prodigy to an NBA icon. Sielski explores Bryant's dedication, competitiveness, and relentless pursuit of excellence, providing insight into his training habits, mental toughness, and approach to teamwork and leadership. The book examines key moments of his career, including championship victories, personal challenges, and the evolution of his playing style. Through interviews, personal stories, and analysis of his performances, readers gain a deep understanding of Bryant's influence on the game of basketball, his impact on teammates and fans, and the principles that guided his legendary work ethic and legacy both on and off the court."
